operator_id,region,tamano_facility,tipo_data_center,lat_p1_minutos_cooling,lat_p2_minutos_energia,lat_p3_automatizacion,lat_score,vis_p1_cantidad_sistemas,vis_p2_frecuencia_consolidacion,vis_p3_acceso_vista_unificada,vis_score,atr_p1_interfaz,atr_p2_respaldo,atr_p3_vigencia,atr_score,auto_p1_capacidad_instalada_mw,auto_p2_capacidad_utilizable_mw,auto_pct_varada_calculado,auto_p3_frecuencia_remedicion,auto_score,blk_p1_seleccionados,blk_p1_cantidad,blk_p2_severidad,blk_score
SYN-00001,Norteamerica,<1MW,Enterprise,96,1357,"Automatizado, sin intervencion humana",58.33,3,Tiempo real / continuo,Solo un rol consolida manualmente,61.0,Cooling<->Workload,"Si, con reporte o medicion concreta",Se revisa activamente con cada cambio relevante,100.0,,,,Anual,16.5,Presupuesto; Falta de personal capacitado,2,Bloqueante estructural,16.5
SYN-00002,Latinoamerica,5-20MW,Enterprise,54,84,Reporte periodico + revision manual,52.67,3,Semanal,Solo un rol consolida manualmente,44.33,Energia<->Cooling,"Solo estimacion aproximada, sin registro formal",Se revisa activamente con cada cambio relevante,75.0,,,,Continuamente / en tiempo real,50.0,Presupuesto,1,"Obstaculo moderado, resoluble con esfuerzo",67.0
SYN-00003,Norteamerica,<1MW,Colocation,404,1854,Reporte periodico + revision manual,19.33,3,Nunca se cruza la informacion,Solo un rol consolida manualmente,27.67,Energia<->Cooling,"No, es una apreciacion sin evidencia registrada",Nunca se reviso desde la percepcion inicial,0.0,,,,Continuamente / en tiempo real,50.0,Falta de herramientas tecnicas,1,"Obstaculo moderado, resoluble con esfuerzo",67.0
SYN-00004,Medio Oriente/Africa,1-5MW,Enterprise,1670,69,No hay proceso definido,16.67,3,Diario,Cada equipo ve solo su capa,36.0,Cooling<->Workload,"No, es una apreciacion sin evidencia registrada",Se revisa periodicamente (ej. anual),25.0,,,,Nunca se remidio,0.0,Falta de autoridad/politica interna; Falta de herramientas tecnicas,2,"Obstaculo fuerte, poco probable en el corto plazo",33.0
SYN-00005,Medio Oriente/Africa,>20MW,Edge,96,427,No hay proceso definido,25.0,4,Diario,Solo un rol consolida manualmente,41.67,Workload<->Energia,"No, es una apreciacion sin evidencia registrada",Se revisa periodicamente (ej. anual),25.0,,,,Anual,16.5,Presupuesto,1,"Obstaculo moderado, resoluble con esfuerzo",67.0
SYN-00006,Medio Oriente/Africa,5-20MW,Enterprise,33,6,No hay proceso definido,50.0,4,Semanal,Cada equipo ve solo su capa,16.67,Energia<->Cooling,"No, es una apreciacion sin evidencia registrada",Nunca se reviso desde la percepcion inicial,0.0,,,,Nunca se remidio,0.0,Falta de autoridad/politica interna,1,Bloqueante estructural,33.5
SYN-00007,Medio Oriente/Africa,<1MW,Enterprise,470,2700,"Alertas automaticas, accion manual",30.67,2,Mensual o mas espaciado,Cualquier responsable puede verlas juntas,64.0,Workload<->Energia,"No, es una apreciacion sin evidencia registrada",Nunca se reviso desde la percepcion inicial,0.0,,,,Trimestral o semestral,33.5,Falta de herramientas tecnicas,1,"Obstaculo fuerte, poco probable en el corto plazo",50.0
SYN-00008,Europa,1-5MW,Enterprise,232,1138,No hay proceso definido,25.0,3,Semanal,Cualquier responsable puede verlas juntas,61.0,Energia<->Cooling,"No, es una apreciacion sin evidencia registrada",Nunca se reviso desde la percepcion inicial,0.0,43.05,32.16,25.3,Continuamente / en tiempo real,100.0,Presupuesto; Falta de herramientas tecnicas,2,"Obstaculo fuerte, poco probable en el corto plazo",33.0
SYN-00009,Medio Oriente/Africa,>20MW,Colocation,1074,12,No hay proceso definido,33.33,3,Semanal,Cada equipo ve solo su capa,27.67,Energia<->Cooling,"No, es una apreciacion sin evidencia registrada",Nunca se reviso desde la percepcion inicial,0.0,44.24,33.81,23.58,Nunca se remidio,50.0,Presupuesto; Falta de autoridad/politica interna; Falta de personal capacitado,3,"Obstaculo moderado, resoluble con esfuerzo",33.5
SYN-00010,Latinoamerica,1-5MW,Hyperscale,201,47,No hay proceso definido,41.67,4,Nunca se cruza la informacion,Cada equipo ve solo su capa,0.0,Workload<->Energia,"Solo estimacion aproximada, sin registro formal",Se revisa periodicamente (ej. anual),50.0,25.26,17.74,29.77,Nunca se remidio,50.0,Presupuesto,1,Bloqueante estructural,33.5
SYN-00011,Medio Oriente/Africa,>20MW,Colocation,19,3813,No hay proceso definido,25.0,1,Semanal,Cualquier responsable puede verlas juntas,83.33,Cooling<->Workload,"No, es una apreciacion sin evidencia registrada",Se revisa periodicamente (ej. anual),25.0,31.45,23.49,25.31,Nunca se remidio,50.0,Presupuesto; Falta de autoridad/politica interna,2,Bloqueante estructural,16.5
SYN-00012,Medio Oriente/Africa,1-5MW,Hyperscale,1099,1398,Reporte periodico + revision manual,27.67,4,Semanal,Cada equipo ve solo su capa,16.67,Energia<->Cooling,"Solo estimacion aproximada, sin registro formal",Nunca se reviso desde la percepcion inicial,25.0,,,,Anual,16.5,Falta de autoridad/politica interna,1,Bloqueante estructural,33.5
SYN-00013,Norteamerica,1-5MW,Enterprise,28,2441,Reporte periodico + revision manual,36.0,2,Nunca se cruza la informacion,Cada equipo ve solo su capa,22.33,Workload<->Energia,"No, es una apreciacion sin evidencia registrada",Nunca se reviso desde la percepcion inicial,0.0,49.39,40.06,18.89,Nunca se remidio,50.0,Presupuesto; Falta de autoridad/politica interna; Falta de herramientas tecnicas,3,"Obstaculo moderado, resoluble con esfuerzo",33.5
SYN-00014,Medio Oriente/Africa,1-5MW,Enterprise,223,3511,Reporte periodico + revision manual,27.67,4,Nunca se cruza la informacion,Cualquier responsable puede verlas juntas,33.33,Cooling<->Workload,"Solo estimacion aproximada, sin registro formal",Se revisa activamente con cada cambio relevante,75.0,,,,Nunca se remidio,0.0,Presupuesto,1,No es un bloqueante real,83.5
SYN-00015,Norteamerica,1-5MW,Hyperscale,3826,1121,"Alertas automaticas, accion manual",30.67,2,Nunca se cruza la informacion,Cada equipo ve solo su capa,22.33,Workload<->Energia,"No, es una apreciacion sin evidencia registrada",Se revisa periodicamente (ej. anual),25.0,7.96,5.27,33.79,Nunca se remidio,50.0,Falta de personal capacitado,1,Bloqueante estructural,33.5
SYN-00016,Europa,1-5MW,Edge,5,3127,No hay proceso definido,33.33,4,Nunca se cruza la informacion,Solo un rol consolida manualmente,16.67,Workload<->Energia,"Si, con reporte o medicion concreta",Nunca se reviso desde la percepcion inicial,50.0,,,,Trimestral o semestral,33.5,"Nada, podriamos resolverlo",0,No es un bloqueante real,100.0
SYN-00017,Europa,1-5MW,Hyperscale,1057,78,No hay proceso definido,25.0,2,Mensual o mas espaciado,Solo un rol consolida manualmente,47.33,No sabria decir,No aplica,No aplica,0.0,,,,Nunca se remidio,0.0,Presupuesto; Falta de herramientas tecnicas,2,"Obstaculo moderado, resoluble con esfuerzo",50.0
SYN-00018,Norteamerica,>20MW,Enterprise,883,191,"Alertas automaticas, accion manual",47.33,4,Diario,Cualquier responsable puede verlas juntas,58.33,Cooling<->Workload,"Solo estimacion aproximada, sin registro formal",Nunca se reviso desde la percepcion inicial,25.0,,,,Nunca se remidio,0.0,Falta de autoridad/politica interna,1,Bloqueante estructural,33.5
SYN-00019,Medio Oriente/Africa,5-20MW,Hyperscale,856,1077,Reporte periodico + revision manual,27.67,3,Mensual o mas espaciado,Solo un rol consolida manualmente,36.0,Workload<->Energia,"Solo estimacion aproximada, sin registro formal",Nunca se reviso desde la percepcion inicial,25.0,35.01,31.54,9.91,Anual,66.5,Presupuesto,1,"Obstaculo fuerte, poco probable en el corto plazo",50.0
SYN-00020,Europa,>20MW,Colocation,822,927,"Automatizado, sin intervencion humana",50.0,4,Semanal,Solo un rol consolida manualmente,33.33,Workload<->Energia,"Si, con reporte o medicion concreta",Se revisa activamente con cada cambio relevante,100.0,,,,Nunca se remidio,0.0,"Nada, podriamos resolverlo",0,No es un bloqueante real,100.0
SYN-00021,Latinoamerica,>20MW,Edge,228,459,No hay proceso definido,25.0,2,Nunca se cruza la informacion,Cada equipo ve solo su capa,22.33,Cooling<->Workload,"No, es una apreciacion sin evidencia registrada",Nunca se reviso desde la percepcion inicial,0.0,9.73,6.72,30.94,Anual,66.5,Presupuesto,1,"Obstaculo fuerte, poco probable en el corto plazo",50.0
SYN-00022,Medio Oriente/Africa,>20MW,Edge,3385,747,No hay proceso definido,8.33,2,Nunca se cruza la informacion,Solo un rol consolida manualmente,39.0,Energia<->Cooling,"Solo estimacion aproximada, sin registro formal",Nunca se reviso desde la percepcion inicial,25.0,21.48,16.1,25.05,Trimestral o semestral,83.5,Presupuesto; Falta de autoridad/politica interna; Falta de herramientas tecnicas,3,"Obstaculo moderado, resoluble con esfuerzo",33.5
SYN-00023,Latinoamerica,>20MW,Hyperscale,168,210,No hay proceso definido,33.33,1,Nunca se cruza la informacion,Cada equipo ve solo su capa,33.33,Cooling<->Workload,"No, es una apreciacion sin evidencia registrada",Se revisa periodicamente (ej. anual),25.0,,,,Nunca se remidio,0.0,"Nada, podriamos resolverlo",0,No es un bloqueante real,100.0
SYN-00024,Europa,>20MW,Colocation,185,2,No hay proceso definido,50.0,4,Mensual o mas espaciado,Cada equipo ve solo su capa,8.33,No sabria decir,No aplica,No aplica,0.0,,,,Anual,16.5,Falta de personal capacitado,1,"Obstaculo fuerte, poco probable en el corto plazo",50.0
SYN-00025,Latinoamerica,1-5MW,Hyperscale,144,144,Reporte periodico + revision manual,44.33,4,Semanal,Cada equipo ve solo su capa,16.67,Cooling<->Workload,"No, es una apreciacion sin evidencia registrada",Se revisa periodicamente (ej. anual),25.0,,,,Continuamente / en tiempo real,50.0,Falta de autoridad/politica interna; Falta de herramientas tecnicas,2,No es un bloqueante real,66.5
SYN-00026,Norteamerica,1-5MW,Colocation,3985,14,Reporte periodico + revision manual,36.0,2,Nunca se cruza la informacion,Solo un rol consolida manualmente,39.0,Energia<->Cooling,"Solo estimacion aproximada, sin registro formal",Nunca se reviso desde la percepcion inicial,25.0,,,,Nunca se remidio,0.0,Falta de autoridad/politica interna,1,Bloqueante estructural,33.5
SYN-00027,Medio Oriente/Africa,>20MW,Edge,2253,50,No hay proceso definido,25.0,2,Mensual o mas espaciado,Solo un rol consolida manualmente,47.33,Workload<->Energia,"No, es una apreciacion sin evidencia registrada",Nunca se reviso desde la percepcion inicial,0.0,,,,Continuamente / en tiempo real,50.0,Presupuesto; Falta de herramientas tecnicas,2,No es un bloqueante real,66.5
SYN-00028,Latinoamerica,>20MW,Hyperscale,153,1182,No hay proceso definido,25.0,3,Mensual o mas espaciado,Cada equipo ve solo su capa,19.33,Energia<->Cooling,"No, es una apreciacion sin evidencia registrada",Se revisa periodicamente (ej. anual),25.0,,,,Anual,16.5,Falta de autoridad/politica interna,1,"Obstaculo moderado, resoluble con esfuerzo",67.0
SYN-00029,Latinoamerica,1-5MW,Edge,1017,187,No hay proceso definido,25.0,2,Semanal,Cada equipo ve solo su capa,39.0,Energia<->Cooling,"No, es una apreciacion sin evidencia registrada",Nunca se reviso desde la percepcion inicial,0.0,,,,Continuamente / en tiempo real,50.0,Falta de autoridad/politica interna,1,Bloqueante estructural,33.5
SYN-00030,Latinoamerica,>20MW,Edge,431,164,No hay proceso definido,25.0,2,Mensual o mas espaciado,Solo un rol consolida manualmente,47.33,Cooling<->Workload,"Solo estimacion aproximada, sin registro formal",Nunca se reviso desde la percepcion inicial,25.0,,,,Nunca se remidio,0.0,Presupuesto; Falta de autoridad/politica interna; Falta de herramientas tecnicas; Falta de personal capacitado,4,"Obstaculo moderado, resoluble con esfuerzo",33.5
SYN-00031,Medio Oriente/Africa,1-5MW,Colocation,184,211,No hay proceso definido,33.33,3,Semanal,Cualquier responsable puede verlas juntas,61.0,Energia<->Cooling,"Solo estimacion aproximada, sin registro formal",Se revisa activamente con cada cambio relevante,75.0,32.98,26.23,20.47,Trimestral o semestral,83.5,Falta de personal capacitado,1,Bloqueante estructural,33.5
SYN-00032,Latinoamerica,<1MW,Hyperscale,1202,938,"Alertas automaticas, accion manual",39.0,1,Nunca se cruza la informacion,Solo un rol consolida manualmente,50.0,Workload<->Energia,"Solo estimacion aproximada, sin registro formal",Se revisa activamente con cada cambio relevante,75.0,,,,Continuamente / en tiempo real,50.0,Presupuesto,1,"Obstaculo moderado, resoluble con esfuerzo",67.0
SYN-00033,Latinoamerica,1-5MW,Edge,1147,211,No hay proceso definido,25.0,2,Mensual o mas espaciado,Cada equipo ve solo su capa,30.67,Workload<->Energia,"No, es una apreciacion sin evidencia registrada",Se revisa periodicamente (ej. anual),25.0,40.3,30.13,25.24,Continuamente / en tiempo real,100.0,Presupuesto; Falta de personal capacitado,2,"Obstaculo moderado, resoluble con esfuerzo",50.0
SYN-00034,Asia-Pacifico,>20MW,Hyperscale,782,646,Reporte periodico + revision manual,27.67,3,Mensual o mas espaciado,Cada equipo ve solo su capa,19.33,Workload<->Energia,"Si, con reporte o medicion concreta",Se revisa activamente con cada cambio relevante,100.0,,,,Nunca se remidio,0.0,Falta de autoridad/politica interna; Falta de herramientas tecnicas,2,"Obstaculo fuerte, poco probable en el corto plazo",33.0
SYN-00035,Asia-Pacifico,>20MW,Edge,8,2761,No hay proceso definido,25.0,1,Semanal,Cada equipo ve solo su capa,50.0,Workload<->Energia,"No, es una apreciacion sin evidencia registrada",Se revisa activamente con cada cambio relevante,50.0,,,,Nunca se remidio,0.0,Falta de herramientas tecnicas,1,"Obstaculo fuerte, poco probable en el corto plazo",50.0
SYN-00036,Asia-Pacifico,1-5MW,Edge,1248,3366,Reporte periodico + revision manual,19.33,2,Mensual o mas espaciado,Cada equipo ve solo su capa,30.67,Energia<->Cooling,"No, es una apreciacion sin evidencia registrada",Se revisa periodicamente (ej. anual),25.0,,,,Nunca se remidio,0.0,"Nada, podriamos resolverlo",0,No es un bloqueante real,100.0
SYN-00037,Latinoamerica,<1MW,Edge,109,1261,No hay proceso definido,25.0,4,Semanal,Cada equipo ve solo su capa,16.67,No sabria decir,No aplica,No aplica,0.0,,,,Nunca se remidio,0.0,Presupuesto; Falta de personal capacitado,2,"Obstaculo moderado, resoluble con esfuerzo",50.0
SYN-00038,Medio Oriente/Africa,<1MW,Edge,59,3331,No hay proceso definido,25.0,3,Diario,Cada equipo ve solo su capa,36.0,Energia<->Cooling,"No, es una apreciacion sin evidencia registrada",Se revisa periodicamente (ej. anual),25.0,,,,Anual,16.5,Presupuesto; Falta de autoridad/politica interna; Falta de herramientas tecnicas,3,"Obstaculo fuerte, poco probable en el corto plazo",16.5
SYN-00039,Europa,<1MW,Enterprise,1090,190,"Alertas automaticas, accion manual",47.33,1,Mensual o mas espaciado,Cada equipo ve solo su capa,41.67,Cooling<->Workload,"No, es una apreciacion sin evidencia registrada",Nunca se reviso desde la percepcion inicial,0.0,,,,Anual,16.5,Presupuesto,1,Bloqueante estructural,33.5
SYN-00040,Europa,>20MW,Colocation,3123,5,Reporte periodico + revision manual,44.33,4,Semanal,Cada equipo ve solo su capa,16.67,Workload<->Energia,"No, es una apreciacion sin evidencia registrada",Se revisa activamente con cada cambio relevante,50.0,,,,Trimestral o semestral,33.5,Falta de autoridad/politica interna; Falta de herramientas tecnicas,2,"Obstaculo moderado, resoluble con esfuerzo",50.0
SYN-00041,Latinoamerica,<1MW,Colocation,228,1747,Reporte periodico + revision manual,27.67,4,Semanal,Cada equipo ve solo su capa,16.67,Workload<->Energia,"No, es una apreciacion sin evidencia registrada",Nunca se reviso desde la percepcion inicial,0.0,,,,Anual,16.5,Presupuesto,1,No es un bloqueante real,83.5
SYN-00042,Norteamerica,1-5MW,Enterprise,1811,86,No hay proceso definido,16.67,3,Diario,Solo un rol consolida manualmente,52.67,Energia<->Cooling,"Si, con reporte o medicion concreta",Se revisa periodicamente (ej. anual),75.0,22.79,16.72,26.63,Anual,66.5,Presupuesto; Falta de personal capacitado,2,"Obstaculo moderado, resoluble con esfuerzo",50.0
SYN-00043,Medio Oriente/Africa,>20MW,Colocation,1435,35,No hay proceso definido,33.33,3,Mensual o mas espaciado,Cada equipo ve solo su capa,19.33,Cooling<->Workload,"Solo estimacion aproximada, sin registro formal",Se revisa periodicamente (ej. anual),50.0,56.82,40.21,29.23,Nunca se remidio,50.0,"Nada, podriamos resolverlo",0,No es un bloqueante real,100.0
SYN-00044,Latinoamerica,<1MW,Colocation,152,845,"Automatizado, sin intervencion humana",58.33,4,Semanal,Cualquier responsable puede verlas juntas,50.0,Workload<->Energia,"No, es una apreciacion sin evidencia registrada",Nunca se reviso desde la percepcion inicial,0.0,,,,Nunca se remidio,0.0,Falta de personal capacitado,1,Bloqueante estructural,33.5
SYN-00045,Europa,1-5MW,Enterprise,521,321,Reporte periodico + revision manual,27.67,3,Mensual o mas espaciado,Cada equipo ve solo su capa,19.33,Energia<->Cooling,"Solo estimacion aproximada, sin registro formal",Nunca se reviso desde la percepcion inicial,25.0,9.67,7.54,22.03,Anual,66.5,"Nada, podriamos resolverlo",0,No es un bloqueante real,100.0
SYN-00046,Asia-Pacifico,>20MW,Enterprise,934,3359,No hay proceso definido,8.33,2,Nunca se cruza la informacion,Cada equipo ve solo su capa,22.33,Workload<->Energia,"No, es una apreciacion sin evidencia registrada",Nunca se reviso desde la percepcion inicial,0.0,,,,Anual,16.5,Falta de autoridad/politica interna,1,"Obstaculo fuerte, poco probable en el corto plazo",50.0
SYN-00047,Asia-Pacifico,>20MW,Enterprise,20,1390,Reporte periodico + revision manual,44.33,3,Mensual o mas espaciado,Cada equipo ve solo su capa,19.33,Cooling<->Workload,"No, es una apreciacion sin evidencia registrada",Nunca se reviso desde la percepcion inicial,0.0,4.63,2.39,48.38,Trimestral o semestral,83.5,Presupuesto,1,Bloqueante estructural,33.5
SYN-00048,Medio Oriente/Africa,>20MW,Colocation,4123,37,No hay proceso definido,25.0,4,Semanal,Cada equipo ve solo su capa,16.67,Energia<->Cooling,"Solo estimacion aproximada, sin registro formal",Se revisa periodicamente (ej. anual),50.0,,,,Nunca se remidio,0.0,Presupuesto; Falta de personal capacitado,2,"Obstaculo moderado, resoluble con esfuerzo",50.0
SYN-00049,Norteamerica,>20MW,Hyperscale,284,27,"Alertas automaticas, accion manual",55.67,2,Mensual o mas espaciado,Cualquier responsable puede verlas juntas,64.0,Workload<->Energia,"Solo estimacion aproximada, sin registro formal",Se revisa periodicamente (ej. anual),50.0,,,,Anual,16.5,Presupuesto; Falta de herramientas tecnicas,2,"Obstaculo moderado, resoluble con esfuerzo",50.0
SYN-00050,Europa,5-20MW,Colocation,7,28,No hay proceso definido,50.0,2,Semanal,Solo un rol consolida manualmente,55.67,Energia<->Cooling,"No, es una apreciacion sin evidencia registrada",Se revisa periodicamente (ej. anual),25.0,,,,Anual,16.5,Falta de herramientas tecnicas,1,Bloqueante estructural,33.5
SYN-00051,Norteamerica,5-20MW,Edge,304,36,No hay proceso definido,33.33,3,Diario,Cada equipo ve solo su capa,36.0,Cooling<->Workload,"No, es una apreciacion sin evidencia registrada",Se revisa periodicamente (ej. anual),25.0,9.32,6.65,28.65,Nunca se remidio,50.0,"Nada, podriamos resolverlo",0,No es un bloqueante real,100.0
SYN-00052,Asia-Pacifico,>20MW,Edge,50,47,No hay proceso definido,50.0,4,Mensual o mas espaciado,Solo un rol consolida manualmente,25.0,Cooling<->Workload,"Solo estimacion aproximada, sin registro formal",Se revisa periodicamente (ej. anual),50.0,,,,Anual,16.5,Presupuesto,1,"Obstaculo moderado, resoluble con esfuerzo",67.0
SYN-00053,Latinoamerica,<1MW,Hyperscale,1822,156,No hay proceso definido,16.67,3,Mensual o mas espaciado,Cada equipo ve solo su capa,19.33,Energia<->Cooling,"Si, con reporte o medicion concreta",Se revisa periodicamente (ej. anual),75.0,,,,Nunca se remidio,0.0,"Nada, podriamos resolverlo",0,No es un bloqueante real,100.0
SYN-00054,Asia-Pacifico,<1MW,Colocation,36,88,Reporte periodico + revision manual,52.67,3,Diario,Solo un rol consolida manualmente,52.67,Energia<->Cooling,"Solo estimacion aproximada, sin registro formal",Nunca se reviso desde la percepcion inicial,25.0,,,,Nunca se remidio,0.0,"Nada, podriamos resolverlo",0,No es un bloqueante real,100.0
SYN-00055,Asia-Pacifico,<1MW,Colocation,140,2878,"Automatizado, sin intervencion humana",50.0,4,Mensual o mas espaciado,Solo un rol consolida manualmente,25.0,Energia<->Cooling,"No, es una apreciacion sin evidencia registrada",Se revisa activamente con cada cambio relevante,50.0,,,,Trimestral o semestral,33.5,Presupuesto; Falta de autoridad/politica interna,2,Bloqueante estructural,16.5
SYN-00056,Medio Oriente/Africa,<1MW,Hyperscale,54,408,"Alertas automaticas, accion manual",55.67,3,Mensual o mas espaciado,Solo un rol consolida manualmente,36.0,Energia<->Cooling,"No, es una apreciacion sin evidencia registrada",Se revisa activamente con cada cambio relevante,50.0,,,,Trimestral o semestral,33.5,Falta de personal capacitado,1,"Obstaculo fuerte, poco probable en el corto plazo",50.0
SYN-00057,Medio Oriente/Africa,<1MW,Hyperscale,115,764,"Alertas automaticas, accion manual",47.33,2,Mensual o mas espaciado,Solo un rol consolida manualmente,47.33,Energia<->Cooling,"Solo estimacion aproximada, sin registro formal",Se revisa periodicamente (ej. anual),50.0,,,,Nunca se remidio,0.0,Presupuesto; Falta de autoridad/politica interna,2,"Obstaculo fuerte, poco probable en el corto plazo",33.0
SYN-00058,Norteamerica,5-20MW,Edge,1096,164,"Automatizado, sin intervencion humana",58.33,2,Nunca se cruza la informacion,Cada equipo ve solo su capa,22.33,Workload<->Energia,"No, es una apreciacion sin evidencia registrada",Se revisa activamente con cada cambio relevante,50.0,,,,Trimestral o semestral,33.5,"Nada, podriamos resolverlo",0,No es un bloqueante real,100.0
SYN-00059,Asia-Pacifico,1-5MW,Enterprise,397,474,Reporte periodico + revision manual,27.67,2,Nunca se cruza la informacion,Solo un rol consolida manualmente,39.0,No sabria decir,No aplica,No aplica,0.0,,,,Trimestral o semestral,33.5,Presupuesto; Falta de autoridad/politica interna; Falta de herramientas tecnicas; Falta de personal capacitado,4,Bloqueante estructural,0.0
SYN-00060,Norteamerica,1-5MW,Edge,1395,1160,No hay proceso definido,16.67,4,Mensual o mas espaciado,Cada equipo ve solo su capa,8.33,Energia<->Cooling,"No, es una apreciacion sin evidencia registrada",Se revisa periodicamente (ej. anual),25.0,,,,Anual,16.5,"Nada, podriamos resolverlo",0,No es un bloqueante real,100.0
SYN-00061,Norteamerica,5-20MW,Edge,357,134,"Automatizado, sin intervencion humana",58.33,4,Nunca se cruza la informacion,Cada equipo ve solo su capa,0.0,Cooling<->Workload,"Solo estimacion aproximada, sin registro formal",Nunca se reviso desde la percepcion inicial,25.0,,,,Nunca se remidio,0.0,Presupuesto,1,"Obstaculo fuerte, poco probable en el corto plazo",50.0
SYN-00062,Europa,<1MW,Edge,59,82,Reporte periodico + revision manual,52.67,2,Semanal,Solo un rol consolida manualmente,55.67,Cooling<->Workload,"Solo estimacion aproximada, sin registro formal",Se revisa activamente con cada cambio relevante,75.0,,,,Trimestral o semestral,33.5,Presupuesto; Falta de autoridad/politica interna,2,"Obstaculo fuerte, poco probable en el corto plazo",33.0
SYN-00063,Norteamerica,5-20MW,Hyperscale,1032,229,No hay proceso definido,25.0,3,Diario,Cualquier responsable puede verlas juntas,69.33,Workload<->Energia,"No, es una apreciacion sin evidencia registrada",Se revisa periodicamente (ej. anual),25.0,,,,Nunca se remidio,0.0,Presupuesto; Falta de herramientas tecnicas,2,"Obstaculo fuerte, poco probable en el corto plazo",33.0
SYN-00064,Asia-Pacifico,1-5MW,Hyperscale,1108,278,Reporte periodico + revision manual,27.67,2,Semanal,Cada equipo ve solo su capa,39.0,Cooling<->Workload,"Solo estimacion aproximada, sin registro formal",Se revisa activamente con cada cambio relevante,75.0,50.98,33.87,33.56,Nunca se remidio,50.0,Falta de autoridad/politica interna,1,"Obstaculo moderado, resoluble con esfuerzo",67.0
SYN-00065,Latinoamerica,1-5MW,Colocation,50,580,No hay proceso definido,33.33,1,Semanal,Cada equipo ve solo su capa,50.0,No sabria decir,No aplica,No aplica,0.0,,,,Nunca se remidio,0.0,Falta de autoridad/politica interna; Falta de herramientas tecnicas,2,Bloqueante estructural,16.5
SYN-00066,Europa,5-20MW,Edge,818,1270,Reporte periodico + revision manual,27.67,4,Nunca se cruza la informacion,Cada equipo ve solo su capa,0.0,Energia<->Cooling,"Solo estimacion aproximada, sin registro formal",Nunca se reviso desde la percepcion inicial,25.0,,,,Nunca se remidio,0.0,Presupuesto; Falta de personal capacitado,2,Bloqueante estructural,16.5
SYN-00067,Asia-Pacifico,>20MW,Colocation,1816,2350,No hay proceso definido,0.0,4,Nunca se cruza la informacion,Solo un rol consolida manualmente,16.67,Energia<->Cooling,"Solo estimacion aproximada, sin registro formal",Se revisa periodicamente (ej. anual),50.0,15.02,10.42,30.63,Anual,66.5,Presupuesto; Falta de personal capacitado,2,No es un bloqueante real,66.5
SYN-00068,Latinoamerica,1-5MW,Edge,62,1518,"Alertas automaticas, accion manual",39.0,4,Mensual o mas espaciado,Cada equipo ve solo su capa,8.33,Cooling<->Workload,"Si, con reporte o medicion concreta",Se revisa periodicamente (ej. anual),75.0,,,,Continuamente / en tiempo real,50.0,Presupuesto; Falta de personal capacitado,2,Bloqueante estructural,16.5
SYN-00069,Medio Oriente/Africa,<1MW,Colocation,837,218,Reporte periodico + revision manual,36.0,3,Diario,Cada equipo ve solo su capa,36.0,Cooling<->Workload,"Solo estimacion aproximada, sin registro formal",Nunca se reviso desde la percepcion inicial,25.0,,,,Nunca se remidio,0.0,Presupuesto; Falta de autoridad/politica interna; Falta de personal capacitado,3,"Obstaculo fuerte, poco probable en el corto plazo",16.5
SYN-00070,Asia-Pacifico,5-20MW,Hyperscale,78,229,No hay proceso definido,33.33,4,Mensual o mas espaciado,Solo un rol consolida manualmente,25.0,Energia<->Cooling,"Solo estimacion aproximada, sin registro formal",Nunca se reviso desde la percepcion inicial,25.0,47.19,42.25,10.47,Nunca se remidio,50.0,Falta de autoridad/politica interna,1,"Obstaculo moderado, resoluble con esfuerzo",67.0
SYN-00071,Norteamerica,1-5MW,Hyperscale,140,1353,Reporte periodico + revision manual,36.0,1,Mensual o mas espaciado,Solo un rol consolida manualmente,58.33,Workload<->Energia,"Si, con reporte o medicion concreta",Nunca se reviso desde la percepcion inicial,50.0,,,,Nunca se remidio,0.0,Presupuesto,1,"Obstaculo moderado, resoluble con esfuerzo",67.0
SYN-00072,Europa,>20MW,Edge,193,82,No hay proceso definido,33.33,1,Mensual o mas espaciado,Cada equipo ve solo su capa,41.67,Cooling<->Workload,"Solo estimacion aproximada, sin registro formal",Se revisa activamente con cada cambio relevante,75.0,,,,Anual,16.5,"Nada, podriamos resolverlo",0,No es un bloqueante real,100.0
SYN-00073,Norteamerica,5-20MW,Edge,75,46,Reporte periodico + revision manual,52.67,3,Mensual o mas espaciado,Solo un rol consolida manualmente,36.0,Energia<->Cooling,"No, es una apreciacion sin evidencia registrada",Nunca se reviso desde la percepcion inicial,0.0,,,,Trimestral o semestral,33.5,Presupuesto,1,No es un bloqueante real,83.5
SYN-00074,Europa,>20MW,Enterprise,80,1325,Reporte periodico + revision manual,36.0,2,Semanal,Cada equipo ve solo su capa,39.0,Energia<->Cooling,"Solo estimacion aproximada, sin registro formal",Se revisa periodicamente (ej. anual),50.0,,,,Trimestral o semestral,33.5,Falta de herramientas tecnicas,1,"Obstaculo fuerte, poco probable en el corto plazo",50.0
SYN-00075,Latinoamerica,1-5MW,Hyperscale,10,1152,No hay proceso definido,33.33,4,Nunca se cruza la informacion,Cada equipo ve solo su capa,0.0,Workload<->Energia,"No, es una apreciacion sin evidencia registrada",Se revisa periodicamente (ej. anual),25.0,,,,Trimestral o semestral,33.5,Presupuesto; Falta de personal capacitado,2,"Obstaculo fuerte, poco probable en el corto plazo",33.0
SYN-00076,Europa,<1MW,Colocation,725,294,Reporte periodico + revision manual,27.67,3,Mensual o mas espaciado,Cada equipo ve solo su capa,19.33,Energia<->Cooling,"No, es una apreciacion sin evidencia registrada",Se revisa activamente con cada cambio relevante,50.0,,,,Nunca se remidio,0.0,Presupuesto,1,"Obstaculo moderado, resoluble con esfuerzo",67.0
SYN-00077,Asia-Pacifico,<1MW,Edge,1300,202,No hay proceso definido,25.0,2,Nunca se cruza la informacion,Solo un rol consolida manualmente,39.0,No sabria decir,No aplica,No aplica,0.0,9.2,6.88,25.22,Trimestral o semestral,83.5,Presupuesto; Falta de autoridad/politica interna,2,Bloqueante estructural,16.5
SYN-00078,Asia-Pacifico,<1MW,Enterprise,41,221,Reporte periodico + revision manual,52.67,3,Mensual o mas espaciado,Solo un rol consolida manualmente,36.0,No sabria decir,No aplica,No aplica,0.0,40.21,31.97,20.49,Nunca se remidio,50.0,Falta de herramientas tecnicas; Falta de personal capacitado,2,"Obstaculo fuerte, poco probable en el corto plazo",33.0
SYN-00079,Medio Oriente/Africa,5-20MW,Colocation,1094,303,Reporte periodico + revision manual,27.67,3,Semanal,Cada equipo ve solo su capa,27.67,Cooling<->Workload,"No, es una apreciacion sin evidencia registrada",Nunca se reviso desde la percepcion inicial,0.0,,,,Continuamente / en tiempo real,50.0,Presupuesto; Falta de personal capacitado,2,"Obstaculo fuerte, poco probable en el corto plazo",33.0
SYN-00080,Asia-Pacifico,5-20MW,Enterprise,1976,1295,Reporte periodico + revision manual,19.33,2,Mensual o mas espaciado,Solo un rol consolida manualmente,47.33,Energia<->Cooling,"Si, con reporte o medicion concreta",Se revisa periodicamente (ej. anual),75.0,,,,Nunca se remidio,0.0,Presupuesto; Falta de herramientas tecnicas,2,"Obstaculo fuerte, poco probable en el corto plazo",33.0
SYN-00081,Asia-Pacifico,1-5MW,Colocation,1295,872,Reporte periodico + revision manual,27.67,1,Semanal,Solo un rol consolida manualmente,66.67,Energia<->Cooling,"No, es una apreciacion sin evidencia registrada",Se revisa activamente con cada cambio relevante,50.0,,,,Nunca se remidio,0.0,Falta de herramientas tecnicas; Falta de personal capacitado,2,"Obstaculo moderado, resoluble con esfuerzo",50.0
SYN-00082,Europa,5-20MW,Enterprise,990,0,Reporte periodico + revision manual,52.67,2,Mensual o mas espaciado,Cualquier responsable puede verlas juntas,64.0,Cooling<->Workload,"No, es una apreciacion sin evidencia registrada",Se revisa periodicamente (ej. anual),25.0,,,,Nunca se remidio,0.0,Presupuesto,1,"Obstaculo moderado, resoluble con esfuerzo",67.0
SYN-00083,Asia-Pacifico,1-5MW,Colocation,1063,333,"Automatizado, sin intervencion humana",50.0,3,Nunca se cruza la informacion,Cada equipo ve solo su capa,11.0,Energia<->Cooling,"No, es una apreciacion sin evidencia registrada",Se revisa activamente con cada cambio relevante,50.0,,,,Anual,16.5,Presupuesto,1,"Obstaculo fuerte, poco probable en el corto plazo",50.0
SYN-00084,Medio Oriente/Africa,>20MW,Enterprise,275,233,"Alertas automaticas, accion manual",47.33,3,Semanal,Cada equipo ve solo su capa,27.67,Workload<->Energia,"No, es una apreciacion sin evidencia registrada",Nunca se reviso desde la percepcion inicial,0.0,,,,Nunca se remidio,0.0,Falta de herramientas tecnicas; Falta de personal capacitado,2,"Obstaculo fuerte, poco probable en el corto plazo",33.0
SYN-00085,Medio Oriente/Africa,>20MW,Colocation,2433,5,"Alertas automaticas, accion manual",55.67,1,Semanal,Solo un rol consolida manualmente,66.67,Workload<->Energia,"Solo estimacion aproximada, sin registro formal",Nunca se reviso desde la percepcion inicial,25.0,,,,Nunca se remidio,0.0,Falta de autoridad/politica interna; Falta de herramientas tecnicas; Falta de personal capacitado,3,"Obstaculo moderado, resoluble con esfuerzo",33.5
SYN-00086,Latinoamerica,>20MW,Enterprise,3323,2843,Reporte periodico + revision manual,11.0,3,Nunca se cruza la informacion,Cada equipo ve solo su capa,11.0,Workload<->Energia,"Solo estimacion aproximada, sin registro formal",Se revisa periodicamente (ej. anual),50.0,,,,Trimestral o semestral,33.5,Presupuesto,1,"Obstaculo fuerte, poco probable en el corto plazo",50.0
SYN-00087,Latinoamerica,5-20MW,Edge,131,207,No hay proceso definido,33.33,3,Nunca se cruza la informacion,Cada equipo ve solo su capa,11.0,No sabria decir,No aplica,No aplica,0.0,,,,Trimestral o semestral,33.5,Presupuesto,1,"Obstaculo moderado, resoluble con esfuerzo",67.0
SYN-00088,Latinoamerica,1-5MW,Colocation,2551,4292,"Alertas automaticas, accion manual",22.33,2,Mensual o mas espaciado,Solo un rol consolida manualmente,47.33,Energia<->Cooling,"No, es una apreciacion sin evidencia registrada",Se revisa periodicamente (ej. anual),25.0,7.81,6.89,11.78,Anual,66.5,Presupuesto; Falta de herramientas tecnicas,2,Bloqueante estructural,16.5
SYN-00089,Europa,>20MW,Edge,649,829,Reporte periodico + revision manual,27.67,3,Nunca se cruza la informacion,Cualquier responsable puede verlas juntas,44.33,Cooling<->Workload,"Solo estimacion aproximada, sin registro formal",Nunca se reviso desde la percepcion inicial,25.0,,,,Nunca se remidio,0.0,Presupuesto; Falta de herramientas tecnicas,2,Bloqueante estructural,16.5
SYN-00090,Latinoamerica,>20MW,Colocation,2626,1478,"Alertas automaticas, accion manual",22.33,3,Nunca se cruza la informacion,Solo un rol consolida manualmente,27.67,Cooling<->Workload,"No, es una apreciacion sin evidencia registrada",Se revisa periodicamente (ej. anual),25.0,,,,Trimestral o semestral,33.5,Presupuesto; Falta de autoridad/politica interna,2,"Obstaculo fuerte, poco probable en el corto plazo",33.0
SYN-00091,Asia-Pacifico,1-5MW,Hyperscale,845,636,"Alertas automaticas, accion manual",39.0,4,Nunca se cruza la informacion,Cada equipo ve solo su capa,0.0,Cooling<->Workload,"Si, con reporte o medicion concreta",Nunca se reviso desde la percepcion inicial,50.0,10.16,8.15,19.78,Trimestral o semestral,83.5,Presupuesto,1,"Obstaculo fuerte, poco probable en el corto plazo",50.0
SYN-00092,Norteamerica,5-20MW,Enterprise,368,1194,Reporte periodico + revision manual,27.67,3,Mensual o mas espaciado,Cada equipo ve solo su capa,19.33,Workload<->Energia,"Solo estimacion aproximada, sin registro formal",Se revisa activamente con cada cambio relevante,75.0,,,,Trimestral o semestral,33.5,Falta de autoridad/politica interna; Falta de herramientas tecnicas; Falta de personal capacitado,3,"Obstaculo fuerte, poco probable en el corto plazo",16.5
SYN-00093,Medio Oriente/Africa,5-20MW,Edge,1205,688,No hay proceso definido,16.67,3,Mensual o mas espaciado,Cada equipo ve solo su capa,19.33,Cooling<->Workload,"Solo estimacion aproximada, sin registro formal",Se revisa periodicamente (ej. anual),50.0,,,,Trimestral o semestral,33.5,Falta de herramientas tecnicas,1,"Obstaculo moderado, resoluble con esfuerzo",67.0
SYN-00094,Medio Oriente/Africa,>20MW,Hyperscale,1435,1286,Reporte periodico + revision manual,27.67,1,Diario,Solo un rol consolida manualmente,75.0,Cooling<->Workload,"No, es una apreciacion sin evidencia registrada",Nunca se reviso desde la percepcion inicial,0.0,,,,Continuamente / en tiempo real,50.0,Presupuesto; Falta de autoridad/politica interna; Falta de herramientas tecnicas; Falta de personal capacitado,4,"Obstaculo fuerte, poco probable en el corto plazo",16.5
SYN-00095,Norteamerica,<1MW,Hyperscale,3374,3,"Alertas automaticas, accion manual",55.67,2,Mensual o mas espaciado,Cada equipo ve solo su capa,30.67,No sabria decir,No aplica,No aplica,0.0,,,,Nunca se remidio,0.0,Presupuesto; Falta de personal capacitado,2,Bloqueante estructural,16.5
SYN-00096,Medio Oriente/Africa,1-5MW,Enterprise,40,93,No hay proceso definido,41.67,2,Tiempo real / continuo,Cualquier responsable puede verlas juntas,89.0,Energia<->Cooling,"No, es una apreciacion sin evidencia registrada",Se revisa periodicamente (ej. anual),25.0,,,,Nunca se remidio,0.0,Presupuesto; Falta de autoridad/politica interna; Falta de herramientas tecnicas,3,"Obstaculo fuerte, poco probable en el corto plazo",16.5
SYN-00097,Norteamerica,<1MW,Edge,273,78,"Alertas automaticas, accion manual",47.33,1,Mensual o mas espaciado,Cada equipo ve solo su capa,41.67,Energia<->Cooling,"No, es una apreciacion sin evidencia registrada",Se revisa periodicamente (ej. anual),25.0,14.6,10.53,27.88,Nunca se remidio,50.0,Presupuesto; Falta de herramientas tecnicas,2,"Obstaculo fuerte, poco probable en el corto plazo",33.0
SYN-00098,Asia-Pacifico,5-20MW,Colocation,97,3576,"Alertas automaticas, accion manual",39.0,2,Diario,Cada equipo ve solo su capa,47.33,Workload<->Energia,"No, es una apreciacion sin evidencia registrada",Nunca se reviso desde la percepcion inicial,0.0,,,,Anual,16.5,"Nada, podriamos resolverlo",0,No es un bloqueante real,100.0
SYN-00099,Asia-Pacifico,>20MW,Edge,30,40,Reporte periodico + revision manual,61.0,4,Semanal,Cada equipo ve solo su capa,16.67,Workload<->Energia,"No, es una apreciacion sin evidencia registrada",Nunca se reviso desde la percepcion inicial,0.0,,,,Nunca se remidio,0.0,Presupuesto; Falta de autoridad/politica interna; Falta de herramientas tecnicas,3,Bloqueante estructural,0.0
SYN-00100,Asia-Pacifico,<1MW,Colocation,30,321,No hay proceso definido,33.33,2,Nunca se cruza la informacion,Cada equipo ve solo su capa,22.33,Cooling<->Workload,"Solo estimacion aproximada, sin registro formal",Nunca se reviso desde la percepcion inicial,25.0,,,,Nunca se remidio,0.0,Presupuesto; Falta de personal capacitado,2,Bloqueante estructural,16.5
SYN-00101,Latinoamerica,1-5MW,Colocation,122,820,Reporte periodico + revision manual,36.0,3,Semanal,Solo un rol consolida manualmente,44.33,Cooling<->Workload,"Solo estimacion aproximada, sin registro formal",Se revisa activamente con cada cambio relevante,75.0,,,,Anual,16.5,"Nada, podriamos resolverlo",0,No es un bloqueante real,100.0
SYN-00102,Medio Oriente/Africa,1-5MW,Colocation,4,3813,No hay proceso definido,33.33,2,Diario,Solo un rol consolida manualmente,64.0,Cooling<->Workload,"Solo estimacion aproximada, sin registro formal",Nunca se reviso desde la percepcion inicial,25.0,,,,Anual,16.5,"Nada, podriamos resolverlo",0,No es un bloqueante real,100.0
SYN-00103,Latinoamerica,1-5MW,Enterprise,52,617,No hay proceso definido,33.33,3,Mensual o mas espaciado,Cualquier responsable puede verlas juntas,52.67,Energia<->Cooling,"No, es una apreciacion sin evidencia registrada",Nunca se reviso desde la percepcion inicial,0.0,,,,Nunca se remidio,0.0,Presupuesto; Falta de herramientas tecnicas,2,No es un bloqueante real,66.5
SYN-00104,Medio Oriente/Africa,>20MW,Enterprise,46,1230,No hay proceso definido,33.33,1,Mensual o mas espaciado,Solo un rol consolida manualmente,58.33,Energia<->Cooling,"No, es una apreciacion sin evidencia registrada",Se revisa periodicamente (ej. anual),25.0,,,,Anual,16.5,Falta de personal capacitado,1,Bloqueante estructural,33.5
SYN-00105,Medio Oriente/Africa,1-5MW,Colocation,39,151,"Alertas automaticas, accion manual",64.0,3,Semanal,Solo un rol consolida manualmente,44.33,Cooling<->Workload,"No, es una apreciacion sin evidencia registrada",Se revisa periodicamente (ej. anual),25.0,,,,Nunca se remidio,0.0,Falta de personal capacitado,1,"Obstaculo fuerte, poco probable en el corto plazo",50.0
SYN-00106,Medio Oriente/Africa,>20MW,Hyperscale,591,60,Reporte periodico + revision manual,44.33,4,Mensual o mas espaciado,Cada equipo ve solo su capa,8.33,Energia<->Cooling,"Solo estimacion aproximada, sin registro formal",Se revisa activamente con cada cambio relevante,75.0,52.35,36.95,29.42,Continuamente / en tiempo real,100.0,Presupuesto,1,No es un bloqueante real,83.5
SYN-00107,Asia-Pacifico,<1MW,Colocation,1056,2666,"Alertas automaticas, accion manual",30.67,2,Nunca se cruza la informacion,Solo un rol consolida manualmente,39.0,Workload<->Energia,"Solo estimacion aproximada, sin registro formal",Nunca se reviso desde la percepcion inicial,25.0,59.33,49.48,16.6,Nunca se remidio,50.0,Presupuesto; Falta de herramientas tecnicas,2,Bloqueante estructural,16.5
SYN-00108,Asia-Pacifico,>20MW,Enterprise,2,1163,Reporte periodico + revision manual,52.67,3,Nunca se cruza la informacion,Solo un rol consolida manualmente,27.67,Workload<->Energia,"No, es una apreciacion sin evidencia registrada",Se revisa activamente con cada cambio relevante,50.0,,,,Nunca se remidio,0.0,Falta de autoridad/politica interna; Falta de herramientas tecnicas,2,"Obstaculo fuerte, poco probable en el corto plazo",33.0
SYN-00109,Latinoamerica,5-20MW,Enterprise,6,3262,Reporte periodico + revision manual,36.0,2,Diario,Solo un rol consolida manualmente,64.0,Cooling<->Workload,"No, es una apreciacion sin evidencia registrada",Se revisa periodicamente (ej. anual),25.0,22.53,15.43,31.51,Anual,66.5,Presupuesto; Falta de autoridad/politica interna; Falta de personal capacitado,3,Bloqueante estructural,0.0
SYN-00110,Europa,1-5MW,Edge,23,187,"Alertas automaticas, accion manual",64.0,2,Semanal,Solo un rol consolida manualmente,55.67,Workload<->Energia,"Solo estimacion aproximada, sin registro formal",Nunca se reviso desde la percepcion inicial,25.0,,,,Anual,16.5,Falta de herramientas tecnicas; Falta de personal capacitado,2,"Obstaculo fuerte, poco probable en el corto plazo",33.0
SYN-00111,Medio Oriente/Africa,>20MW,Enterprise,171,4107,No hay proceso definido,16.67,2,Semanal,Cada equipo ve solo su capa,39.0,Energia<->Cooling,"Solo estimacion aproximada, sin registro formal",Nunca se reviso desde la percepcion inicial,25.0,,,,Trimestral o semestral,33.5,Falta de personal capacitado,1,"Obstaculo fuerte, poco probable en el corto plazo",50.0
SYN-00112,Latinoamerica,5-20MW,Hyperscale,2259,1358,"Alertas automaticas, accion manual",30.67,4,Tiempo real / continuo,Cada equipo ve solo su capa,33.33,No sabria decir,No aplica,No aplica,0.0,48.27,34.53,28.46,Nunca se remidio,50.0,Presupuesto,1,"Obstaculo moderado, resoluble con esfuerzo",67.0
SYN-00113,Asia-Pacifico,1-5MW,Enterprise,1107,392,Reporte periodico + revision manual,27.67,3,Mensual o mas espaciado,Cada equipo ve solo su capa,19.33,No sabria decir,No aplica,No aplica,0.0,,,,Anual,16.5,Presupuesto,1,"Obstaculo fuerte, poco probable en el corto plazo",50.0
SYN-00114,Norteamerica,<1MW,Colocation,968,45,"Automatizado, sin intervencion humana",66.67,4,Mensual o mas espaciado,Solo un rol consolida manualmente,25.0,Workload<->Energia,"No, es una apreciacion sin evidencia registrada",Se revisa periodicamente (ej. anual),25.0,17.01,14.82,12.87,Nunca se remidio,50.0,"Nada, podriamos resolverlo",0,No es un bloqueante real,100.0
SYN-00115,Medio Oriente/Africa,1-5MW,Enterprise,3418,32,No hay proceso definido,25.0,1,Nunca se cruza la informacion,Cada equipo ve solo su capa,33.33,Energia<->Cooling,"Solo estimacion aproximada, sin registro formal",Nunca se reviso desde la percepcion inicial,25.0,,,,Anual,16.5,Presupuesto; Falta de personal capacitado,2,No es un bloqueante real,66.5
SYN-00116,Norteamerica,<1MW,Enterprise,577,2440,Reporte periodico + revision manual,19.33,3,Semanal,Solo un rol consolida manualmente,44.33,Cooling<->Workload,"No, es una apreciacion sin evidencia registrada",Nunca se reviso desde la percepcion inicial,0.0,40.12,31.35,21.86,Anual,66.5,"Nada, podriamos resolverlo",0,No es un bloqueante real,100.0
SYN-00117,Norteamerica,1-5MW,Colocation,77,1340,"Alertas automaticas, accion manual",47.33,2,Mensual o mas espaciado,Solo un rol consolida manualmente,47.33,Workload<->Energia,"Solo estimacion aproximada, sin registro formal",Nunca se reviso desde la percepcion inicial,25.0,,,,Nunca se remidio,0.0,Falta de autoridad/politica interna,1,Bloqueante estructural,33.5
SYN-00118,Asia-Pacifico,<1MW,Colocation,122,107,Reporte periodico + revision manual,44.33,2,Semanal,Cada equipo ve solo su capa,39.0,Cooling<->Workload,"Solo estimacion aproximada, sin registro formal",Se revisa periodicamente (ej. anual),50.0,,,,Nunca se remidio,0.0,Falta de autoridad/politica interna; Falta de herramientas tecnicas; Falta de personal capacitado,3,"Obstaculo moderado, resoluble con esfuerzo",33.5
SYN-00119,Latinoamerica,<1MW,Enterprise,3425,58,Reporte periodico + revision manual,36.0,3,Mensual o mas espaciado,Solo un rol consolida manualmente,36.0,Cooling<->Workload,"No, es una apreciacion sin evidencia registrada",Se revisa periodicamente (ej. anual),25.0,34.79,26.4,24.12,Continuamente / en tiempo real,100.0,Presupuesto; Falta de autoridad/politica interna,2,Bloqueante estructural,16.5
SYN-00120,Latinoamerica,<1MW,Hyperscale,200,2943,Reporte periodico + revision manual,27.67,4,Nunca se cruza la informacion,Solo un rol consolida manualmente,16.67,Energia<->Cooling,"Solo estimacion aproximada, sin registro formal",Nunca se reviso desde la percepcion inicial,25.0,,,,Trimestral o semestral,33.5,Falta de autoridad/politica interna; Falta de herramientas tecnicas,2,"Obstaculo moderado, resoluble con esfuerzo",50.0
SYN-00121,Norteamerica,1-5MW,Colocation,3849,1117,"Alertas automaticas, accion manual",30.67,2,Semanal,Solo un rol consolida manualmente,55.67,Energia<->Cooling,"Solo estimacion aproximada, sin registro formal",Se revisa periodicamente (ej. anual),50.0,,,,Anual,16.5,Falta de autoridad/politica interna; Falta de herramientas tecnicas,2,Bloqueante estructural,16.5
SYN-00122,Norteamerica,1-5MW,Edge,2576,1960,No hay proceso definido,0.0,2,Diario,Solo un rol consolida manualmente,64.0,Energia<->Cooling,"No, es una apreciacion sin evidencia registrada",Se revisa periodicamente (ej. anual),25.0,38.68,32.07,17.09,Nunca se remidio,50.0,Presupuesto; Falta de autoridad/politica interna,2,"Obstaculo fuerte, poco probable en el corto plazo",33.0
SYN-00123,Asia-Pacifico,5-20MW,Edge,2781,431,No hay proceso definido,8.33,3,Mensual o mas espaciado,Solo un rol consolida manualmente,36.0,Energia<->Cooling,"Solo estimacion aproximada, sin registro formal",Se revisa periodicamente (ej. anual),50.0,,,,Trimestral o semestral,33.5,Presupuesto,1,"Obstaculo fuerte, poco probable en el corto plazo",50.0
SYN-00124,Latinoamerica,5-20MW,Hyperscale,5,1182,"Automatizado, sin intervencion humana",75.0,4,Diario,Solo un rol consolida manualmente,41.67,No sabria decir,No aplica,No aplica,0.0,,,,Nunca se remidio,0.0,"Nada, podriamos resolverlo",0,No es un bloqueante real,100.0
SYN-00125,Asia-Pacifico,<1MW,Enterprise,156,579,"Automatizado, sin intervencion humana",58.33,3,Mensual o mas espaciado,Cada equipo ve solo su capa,19.33,Cooling<->Workload,"Si, con reporte o medicion concreta",Se revisa activamente con cada cambio relevante,100.0,6.52,5.58,14.42,Anual,66.5,Presupuesto; Falta de autoridad/politica interna; Falta de herramientas tecnicas,3,"Obstaculo fuerte, poco probable en el corto plazo",16.5
SYN-00126,Latinoamerica,<1MW,Colocation,87,29,No hay proceso definido,41.67,2,Nunca se cruza la informacion,Cada equipo ve solo su capa,22.33,Energia<->Cooling,"No, es una apreciacion sin evidencia registrada",Se revisa activamente con cada cambio relevante,50.0,,,,Continuamente / en tiempo real,50.0,"Nada, podriamos resolverlo",0,No es un bloqueante real,100.0
SYN-00127,Europa,>20MW,Edge,1796,2014,No hay proceso definido,0.0,3,Semanal,Cada equipo ve solo su capa,27.67,Energia<->Cooling,"Si, con reporte o medicion concreta",Se revisa periodicamente (ej. anual),75.0,34.1,28.26,17.13,Nunca se remidio,50.0,"Nada, podriamos resolverlo",0,No es un bloqueante real,100.0
SYN-00128,Asia-Pacifico,1-5MW,Colocation,846,731,Reporte periodico + revision manual,27.67,2,Mensual o mas espaciado,Cada equipo ve solo su capa,30.67,Cooling<->Workload,"No, es una apreciacion sin evidencia registrada",Nunca se reviso desde la percepcion inicial,0.0,,,,Trimestral o semestral,33.5,"Nada, podriamos resolverlo",0,No es un bloqueante real,100.0
SYN-00129,Latinoamerica,<1MW,Hyperscale,269,71,No hay proceso definido,25.0,4,Semanal,Solo un rol consolida manualmente,33.33,Workload<->Energia,"No, es una apreciacion sin evidencia registrada",Se revisa periodicamente (ej. anual),25.0,,,,Nunca se remidio,0.0,Presupuesto; Falta de autoridad/politica interna; Falta de herramientas tecnicas; Falta de personal capacitado,4,Bloqueante estructural,0.0
SYN-00130,Europa,5-20MW,Edge,376,172,No hay proceso definido,25.0,4,Diario,Cualquier responsable puede verlas juntas,58.33,Cooling<->Workload,"Solo estimacion aproximada, sin registro formal",Nunca se reviso desde la percepcion inicial,25.0,,,,Nunca se remidio,0.0,Falta de autoridad/politica interna,1,"Obstaculo moderado, resoluble con esfuerzo",67.0
SYN-00131,Asia-Pacifico,5-20MW,Colocation,129,482,No hay proceso definido,25.0,1,Nunca se cruza la informacion,Solo un rol consolida manualmente,50.0,Energia<->Cooling,"No, es una apreciacion sin evidencia registrada",Nunca se reviso desde la percepcion inicial,0.0,28.4,23.72,16.48,Nunca se remidio,50.0,Presupuesto; Falta de autoridad/politica interna; Falta de herramientas tecnicas,3,"Obstaculo fuerte, poco probable en el corto plazo",16.5
SYN-00132,Europa,<1MW,Hyperscale,1491,181,Reporte periodico + revision manual,27.67,4,Diario,Cada equipo ve solo su capa,25.0,Energia<->Cooling,"No, es una apreciacion sin evidencia registrada",Nunca se reviso desde la percepcion inicial,0.0,,,,Trimestral o semestral,33.5,Presupuesto,1,"Obstaculo fuerte, poco probable en el corto plazo",50.0
SYN-00133,Norteamerica,<1MW,Colocation,193,3083,"Automatizado, sin intervencion humana",50.0,3,Semanal,Cada equipo ve solo su capa,27.67,Energia<->Cooling,"No, es una apreciacion sin evidencia registrada",Se revisa activamente con cada cambio relevante,50.0,34.7,24.38,29.74,Anual,66.5,"Nada, podriamos resolverlo",0,No es un bloqueante real,100.0
SYN-00134,Europa,1-5MW,Colocation,3,4,Reporte periodico + revision manual,77.67,4,Nunca se cruza la informacion,Cada equipo ve solo su capa,0.0,Energia<->Cooling,"No, es una apreciacion sin evidencia registrada",Nunca se reviso desde la percepcion inicial,0.0,,,,Trimestral o semestral,33.5,Presupuesto; Falta de autoridad/politica interna; Falta de personal capacitado,3,Bloqueante estructural,0.0
SYN-00135,Asia-Pacifico,<1MW,Hyperscale,3569,156,Reporte periodico + revision manual,27.67,3,Mensual o mas espaciado,Cada equipo ve solo su capa,19.33,Workload<->Energia,"Solo estimacion aproximada, sin registro formal",Nunca se reviso desde la percepcion inicial,25.0,40.42,29.5,27.02,Nunca se remidio,50.0,Falta de autoridad/politica interna,1,"Obstaculo fuerte, poco probable en el corto plazo",50.0
SYN-00136,Europa,<1MW,Colocation,55,559,"Alertas automaticas, accion manual",55.67,3,Semanal,Cualquier responsable puede verlas juntas,61.0,Energia<->Cooling,"No, es una apreciacion sin evidencia registrada",Se revisa periodicamente (ej. anual),25.0,,,,Nunca se remidio,0.0,Presupuesto,1,"Obstaculo fuerte, poco probable en el corto plazo",50.0
SYN-00137,Europa,5-20MW,Colocation,21,3064,Reporte periodico + revision manual,36.0,3,Semanal,Cada equipo ve solo su capa,27.67,Energia<->Cooling,"Solo estimacion aproximada, sin registro formal",Se revisa periodicamente (ej. anual),50.0,,,,Trimestral o semestral,33.5,Presupuesto; Falta de herramientas tecnicas; Falta de personal capacitado,3,Bloqueante estructural,0.0
SYN-00138,Europa,1-5MW,Colocation,2965,413,Reporte periodico + revision manual,19.33,2,Nunca se cruza la informacion,Cualquier responsable puede verlas juntas,55.67,Energia<->Cooling,"No, es una apreciacion sin evidencia registrada",Se revisa periodicamente (ej. anual),25.0,54.49,39.58,27.36,Nunca se remidio,50.0,Presupuesto; Falta de autoridad/politica interna; Falta de personal capacitado,3,"Obstaculo fuerte, poco probable en el corto plazo",16.5
SYN-00139,Latinoamerica,>20MW,Hyperscale,170,19,No hay proceso definido,41.67,2,Semanal,Cualquier responsable puede verlas juntas,72.33,Workload<->Energia,"No, es una apreciacion sin evidencia registrada",Nunca se reviso desde la percepcion inicial,0.0,,,,Nunca se remidio,0.0,Presupuesto; Falta de autoridad/politica interna,2,"Obstaculo fuerte, poco probable en el corto plazo",33.0
SYN-00140,Medio Oriente/Africa,1-5MW,Hyperscale,2911,1233,Reporte periodico + revision manual,19.33,3,Semanal,Solo un rol consolida manualmente,44.33,Energia<->Cooling,"No, es una apreciacion sin evidencia registrada",Se revisa activamente con cada cambio relevante,50.0,,,,Trimestral o semestral,33.5,"Nada, podriamos resolverlo",0,No es un bloqueante real,100.0
SYN-00141,Europa,1-5MW,Hyperscale,122,75,No hay proceso definido,33.33,4,Mensual o mas espaciado,Cada equipo ve solo su capa,8.33,Energia<->Cooling,"No, es una apreciacion sin evidencia registrada",Nunca se reviso desde la percepcion inicial,0.0,15.72,13.04,17.05,Anual,66.5,"Nada, podriamos resolverlo",0,No es un bloqueante real,100.0
SYN-00142,Europa,1-5MW,Edge,600,425,"Automatizado, sin intervencion humana",50.0,3,Tiempo real / continuo,Solo un rol consolida manualmente,61.0,Energia<->Cooling,"No, es una apreciacion sin evidencia registrada",Nunca se reviso desde la percepcion inicial,0.0,,,,Trimestral o semestral,33.5,Falta de herramientas tecnicas; Falta de personal capacitado,2,"Obstaculo fuerte, poco probable en el corto plazo",33.0
SYN-00143,Europa,<1MW,Enterprise,2971,1051,Reporte periodico + revision manual,19.33,2,Semanal,Cada equipo ve solo su capa,39.0,Workload<->Energia,"Solo estimacion aproximada, sin registro formal",Nunca se reviso desde la percepcion inicial,25.0,,,,Anual,16.5,"Nada, podriamos resolverlo",0,No es un bloqueante real,100.0
SYN-00144,Asia-Pacifico,1-5MW,Colocation,237,106,No hay proceso definido,33.33,4,Nunca se cruza la informacion,Solo un rol consolida manualmente,16.67,No sabria decir,No aplica,No aplica,0.0,,,,Continuamente / en tiempo real,50.0,Falta de personal capacitado,1,"Obstaculo fuerte, poco probable en el corto plazo",50.0
SYN-00145,Latinoamerica,1-5MW,Enterprise,728,142,"Alertas automaticas, accion manual",47.33,4,Diario,Cada equipo ve solo su capa,25.0,Workload<->Energia,"No, es una apreciacion sin evidencia registrada",Se revisa periodicamente (ej. anual),25.0,,,,Trimestral o semestral,33.5,Presupuesto; Falta de autoridad/politica interna; Falta de herramientas tecnicas; Falta de personal capacitado,4,"Obstaculo fuerte, poco probable en el corto plazo",16.5
SYN-00146,Latinoamerica,1-5MW,Edge,1016,157,"Alertas automaticas, accion manual",47.33,3,Nunca se cruza la informacion,Cada equipo ve solo su capa,11.0,Workload<->Energia,"Solo estimacion aproximada, sin registro formal",Se revisa activamente con cada cambio relevante,75.0,,,,Trimestral o semestral,33.5,Presupuesto; Falta de herramientas tecnicas; Falta de personal capacitado,3,"Obstaculo fuerte, poco probable en el corto plazo",16.5
SYN-00147,Norteamerica,<1MW,Enterprise,1229,1124,No hay proceso definido,16.67,2,Nunca se cruza la informacion,Solo un rol consolida manualmente,39.0,Energia<->Cooling,"Solo estimacion aproximada, sin registro formal",Se revisa activamente con cada cambio relevante,75.0,,,,Nunca se remidio,0.0,Falta de autoridad/politica interna; Falta de herramientas tecnicas; Falta de personal capacitado,3,No es un bloqueante real,50.0
SYN-00148,Medio Oriente/Africa,>20MW,Colocation,6,136,No hay proceso definido,41.67,3,Mensual o mas espaciado,Cualquier responsable puede verlas juntas,52.67,Energia<->Cooling,"No, es una apreciacion sin evidencia registrada",Nunca se reviso desde la percepcion inicial,0.0,,,,Trimestral o semestral,33.5,Falta de personal capacitado,1,"Obstaculo fuerte, poco probable en el corto plazo",50.0
SYN-00149,Latinoamerica,1-5MW,Enterprise,2954,8,"Alertas automaticas, accion manual",47.33,3,Semanal,Solo un rol consolida manualmente,44.33,Energia<->Cooling,"No, es una apreciacion sin evidencia registrada",Nunca se reviso desde la percepcion inicial,0.0,21.94,14.39,34.41,Anual,66.5,"Nada, podriamos resolverlo",0,No es un bloqueante real,100.0
SYN-00150,Medio Oriente/Africa,>20MW,Edge,723,402,Reporte periodico + revision manual,27.67,4,Tiempo real / continuo,Cada equipo ve solo su capa,33.33,Cooling<->Workload,"No, es una apreciacion sin evidencia registrada",Nunca se reviso desde la percepcion inicial,0.0,57.06,54.79,3.98,Trimestral o semestral,83.5,Presupuesto; Falta de autoridad/politica interna; Falta de herramientas tecnicas; Falta de personal capacitado,4,"Obstaculo fuerte, poco probable en el corto plazo",16.5
SYN-00151,Europa,1-5MW,Enterprise,78,41,Reporte periodico + revision manual,52.67,2,Semanal,Solo un rol consolida manualmente,55.67,Workload<->Energia,"No, es una apreciacion sin evidencia registrada",Nunca se reviso desde la percepcion inicial,0.0,,,,Anual,16.5,Presupuesto; Falta de autoridad/politica interna,2,Bloqueante estructural,16.5
SYN-00152,Norteamerica,<1MW,Enterprise,2849,2522,Reporte periodico + revision manual,11.0,3,Mensual o mas espaciado,Cualquier responsable puede verlas juntas,52.67,Energia<->Cooling,"Si, con reporte o medicion concreta",Nunca se reviso desde la percepcion inicial,50.0,,,,Continuamente / en tiempo real,50.0,Falta de autoridad/politica interna; Falta de herramientas tecnicas,2,Bloqueante estructural,16.5
SYN-00153,Asia-Pacifico,<1MW,Enterprise,2682,186,No hay proceso definido,16.67,3,Nunca se cruza la informacion,Solo un rol consolida manualmente,27.67,Energia<->Cooling,"No, es una apreciacion sin evidencia registrada",Nunca se reviso desde la percepcion inicial,0.0,,,,Nunca se remidio,0.0,Falta de autoridad/politica interna,1,"Obstaculo fuerte, poco probable en el corto plazo",50.0
SYN-00154,Latinoamerica,5-20MW,Hyperscale,566,51,Reporte periodico + revision manual,44.33,2,Nunca se cruza la informacion,Cada equipo ve solo su capa,22.33,Energia<->Cooling,"Solo estimacion aproximada, sin registro formal",Nunca se reviso desde la percepcion inicial,25.0,,,,Trimestral o semestral,33.5,Presupuesto; Falta de personal capacitado,2,Bloqueante estructural,16.5
SYN-00155,Medio Oriente/Africa,>20MW,Hyperscale,736,213,Reporte periodico + revision manual,36.0,4,Mensual o mas espaciado,Cada equipo ve solo su capa,8.33,Energia<->Cooling,"No, es una apreciacion sin evidencia registrada",Se revisa periodicamente (ej. anual),25.0,,,,Continuamente / en tiempo real,50.0,Presupuesto; Falta de autoridad/politica interna,2,"Obstaculo moderado, resoluble con esfuerzo",50.0
SYN-00156,Europa,1-5MW,Colocation,165,259,Reporte periodico + revision manual,36.0,2,Diario,Cada equipo ve solo su capa,47.33,Energia<->Cooling,"No, es una apreciacion sin evidencia registrada",Nunca se reviso desde la percepcion inicial,0.0,,,,Nunca se remidio,0.0,Presupuesto,1,"Obstaculo moderado, resoluble con esfuerzo",67.0
SYN-00157,Asia-Pacifico,>20MW,Hyperscale,5,2973,Reporte periodico + revision manual,44.33,3,Semanal,Cada equipo ve solo su capa,27.67,Cooling<->Workload,"Solo estimacion aproximada, sin registro formal",Se revisa periodicamente (ej. anual),50.0,,,,Trimestral o semestral,33.5,Falta de personal capacitado,1,"Obstaculo fuerte, poco probable en el corto plazo",50.0
SYN-00158,Europa,<1MW,Edge,527,1259,No hay proceso definido,16.67,2,Semanal,Solo un rol consolida manualmente,55.67,Energia<->Cooling,"No, es una apreciacion sin evidencia registrada",Nunca se reviso desde la percepcion inicial,0.0,44.14,31.5,28.64,Trimestral o semestral,83.5,Presupuesto,1,"Obstaculo fuerte, poco probable en el corto plazo",50.0
SYN-00159,Europa,1-5MW,Enterprise,14,1385,No hay proceso definido,33.33,2,Mensual o mas espaciado,Solo un rol consolida manualmente,47.33,Energia<->Cooling,"Solo estimacion aproximada, sin registro formal",Nunca se reviso desde la percepcion inicial,25.0,,,,Nunca se remidio,0.0,Presupuesto; Falta de autoridad/politica interna; Falta de herramientas tecnicas,3,"Obstaculo fuerte, poco probable en el corto plazo",16.5
SYN-00160,Medio Oriente/Africa,<1MW,Edge,3490,49,Reporte periodico + revision manual,36.0,2,Diario,Cada equipo ve solo su capa,47.33,Energia<->Cooling,"Solo estimacion aproximada, sin registro formal",Se revisa periodicamente (ej. anual),50.0,,,,Nunca se remidio,0.0,Presupuesto; Falta de autoridad/politica interna,2,"Obstaculo fuerte, poco probable en el corto plazo",33.0
SYN-00161,Europa,5-20MW,Hyperscale,2,104,Reporte periodico + revision manual,61.0,2,Nunca se cruza la informacion,Cada equipo ve solo su capa,22.33,Energia<->Cooling,"Solo estimacion aproximada, sin registro formal",Se revisa periodicamente (ej. anual),50.0,,,,Anual,16.5,Presupuesto,1,Bloqueante estructural,33.5
SYN-00162,Medio Oriente/Africa,1-5MW,Hyperscale,750,149,Reporte periodico + revision manual,36.0,2,Mensual o mas espaciado,Solo un rol consolida manualmente,47.33,Energia<->Cooling,"Si, con reporte o medicion concreta",Nunca se reviso desde la percepcion inicial,50.0,,,,Anual,16.5,Presupuesto; Falta de personal capacitado,2,Bloqueante estructural,16.5
SYN-00163,Latinoamerica,5-20MW,Colocation,57,119,"Alertas automaticas, accion manual",64.0,4,Semanal,Cualquier responsable puede verlas juntas,50.0,Cooling<->Workload,"Si, con reporte o medicion concreta",Nunca se reviso desde la percepcion inicial,50.0,,,,Anual,16.5,"Nada, podriamos resolverlo",0,No es un bloqueante real,100.0
SYN-00164,Norteamerica,<1MW,Hyperscale,0,158,"Alertas automaticas, accion manual",72.33,2,Mensual o mas espaciado,Solo un rol consolida manualmente,47.33,Workload<->Energia,"Si, con reporte o medicion concreta",Se revisa periodicamente (ej. anual),75.0,32.18,27.81,13.58,Anual,66.5,Falta de personal capacitado,1,Bloqueante estructural,33.5
SYN-00165,Latinoamerica,1-5MW,Colocation,1312,2907,No hay proceso definido,8.33,2,Tiempo real / continuo,Solo un rol consolida manualmente,72.33,Energia<->Cooling,"No, es una apreciacion sin evidencia registrada",Se revisa periodicamente (ej. anual),25.0,40.95,35.28,13.85,Nunca se remidio,50.0,Falta de herramientas tecnicas; Falta de personal capacitado,2,"Obstaculo fuerte, poco probable en el corto plazo",33.0
SYN-00166,Norteamerica,5-20MW,Colocation,847,73,"Automatizado, sin intervencion humana",58.33,2,Tiempo real / continuo,Solo un rol consolida manualmente,72.33,Workload<->Energia,"Solo estimacion aproximada, sin registro formal",Nunca se reviso desde la percepcion inicial,25.0,45.98,28.74,37.49,Nunca se remidio,50.0,Presupuesto; Falta de autoridad/politica interna,2,Bloqueante estructural,16.5
SYN-00167,Norteamerica,5-20MW,Enterprise,31,177,"Alertas automaticas, accion manual",64.0,3,Nunca se cruza la informacion,Cada equipo ve solo su capa,11.0,Workload<->Energia,"No, es una apreciacion sin evidencia registrada",Se revisa activamente con cada cambio relevante,50.0,,,,Continuamente / en tiempo real,50.0,Falta de autoridad/politica interna,1,Bloqueante estructural,33.5
SYN-00168,Latinoamerica,1-5MW,Edge,300,1976,Reporte periodico + revision manual,19.33,3,Nunca se cruza la informacion,Solo un rol consolida manualmente,27.67,Energia<->Cooling,"No, es una apreciacion sin evidencia registrada",Se revisa activamente con cada cambio relevante,50.0,,,,Anual,16.5,Falta de herramientas tecnicas,1,Bloqueante estructural,33.5
SYN-00169,Medio Oriente/Africa,<1MW,Edge,750,1029,"Alertas automaticas, accion manual",39.0,4,Nunca se cruza la informacion,Cada equipo ve solo su capa,0.0,Energia<->Cooling,"No, es una apreciacion sin evidencia registrada",Se revisa periodicamente (ej. anual),25.0,,,,Anual,16.5,Presupuesto,1,"Obstaculo moderado, resoluble con esfuerzo",67.0
SYN-00170,Medio Oriente/Africa,1-5MW,Edge,121,34,No hay proceso definido,41.67,3,Nunca se cruza la informacion,Solo un rol consolida manualmente,27.67,Energia<->Cooling,"Solo estimacion aproximada, sin registro formal",Nunca se reviso desde la percepcion inicial,25.0,25.92,18.94,26.93,Nunca se remidio,50.0,Presupuesto; Falta de autoridad/politica interna,2,"Obstaculo moderado, resoluble con esfuerzo",50.0
SYN-00171,Medio Oriente/Africa,1-5MW,Edge,2929,2354,No hay proceso definido,0.0,2,Nunca se cruza la informacion,Cada equipo ve solo su capa,22.33,Workload<->Energia,"Solo estimacion aproximada, sin registro formal",Se revisa periodicamente (ej. anual),50.0,40.22,28.16,29.99,Nunca se remidio,50.0,Falta de personal capacitado,1,Bloqueante estructural,33.5
SYN-00172,Latinoamerica,1-5MW,Edge,45,13,No hay proceso definido,50.0,3,Mensual o mas espaciado,Cada equipo ve solo su capa,19.33,Workload<->Energia,"Si, con reporte o medicion concreta",Se revisa periodicamente (ej. anual),75.0,,,,Nunca se remidio,0.0,"Nada, podriamos resolverlo",0,No es un bloqueante real,100.0
SYN-00173,Medio Oriente/Africa,1-5MW,Edge,5,3,No hay proceso definido,66.67,3,Mensual o mas espaciado,Cada equipo ve solo su capa,19.33,Energia<->Cooling,"No, es una apreciacion sin evidencia registrada",Nunca se reviso desde la percepcion inicial,0.0,24.47,18.94,22.6,Nunca se remidio,50.0,"Nada, podriamos resolverlo",0,No es un bloqueante real,100.0
SYN-00174,Europa,5-20MW,Edge,2645,514,"Alertas automaticas, accion manual",30.67,3,Nunca se cruza la informacion,Cada equipo ve solo su capa,11.0,Workload<->Energia,"Solo estimacion aproximada, sin registro formal",Se revisa periodicamente (ej. anual),50.0,,,,Nunca se remidio,0.0,Presupuesto; Falta de autoridad/politica interna,2,Bloqueante estructural,16.5
SYN-00175,Europa,1-5MW,Enterprise,962,1434,Reporte periodico + revision manual,27.67,3,Semanal,Cada equipo ve solo su capa,27.67,Workload<->Energia,"Solo estimacion aproximada, sin registro formal",Nunca se reviso desde la percepcion inicial,25.0,,,,Anual,16.5,Presupuesto; Falta de autoridad/politica interna; Falta de personal capacitado,3,Bloqueante estructural,0.0
SYN-00176,Europa,5-20MW,Enterprise,9,845,"Alertas automaticas, accion manual",55.67,3,Semanal,Solo un rol consolida manualmente,44.33,Workload<->Energia,"No, es una apreciacion sin evidencia registrada",Nunca se reviso desde la percepcion inicial,0.0,39.53,33.53,15.18,Nunca se remidio,50.0,Falta de herramientas tecnicas,1,"Obstaculo fuerte, poco probable en el corto plazo",50.0
SYN-00177,Asia-Pacifico,<1MW,Hyperscale,656,1148,No hay proceso definido,16.67,4,Mensual o mas espaciado,Cada equipo ve solo su capa,8.33,Workload<->Energia,"Solo estimacion aproximada, sin registro formal",Nunca se reviso desde la percepcion inicial,25.0,,,,Nunca se remidio,0.0,Presupuesto; Falta de autoridad/politica interna; Falta de personal capacitado,3,"Obstaculo moderado, resoluble con esfuerzo",33.5
SYN-00178,Medio Oriente/Africa,<1MW,Edge,2,507,"Alertas automaticas, accion manual",64.0,4,Tiempo real / continuo,Solo un rol consolida manualmente,50.0,No sabria decir,No aplica,No aplica,0.0,55.86,39.86,28.64,Nunca se remidio,50.0,"Nada, podriamos resolverlo",0,No es un bloqueante real,100.0
SYN-00179,Medio Oriente/Africa,5-20MW,Hyperscale,891,617,Reporte periodico + revision manual,27.67,4,Diario,Cada equipo ve solo su capa,25.0,Cooling<->Workload,"Solo estimacion aproximada, sin registro formal",Nunca se reviso desde la percepcion inicial,25.0,,,,Anual,16.5,Presupuesto,1,"Obstaculo fuerte, poco probable en el corto plazo",50.0
SYN-00180,Norteamerica,<1MW,Enterprise,225,740,No hay proceso definido,25.0,3,Semanal,Cada equipo ve solo su capa,27.67,No sabria decir,No aplica,No aplica,0.0,,,,Anual,16.5,Presupuesto,1,Bloqueante estructural,33.5
SYN-00181,Latinoamerica,>20MW,Hyperscale,227,38,"Automatizado, sin intervencion humana",75.0,1,Nunca se cruza la informacion,Cada equipo ve solo su capa,33.33,Cooling<->Workload,"No, es una apreciacion sin evidencia registrada",Se revisa periodicamente (ej. anual),25.0,,,,Trimestral o semestral,33.5,Falta de herramientas tecnicas,1,Bloqueante estructural,33.5
SYN-00182,Latinoamerica,<1MW,Colocation,5,83,"Automatizado, sin intervencion humana",83.33,2,Semanal,Cualquier responsable puede verlas juntas,72.33,Workload<->Energia,"No, es una apreciacion sin evidencia registrada",Se revisa periodicamente (ej. anual),25.0,,,,Anual,16.5,Presupuesto; Falta de autoridad/politica interna; Falta de herramientas tecnicas; Falta de personal capacitado,4,"Obstaculo fuerte, poco probable en el corto plazo",16.5
SYN-00183,Norteamerica,<1MW,Hyperscale,189,56,No hay proceso definido,41.67,3,Semanal,Cada equipo ve solo su capa,27.67,Energia<->Cooling,"No, es una apreciacion sin evidencia registrada",Se revisa activamente con cada cambio relevante,50.0,14.75,11.47,22.24,Nunca se remidio,50.0,Presupuesto; Falta de herramientas tecnicas,2,Bloqueante estructural,16.5
SYN-00184,Asia-Pacifico,<1MW,Colocation,6,1048,Reporte periodico + revision manual,44.33,4,Semanal,Cada equipo ve solo su capa,16.67,No sabria decir,No aplica,No aplica,0.0,,,,Anual,16.5,Falta de herramientas tecnicas; Falta de personal capacitado,2,Bloqueante estructural,16.5
SYN-00185,Europa,<1MW,Colocation,1402,3689,Reporte periodico + revision manual,19.33,3,Semanal,Cualquier responsable puede verlas juntas,61.0,Energia<->Cooling,"No, es una apreciacion sin evidencia registrada",Se revisa periodicamente (ej. anual),25.0,,,,Trimestral o semestral,33.5,Falta de autoridad/politica interna,1,"Obstaculo moderado, resoluble con esfuerzo",67.0
SYN-00186,Latinoamerica,5-20MW,Enterprise,553,987,No hay proceso definido,16.67,4,Diario,Solo un rol consolida manualmente,41.67,Workload<->Energia,"No, es una apreciacion sin evidencia registrada",Nunca se reviso desde la percepcion inicial,0.0,,,,Anual,16.5,Falta de autoridad/politica interna,1,Bloqueante estructural,33.5
SYN-00187,Latinoamerica,<1MW,Colocation,408,2014,No hay proceso definido,8.33,2,Mensual o mas espaciado,Cada equipo ve solo su capa,30.67,Workload<->Energia,"No, es una apreciacion sin evidencia registrada",Nunca se reviso desde la percepcion inicial,0.0,,,,Nunca se remidio,0.0,Falta de herramientas tecnicas; Falta de personal capacitado,2,"Obstaculo moderado, resoluble con esfuerzo",50.0
SYN-00188,Medio Oriente/Africa,>20MW,Colocation,118,3856,No hay proceso definido,16.67,2,Mensual o mas espaciado,Cada equipo ve solo su capa,30.67,Energia<->Cooling,"Solo estimacion aproximada, sin registro formal",Nunca se reviso desde la percepcion inicial,25.0,,,,Nunca se remidio,0.0,Falta de autoridad/politica interna,1,"Obstaculo moderado, resoluble con esfuerzo",67.0
SYN-00189,Medio Oriente/Africa,1-5MW,Edge,1606,185,"Alertas automaticas, accion manual",39.0,2,Semanal,Cada equipo ve solo su capa,39.0,Cooling<->Workload,"No, es una apreciacion sin evidencia registrada",Se revisa periodicamente (ej. anual),25.0,,,,Nunca se remidio,0.0,Presupuesto; Falta de herramientas tecnicas,2,"Obstaculo fuerte, poco probable en el corto plazo",33.0
SYN-00190,Asia-Pacifico,5-20MW,Colocation,157,228,No hay proceso definido,33.33,1,Semanal,Cada equipo ve solo su capa,50.0,Energia<->Cooling,"Solo estimacion aproximada, sin registro formal",Nunca se reviso desde la percepcion inicial,25.0,,,,Nunca se remidio,0.0,Falta de autoridad/politica interna,1,"Obstaculo moderado, resoluble con esfuerzo",67.0
SYN-00191,Medio Oriente/Africa,5-20MW,Colocation,16,91,No hay proceso definido,41.67,3,Semanal,Cualquier responsable puede verlas juntas,61.0,Workload<->Energia,"Solo estimacion aproximada, sin registro formal",Nunca se reviso desde la percepcion inicial,25.0,,,,Anual,16.5,Presupuesto; Falta de autoridad/politica interna; Falta de personal capacitado,3,"Obstaculo fuerte, poco probable en el corto plazo",16.5
SYN-00192,Medio Oriente/Africa,1-5MW,Hyperscale,17,1071,Reporte periodico + revision manual,44.33,3,Tiempo real / continuo,Cada equipo ve solo su capa,44.33,Workload<->Energia,"Solo estimacion aproximada, sin registro formal",Se revisa activamente con cada cambio relevante,75.0,,,,Nunca se remidio,0.0,Falta de autoridad/politica interna,1,Bloqueante estructural,33.5
SYN-00193,Europa,5-20MW,Colocation,942,3884,Reporte periodico + revision manual,19.33,2,Semanal,Cualquier responsable puede verlas juntas,72.33,Energia<->Cooling,"No, es una apreciacion sin evidencia registrada",Se revisa periodicamente (ej. anual),25.0,,,,Trimestral o semestral,33.5,Presupuesto; Falta de personal capacitado,2,Bloqueante estructural,16.5
SYN-00194,Medio Oriente/Africa,<1MW,Hyperscale,507,3649,No hay proceso definido,8.33,4,Nunca se cruza la informacion,Cada equipo ve solo su capa,0.0,Cooling<->Workload,"Solo estimacion aproximada, sin registro formal",Se revisa activamente con cada cambio relevante,75.0,,,,Trimestral o semestral,33.5,"Nada, podriamos resolverlo",0,No es un bloqueante real,100.0
SYN-00195,Medio Oriente/Africa,<1MW,Edge,36,412,"Alertas automaticas, accion manual",55.67,4,Semanal,Solo un rol consolida manualmente,33.33,Workload<->Energia,"No, es una apreciacion sin evidencia registrada",Nunca se reviso desde la percepcion inicial,0.0,2.42,2.22,8.26,Nunca se remidio,50.0,Falta de autoridad/politica interna; Falta de personal capacitado,2,"Obstaculo fuerte, poco probable en el corto plazo",33.0
SYN-00196,Asia-Pacifico,5-20MW,Edge,805,3068,No hay proceso definido,8.33,3,Nunca se cruza la informacion,Solo un rol consolida manualmente,27.67,Energia<->Cooling,"No, es una apreciacion sin evidencia registrada",Se revisa periodicamente (ej. anual),25.0,,,,Anual,16.5,"Nada, podriamos resolverlo",0,No es un bloqueante real,100.0
SYN-00197,Europa,>20MW,Colocation,38,147,No hay proceso definido,41.67,3,Mensual o mas espaciado,Cualquier responsable puede verlas juntas,52.67,Energia<->Cooling,"No, es una apreciacion sin evidencia registrada",Nunca se reviso desde la percepcion inicial,0.0,,,,Anual,16.5,Falta de autoridad/politica interna; Falta de herramientas tecnicas,2,"Obstaculo fuerte, poco probable en el corto plazo",33.0
SYN-00198,Latinoamerica,>20MW,Enterprise,358,2158,No hay proceso definido,8.33,3,Semanal,Cada equipo ve solo su capa,27.67,Workload<->Energia,"Solo estimacion aproximada, sin registro formal",Se revisa activamente con cada cambio relevante,75.0,,,,Anual,16.5,Presupuesto; Falta de autoridad/politica interna; Falta de herramientas tecnicas; Falta de personal capacitado,4,No es un bloqueante real,50.0
SYN-00199,Europa,<1MW,Enterprise,964,1071,Reporte periodico + revision manual,27.67,3,Mensual o mas espaciado,Cualquier responsable puede verlas juntas,52.67,Energia<->Cooling,"Solo estimacion aproximada, sin registro formal",Nunca se reviso desde la percepcion inicial,25.0,,,,Anual,16.5,Falta de autoridad/politica interna; Falta de personal capacitado,2,Bloqueante estructural,16.5
SYN-00200,Medio Oriente/Africa,<1MW,Enterprise,38,10,Reporte periodico + revision manual,61.0,2,Diario,Cada equipo ve solo su capa,47.33,Energia<->Cooling,"Solo estimacion aproximada, sin registro formal",Nunca se reviso desde la percepcion inicial,25.0,,,,Anual,16.5,Presupuesto; Falta de herramientas tecnicas,2,Bloqueante estructural,16.5
SYN-00201,Latinoamerica,<1MW,Edge,10,117,No hay proceso definido,41.67,2,Semanal,Cada equipo ve solo su capa,39.0,Cooling<->Workload,"Si, con reporte o medicion concreta",Nunca se reviso desde la percepcion inicial,50.0,7.39,6.23,15.7,Continuamente / en tiempo real,100.0,"Nada, podriamos resolverlo",0,No es un bloqueante real,100.0
SYN-00202,Asia-Pacifico,1-5MW,Colocation,649,122,No hay proceso definido,25.0,2,Semanal,Solo un rol consolida manualmente,55.67,Workload<->Energia,"Solo estimacion aproximada, sin registro formal",Se revisa activamente con cada cambio relevante,75.0,,,,Nunca se remidio,0.0,"Nada, podriamos resolverlo",0,No es un bloqueante real,100.0
SYN-00203,Norteamerica,>20MW,Enterprise,1249,3794,No hay proceso definido,8.33,3,Nunca se cruza la informacion,Cada equipo ve solo su capa,11.0,Energia<->Cooling,"Solo estimacion aproximada, sin registro formal",Nunca se reviso desde la percepcion inicial,25.0,48.36,43.85,9.33,Anual,66.5,Presupuesto,1,"Obstaculo moderado, resoluble con esfuerzo",67.0
SYN-00204,Norteamerica,>20MW,Enterprise,265,1018,Reporte periodico + revision manual,27.67,2,Mensual o mas espaciado,Solo un rol consolida manualmente,47.33,Cooling<->Workload,"Solo estimacion aproximada, sin registro formal",Se revisa periodicamente (ej. anual),50.0,,,,Anual,16.5,Presupuesto; Falta de autoridad/politica interna,2,Bloqueante estructural,16.5
SYN-00205,Asia-Pacifico,>20MW,Colocation,1420,445,No hay proceso definido,16.67,4,Mensual o mas espaciado,Cada equipo ve solo su capa,8.33,Energia<->Cooling,"No, es una apreciacion sin evidencia registrada",Nunca se reviso desde la percepcion inicial,0.0,,,,Continuamente / en tiempo real,50.0,Presupuesto; Falta de autoridad/politica interna,2,"Obstaculo fuerte, poco probable en el corto plazo",33.0
SYN-00206,Asia-Pacifico,>20MW,Enterprise,206,0,No hay proceso definido,50.0,1,Nunca se cruza la informacion,Solo un rol consolida manualmente,50.0,Workload<->Energia,"Solo estimacion aproximada, sin registro formal",Se revisa periodicamente (ej. anual),50.0,,,,Nunca se remidio,0.0,Falta de autoridad/politica interna; Falta de herramientas tecnicas; Falta de personal capacitado,3,Bloqueante estructural,0.0
SYN-00207,Medio Oriente/Africa,1-5MW,Colocation,2606,233,Reporte periodico + revision manual,27.67,4,Semanal,Cualquier responsable puede verlas juntas,50.0,Workload<->Energia,"Solo estimacion aproximada, sin registro formal",Nunca se reviso desde la percepcion inicial,25.0,,,,Nunca se remidio,0.0,"Nada, podriamos resolverlo",0,No es un bloqueante real,100.0
SYN-00208,Norteamerica,<1MW,Colocation,141,135,No hay proceso definido,33.33,3,Semanal,Cada equipo ve solo su capa,27.67,Workload<->Energia,"No, es una apreciacion sin evidencia registrada",Nunca se reviso desde la percepcion inicial,0.0,,,,Anual,16.5,Presupuesto; Falta de herramientas tecnicas; Falta de personal capacitado,3,"Obstaculo moderado, resoluble con esfuerzo",33.5
SYN-00209,Norteamerica,1-5MW,Colocation,85,36,Reporte periodico + revision manual,52.67,1,Semanal,Cada equipo ve solo su capa,50.0,Energia<->Cooling,"Solo estimacion aproximada, sin registro formal",Se revisa activamente con cada cambio relevante,75.0,,,,Nunca se remidio,0.0,Presupuesto; Falta de autoridad/politica interna; Falta de herramientas tecnicas,3,"Obstaculo moderado, resoluble con esfuerzo",33.5
SYN-00210,Europa,<1MW,Hyperscale,907,3354,No hay proceso definido,8.33,3,Semanal,Solo un rol consolida manualmente,44.33,No sabria decir,No aplica,No aplica,0.0,,,,Trimestral o semestral,33.5,"Nada, podriamos resolverlo",0,No es un bloqueante real,100.0
SYN-00211,Medio Oriente/Africa,5-20MW,Enterprise,706,3250,Reporte periodico + revision manual,19.33,3,Diario,Cualquier responsable puede verlas juntas,69.33,Cooling<->Workload,"No, es una apreciacion sin evidencia registrada",Se revisa activamente con cada cambio relevante,50.0,,,,Anual,16.5,Falta de personal capacitado,1,Bloqueante estructural,33.5
SYN-00212,Asia-Pacifico,1-5MW,Hyperscale,627,204,Reporte periodico + revision manual,36.0,2,Mensual o mas espaciado,Cada equipo ve solo su capa,30.67,Workload<->Energia,"Solo estimacion aproximada, sin registro formal",Se revisa activamente con cada cambio relevante,75.0,,,,Anual,16.5,Falta de personal capacitado,1,"Obstaculo fuerte, poco probable en el corto plazo",50.0
SYN-00213,Medio Oriente/Africa,5-20MW,Edge,10,24,"Alertas automaticas, accion manual",72.33,3,Mensual o mas espaciado,Cada equipo ve solo su capa,19.33,Cooling<->Workload,"Solo estimacion aproximada, sin registro formal",Se revisa activamente con cada cambio relevante,75.0,,,,Continuamente / en tiempo real,50.0,Falta de autoridad/politica interna; Falta de herramientas tecnicas,2,No es un bloqueante real,66.5
SYN-00214,Norteamerica,1-5MW,Hyperscale,941,188,No hay proceso definido,25.0,3,Nunca se cruza la informacion,Solo un rol consolida manualmente,27.67,Workload<->Energia,"No, es una apreciacion sin evidencia registrada",Se revisa activamente con cada cambio relevante,50.0,,,,Continuamente / en tiempo real,50.0,Presupuesto; Falta de autoridad/politica interna,2,Bloqueante estructural,16.5
SYN-00215,Norteamerica,1-5MW,Edge,1148,69,"Alertas automaticas, accion manual",47.33,3,Diario,Cada equipo ve solo su capa,36.0,Energia<->Cooling,"Solo estimacion aproximada, sin registro formal",Nunca se reviso desde la percepcion inicial,25.0,,,,Trimestral o semestral,33.5,Falta de personal capacitado,1,"Obstaculo fuerte, poco probable en el corto plazo",50.0
SYN-00216,Asia-Pacifico,1-5MW,Enterprise,4171,89,"Alertas automaticas, accion manual",39.0,3,Tiempo real / continuo,Cada equipo ve solo su capa,44.33,Cooling<->Workload,"Solo estimacion aproximada, sin registro formal",Se revisa periodicamente (ej. anual),50.0,,,,Nunca se remidio,0.0,Falta de herramientas tecnicas,1,"Obstaculo moderado, resoluble con esfuerzo",67.0
SYN-00217,Latinoamerica,<1MW,Enterprise,4001,28,No hay proceso definido,25.0,3,Nunca se cruza la informacion,Cualquier responsable puede verlas juntas,44.33,Energia<->Cooling,"No, es una apreciacion sin evidencia registrada",Nunca se reviso desde la percepcion inicial,0.0,,,,Nunca se remidio,0.0,Presupuesto; Falta de autoridad/politica interna,2,"Obstaculo moderado, resoluble con esfuerzo",50.0
SYN-00218,Norteamerica,>20MW,Edge,1352,629,Reporte periodico + revision manual,27.67,3,Semanal,Solo un rol consolida manualmente,44.33,Workload<->Energia,"No, es una apreciacion sin evidencia registrada",Nunca se reviso desde la percepcion inicial,0.0,32.81,30.04,8.44,Anual,66.5,Presupuesto,1,Bloqueante estructural,33.5
SYN-00219,Medio Oriente/Africa,5-20MW,Colocation,77,1344,No hay proceso definido,25.0,2,Mensual o mas espaciado,Cada equipo ve solo su capa,30.67,Energia<->Cooling,"Solo estimacion aproximada, sin registro formal",Se revisa periodicamente (ej. anual),50.0,,,,Continuamente / en tiempo real,50.0,Falta de autoridad/politica interna; Falta de personal capacitado,2,No es un bloqueante real,66.5
SYN-00220,Norteamerica,>20MW,Colocation,42,1036,No hay proceso definido,33.33,3,Mensual o mas espaciado,Solo un rol consolida manualmente,36.0,Energia<->Cooling,"No, es una apreciacion sin evidencia registrada",Se revisa activamente con cada cambio relevante,50.0,,,,Trimestral o semestral,33.5,Presupuesto; Falta de herramientas tecnicas,2,"Obstaculo moderado, resoluble con esfuerzo",50.0
SYN-00221,Medio Oriente/Africa,>20MW,Enterprise,360,2529,Reporte periodico + revision manual,19.33,3,Nunca se cruza la informacion,Cualquier responsable puede verlas juntas,44.33,Energia<->Cooling,"Solo estimacion aproximada, sin registro formal",Se revisa activamente con cada cambio relevante,75.0,24.35,17.74,27.15,Trimestral o semestral,83.5,"Nada, podriamos resolverlo",0,No es un bloqueante real,100.0
SYN-00222,Medio Oriente/Africa,>20MW,Hyperscale,1421,178,No hay proceso definido,25.0,3,Diario,Cada equipo ve solo su capa,36.0,Cooling<->Workload,"Solo estimacion aproximada, sin registro formal",Nunca se reviso desde la percepcion inicial,25.0,,,,Nunca se remidio,0.0,"Nada, podriamos resolverlo",0,No es un bloqueante real,100.0
SYN-00223,Asia-Pacifico,>20MW,Edge,2765,1394,Reporte periodico + revision manual,19.33,3,Mensual o mas espaciado,Cada equipo ve solo su capa,19.33,Energia<->Cooling,"Solo estimacion aproximada, sin registro formal",Nunca se reviso desde la percepcion inicial,25.0,4.01,3.12,22.19,Trimestral o semestral,83.5,Falta de autoridad/politica interna; Falta de personal capacitado,2,"Obstaculo moderado, resoluble con esfuerzo",50.0
SYN-00224,Asia-Pacifico,1-5MW,Hyperscale,2,22,Reporte periodico + revision manual,69.33,3,Semanal,Cada equipo ve solo su capa,27.67,Energia<->Cooling,"Solo estimacion aproximada, sin registro formal",Nunca se reviso desde la percepcion inicial,25.0,,,,Nunca se remidio,0.0,Falta de autoridad/politica interna,1,"Obstaculo fuerte, poco probable en el corto plazo",50.0
SYN-00225,Norteamerica,5-20MW,Hyperscale,1421,75,No hay proceso definido,25.0,2,Nunca se cruza la informacion,Solo un rol consolida manualmente,39.0,No sabria decir,No aplica,No aplica,0.0,46.68,35.52,23.91,Nunca se remidio,50.0,"Nada, podriamos resolverlo",0,No es un bloqueante real,100.0
SYN-00226,Norteamerica,5-20MW,Hyperscale,205,38,No hay proceso definido,41.67,2,Mensual o mas espaciado,Cada equipo ve solo su capa,30.67,No sabria decir,No aplica,No aplica,0.0,,,,Nunca se remidio,0.0,Presupuesto; Falta de personal capacitado,2,"Obstaculo moderado, resoluble con esfuerzo",50.0
SYN-00227,Latinoamerica,<1MW,Edge,163,508,No hay proceso definido,25.0,3,Diario,Solo un rol consolida manualmente,52.67,Cooling<->Workload,"No, es una apreciacion sin evidencia registrada",Nunca se reviso desde la percepcion inicial,0.0,,,,Trimestral o semestral,33.5,Presupuesto,1,"Obstaculo moderado, resoluble con esfuerzo",67.0
SYN-00228,Latinoamerica,>20MW,Enterprise,143,228,"Automatizado, sin intervencion humana",66.67,2,Nunca se cruza la informacion,Cada equipo ve solo su capa,22.33,No sabria decir,No aplica,No aplica,0.0,,,,Trimestral o semestral,33.5,Presupuesto; Falta de herramientas tecnicas,2,Bloqueante estructural,16.5
SYN-00229,Norteamerica,<1MW,Hyperscale,219,2619,"Automatizado, sin intervencion humana",50.0,3,Diario,Solo un rol consolida manualmente,52.67,Energia<->Cooling,"Solo estimacion aproximada, sin registro formal",Se revisa periodicamente (ej. anual),50.0,32.35,25.23,22.01,Nunca se remidio,50.0,Presupuesto; Falta de herramientas tecnicas,2,"Obstaculo fuerte, poco probable en el corto plazo",33.0
SYN-00230,Norteamerica,5-20MW,Colocation,18,796,"Automatizado, sin intervencion humana",66.67,3,Tiempo real / continuo,Solo un rol consolida manualmente,61.0,Energia<->Cooling,"No, es una apreciacion sin evidencia registrada",Nunca se reviso desde la percepcion inicial,0.0,,,,Continuamente / en tiempo real,50.0,Falta de herramientas tecnicas,1,Bloqueante estructural,33.5
SYN-00231,Norteamerica,5-20MW,Edge,3618,18,Reporte periodico + revision manual,36.0,3,Nunca se cruza la informacion,Cualquier responsable puede verlas juntas,44.33,Energia<->Cooling,"Solo estimacion aproximada, sin registro formal",Se revisa periodicamente (ej. anual),50.0,,,,Trimestral o semestral,33.5,Presupuesto; Falta de autoridad/politica interna; Falta de personal capacitado,3,Bloqueante estructural,0.0
SYN-00232,Medio Oriente/Africa,5-20MW,Hyperscale,1033,1561,No hay proceso definido,8.33,4,Semanal,Solo un rol consolida manualmente,33.33,Energia<->Cooling,"Si, con reporte o medicion concreta",Nunca se reviso desde la percepcion inicial,50.0,,,,Nunca se remidio,0.0,"Nada, podriamos resolverlo",0,No es un bloqueante real,100.0
SYN-00233,Latinoamerica,5-20MW,Enterprise,94,96,Reporte periodico + revision manual,44.33,3,Semanal,Cualquier responsable puede verlas juntas,61.0,Workload<->Energia,"No, es una apreciacion sin evidencia registrada",Nunca se reviso desde la percepcion inicial,0.0,,,,Nunca se remidio,0.0,Falta de personal capacitado,1,"Obstaculo moderado, resoluble con esfuerzo",67.0
SYN-00234,Medio Oriente/Africa,<1MW,Colocation,98,893,No hay proceso definido,25.0,3,Semanal,Solo un rol consolida manualmente,44.33,No sabria decir,No aplica,No aplica,0.0,,,,Nunca se remidio,0.0,Presupuesto; Falta de herramientas tecnicas; Falta de personal capacitado,3,Bloqueante estructural,0.0
SYN-00235,Medio Oriente/Africa,5-20MW,Colocation,713,976,"Automatizado, sin intervencion humana",50.0,4,Diario,Cada equipo ve solo su capa,25.0,Cooling<->Workload,"No, es una apreciacion sin evidencia registrada",Se revisa activamente con cada cambio relevante,50.0,,,,Anual,16.5,Presupuesto; Falta de autoridad/politica interna,2,Bloqueante estructural,16.5
SYN-00236,Latinoamerica,1-5MW,Colocation,376,34,No hay proceso definido,33.33,3,Semanal,Solo un rol consolida manualmente,44.33,Energia<->Cooling,"Solo estimacion aproximada, sin registro formal",Se revisa activamente con cada cambio relevante,75.0,,,,Anual,16.5,Presupuesto,1,"Obstaculo fuerte, poco probable en el corto plazo",50.0
SYN-00237,Norteamerica,<1MW,Edge,327,2447,Reporte periodico + revision manual,19.33,3,Mensual o mas espaciado,Cada equipo ve solo su capa,19.33,Cooling<->Workload,"No, es una apreciacion sin evidencia registrada",Se revisa activamente con cada cambio relevante,50.0,,,,Anual,16.5,Presupuesto,1,"Obstaculo fuerte, poco probable en el corto plazo",50.0
SYN-00238,Norteamerica,1-5MW,Edge,3291,38,"Alertas automaticas, accion manual",47.33,4,Nunca se cruza la informacion,Cada equipo ve solo su capa,0.0,Energia<->Cooling,"Solo estimacion aproximada, sin registro formal",Se revisa periodicamente (ej. anual),50.0,36.24,24.76,31.68,Nunca se remidio,50.0,Presupuesto; Falta de herramientas tecnicas,2,Bloqueante estructural,16.5
SYN-00239,Europa,<1MW,Hyperscale,34,415,Reporte periodico + revision manual,44.33,3,Nunca se cruza la informacion,Cada equipo ve solo su capa,11.0,No sabria decir,No aplica,No aplica,0.0,,,,Anual,16.5,"Nada, podriamos resolverlo",0,No es un bloqueante real,100.0
SYN-00240,Europa,1-5MW,Colocation,51,25,Reporte periodico + revision manual,61.0,4,Semanal,Cada equipo ve solo su capa,16.67,Energia<->Cooling,"Si, con reporte o medicion concreta",Se revisa periodicamente (ej. anual),75.0,,,,Trimestral o semestral,33.5,Presupuesto; Falta de personal capacitado,2,Bloqueante estructural,16.5
SYN-00241,Europa,1-5MW,Edge,1145,44,"Automatizado, sin intervencion humana",66.67,4,Semanal,Cada equipo ve solo su capa,16.67,Workload<->Energia,"Solo estimacion aproximada, sin registro formal",Se revisa activamente con cada cambio relevante,75.0,22.24,16.96,23.74,Nunca se remidio,50.0,Falta de autoridad/politica interna; Falta de herramientas tecnicas; Falta de personal capacitado,3,Bloqueante estructural,0.0
SYN-00242,Europa,5-20MW,Colocation,3812,70,"Automatizado, sin intervencion humana",50.0,2,Semanal,Solo un rol consolida manualmente,55.67,Energia<->Cooling,"Solo estimacion aproximada, sin registro formal",Nunca se reviso desde la percepcion inicial,25.0,,,,Trimestral o semestral,33.5,Falta de autoridad/politica interna,1,"Obstaculo fuerte, poco probable en el corto plazo",50.0
SYN-00243,Medio Oriente/Africa,<1MW,Hyperscale,1324,3422,No hay proceso definido,8.33,3,Nunca se cruza la informacion,Cada equipo ve solo su capa,11.0,Cooling<->Workload,"No, es una apreciacion sin evidencia registrada",Se revisa periodicamente (ej. anual),25.0,,,,Nunca se remidio,0.0,"Nada, podriamos resolverlo",0,No es un bloqueante real,100.0
SYN-00244,Latinoamerica,>20MW,Colocation,2394,637,"Automatizado, sin intervencion humana",41.67,1,Mensual o mas espaciado,Cualquier responsable puede verlas juntas,75.0,Workload<->Energia,"No, es una apreciacion sin evidencia registrada",Nunca se reviso desde la percepcion inicial,0.0,,,,Anual,16.5,Falta de herramientas tecnicas; Falta de personal capacitado,2,"Obstaculo moderado, resoluble con esfuerzo",50.0
SYN-00245,Norteamerica,5-20MW,Enterprise,904,474,No hay proceso definido,16.67,2,Mensual o mas espaciado,Cada equipo ve solo su capa,30.67,Energia<->Cooling,"Solo estimacion aproximada, sin registro formal",Se revisa periodicamente (ej. anual),50.0,,,,Nunca se remidio,0.0,"Nada, podriamos resolverlo",0,No es un bloqueante real,100.0
SYN-00246,Latinoamerica,5-20MW,Edge,1088,1670,No hay proceso definido,8.33,2,Mensual o mas espaciado,Solo un rol consolida manualmente,47.33,Cooling<->Workload,"Solo estimacion aproximada, sin registro formal",Nunca se reviso desde la percepcion inicial,25.0,,,,Nunca se remidio,0.0,Presupuesto; Falta de herramientas tecnicas; Falta de personal capacitado,3,Bloqueante estructural,0.0
SYN-00247,Medio Oriente/Africa,1-5MW,Edge,13,2703,No hay proceso definido,25.0,2,Tiempo real / continuo,Solo un rol consolida manualmente,72.33,Cooling<->Workload,"Solo estimacion aproximada, sin registro formal",Se revisa periodicamente (ej. anual),50.0,,,,Trimestral o semestral,33.5,Presupuesto; Falta de autoridad/politica interna,2,Bloqueante estructural,16.5
SYN-00248,Latinoamerica,<1MW,Edge,2072,36,No hay proceso definido,25.0,3,Nunca se cruza la informacion,Cualquier responsable puede verlas juntas,44.33,Workload<->Energia,"No, es una apreciacion sin evidencia registrada",Nunca se reviso desde la percepcion inicial,0.0,,,,Trimestral o semestral,33.5,"Nada, podriamos resolverlo",0,No es un bloqueante real,100.0
SYN-00249,Norteamerica,5-20MW,Hyperscale,419,72,"Alertas automaticas, accion manual",47.33,4,Mensual o mas espaciado,Cualquier responsable puede verlas juntas,41.67,Workload<->Energia,"No, es una apreciacion sin evidencia registrada",Se revisa periodicamente (ej. anual),25.0,18.62,14.13,24.11,Anual,66.5,Falta de herramientas tecnicas; Falta de personal capacitado,2,"Obstaculo moderado, resoluble con esfuerzo",50.0
SYN-00250,Medio Oriente/Africa,<1MW,Colocation,1366,97,No hay proceso definido,25.0,4,Mensual o mas espaciado,Solo un rol consolida manualmente,25.0,Energia<->Cooling,"No, es una apreciacion sin evidencia registrada",Se revisa periodicamente (ej. anual),25.0,3.68,2.77,24.73,Anual,66.5,Presupuesto; Falta de autoridad/politica interna,2,"Obstaculo fuerte, poco probable en el corto plazo",33.0
SYN-00251,Latinoamerica,5-20MW,Enterprise,111,1333,"Automatizado, sin intervencion humana",58.33,4,Nunca se cruza la informacion,Cada equipo ve solo su capa,0.0,Energia<->Cooling,"No, es una apreciacion sin evidencia registrada",Nunca se reviso desde la percepcion inicial,0.0,20.0,15.79,21.05,Nunca se remidio,50.0,Falta de personal capacitado,1,Bloqueante estructural,33.5
SYN-00252,Asia-Pacifico,5-20MW,Edge,48,144,Reporte periodico + revision manual,52.67,1,Mensual o mas espaciado,Solo un rol consolida manualmente,58.33,Cooling<->Workload,"Solo estimacion aproximada, sin registro formal",Nunca se reviso desde la percepcion inicial,25.0,,,,Trimestral o semestral,33.5,Presupuesto,1,"Obstaculo fuerte, poco probable en el corto plazo",50.0
SYN-00253,Asia-Pacifico,>20MW,Edge,729,1363,"Alertas automaticas, accion manual",39.0,3,Diario,Solo un rol consolida manualmente,52.67,Workload<->Energia,"Solo estimacion aproximada, sin registro formal",Nunca se reviso desde la percepcion inicial,25.0,,,,Anual,16.5,Falta de autoridad/politica interna,1,"Obstaculo fuerte, poco probable en el corto plazo",50.0
SYN-00254,Latinoamerica,<1MW,Edge,85,2162,Reporte periodico + revision manual,27.67,3,Mensual o mas espaciado,Cada equipo ve solo su capa,19.33,Cooling<->Workload,"No, es una apreciacion sin evidencia registrada",Se revisa periodicamente (ej. anual),25.0,,,,Continuamente / en tiempo real,50.0,Presupuesto; Falta de autoridad/politica interna,2,Bloqueante estructural,16.5
SYN-00255,Europa,1-5MW,Edge,1039,1156,"Alertas automaticas, accion manual",39.0,3,Semanal,Cada equipo ve solo su capa,27.67,No sabria decir,No aplica,No aplica,0.0,,,,Nunca se remidio,0.0,Presupuesto; Falta de personal capacitado,2,No es un bloqueante real,66.5
SYN-00256,Medio Oriente/Africa,>20MW,Colocation,1696,201,No hay proceso definido,16.67,1,Mensual o mas espaciado,Cada equipo ve solo su capa,41.67,Energia<->Cooling,"Solo estimacion aproximada, sin registro formal",Se revisa activamente con cada cambio relevante,75.0,,,,Nunca se remidio,0.0,"Nada, podriamos resolverlo",0,No es un bloqueante real,100.0
SYN-00257,Europa,1-5MW,Edge,41,153,No hay proceso definido,41.67,2,Nunca se cruza la informacion,Cada equipo ve solo su capa,22.33,Energia<->Cooling,"Si, con reporte o medicion concreta",Se revisa activamente con cada cambio relevante,100.0,,,,Anual,16.5,Presupuesto; Falta de herramientas tecnicas,2,"Obstaculo fuerte, poco probable en el corto plazo",33.0
SYN-00258,Latinoamerica,>20MW,Colocation,1109,1162,Reporte periodico + revision manual,27.67,2,Semanal,Cualquier responsable puede verlas juntas,72.33,Cooling<->Workload,"No, es una apreciacion sin evidencia registrada",Nunca se reviso desde la percepcion inicial,0.0,,,,Nunca se remidio,0.0,Falta de autoridad/politica interna; Falta de herramientas tecnicas,2,"Obstaculo fuerte, poco probable en el corto plazo",33.0
SYN-00259,Medio Oriente/Africa,>20MW,Hyperscale,52,813,Reporte periodico + revision manual,44.33,1,Nunca se cruza la informacion,Cualquier responsable puede verlas juntas,66.67,Cooling<->Workload,"No, es una apreciacion sin evidencia registrada",Nunca se reviso desde la percepcion inicial,0.0,38.75,29.23,24.57,Continuamente / en tiempo real,100.0,Presupuesto,1,"Obstaculo fuerte, poco probable en el corto plazo",50.0
SYN-00260,Asia-Pacifico,>20MW,Enterprise,2647,70,No hay proceso definido,16.67,3,Semanal,Cada equipo ve solo su capa,27.67,Energia<->Cooling,"No, es una apreciacion sin evidencia registrada",Nunca se reviso desde la percepcion inicial,0.0,,,,Nunca se remidio,0.0,Presupuesto; Falta de herramientas tecnicas,2,"Obstaculo moderado, resoluble con esfuerzo",50.0
SYN-00261,Norteamerica,5-20MW,Enterprise,23,126,"Automatizado, sin intervencion humana",75.0,2,Diario,Cada equipo ve solo su capa,47.33,Energia<->Cooling,"Solo estimacion aproximada, sin registro formal",Nunca se reviso desde la percepcion inicial,25.0,,,,Nunca se remidio,0.0,Presupuesto,1,"Obstaculo moderado, resoluble con esfuerzo",67.0
SYN-00262,Europa,1-5MW,Edge,1086,728,No hay proceso definido,16.67,3,Diario,Cada equipo ve solo su capa,36.0,Workload<->Energia,"Si, con reporte o medicion concreta",Se revisa periodicamente (ej. anual),75.0,,,,Continuamente / en tiempo real,50.0,Presupuesto,1,Bloqueante estructural,33.5
SYN-00263,Europa,>20MW,Edge,538,1131,"Automatizado, sin intervencion humana",50.0,4,Semanal,Cada equipo ve solo su capa,16.67,No sabria decir,No aplica,No aplica,0.0,,,,Continuamente / en tiempo real,50.0,"Nada, podriamos resolverlo",0,No es un bloqueante real,100.0
SYN-00264,Asia-Pacifico,5-20MW,Enterprise,86,210,Reporte periodico + revision manual,44.33,4,Mensual o mas espaciado,Cada equipo ve solo su capa,8.33,Cooling<->Workload,"Solo estimacion aproximada, sin registro formal",Se revisa periodicamente (ej. anual),50.0,,,,Trimestral o semestral,33.5,Presupuesto; Falta de personal capacitado,2,"Obstaculo moderado, resoluble con esfuerzo",50.0
SYN-00265,Norteamerica,>20MW,Enterprise,133,69,"Automatizado, sin intervencion humana",66.67,1,Nunca se cruza la informacion,Cada equipo ve solo su capa,33.33,Workload<->Energia,"No, es una apreciacion sin evidencia registrada",Nunca se reviso desde la percepcion inicial,0.0,,,,Trimestral o semestral,33.5,Falta de autoridad/politica interna,1,"Obstaculo fuerte, poco probable en el corto plazo",50.0
SYN-00266,Europa,<1MW,Colocation,180,396,No hay proceso definido,25.0,4,Semanal,Solo un rol consolida manualmente,33.33,No sabria decir,No aplica,No aplica,0.0,,,,Anual,16.5,Presupuesto; Falta de autoridad/politica interna,2,"Obstaculo moderado, resoluble con esfuerzo",50.0
SYN-00267,Norteamerica,5-20MW,Enterprise,10,651,No hay proceso definido,33.33,2,Mensual o mas espaciado,Cualquier responsable puede verlas juntas,64.0,Workload<->Energia,"Solo estimacion aproximada, sin registro formal",Nunca se reviso desde la percepcion inicial,25.0,,,,Nunca se remidio,0.0,Presupuesto; Falta de autoridad/politica interna; Falta de personal capacitado,3,"Obstaculo fuerte, poco probable en el corto plazo",16.5
SYN-00268,Latinoamerica,1-5MW,Hyperscale,4163,99,No hay proceso definido,16.67,4,Mensual o mas espaciado,Cada equipo ve solo su capa,8.33,No sabria decir,No aplica,No aplica,0.0,,,,Anual,16.5,"Nada, podriamos resolverlo",0,No es un bloqueante real,100.0
SYN-00269,Norteamerica,>20MW,Edge,40,2911,Reporte periodico + revision manual,36.0,2,Diario,Cada equipo ve solo su capa,47.33,Workload<->Energia,"Solo estimacion aproximada, sin registro formal",Nunca se reviso desde la percepcion inicial,25.0,,,,Nunca se remidio,0.0,Falta de autoridad/politica interna; Falta de herramientas tecnicas,2,Bloqueante estructural,16.5
SYN-00270,Europa,5-20MW,Edge,4024,1237,"Automatizado, sin intervencion humana",41.67,3,Mensual o mas espaciado,Cualquier responsable puede verlas juntas,52.67,Energia<->Cooling,"No, es una apreciacion sin evidencia registrada",Nunca se reviso desde la percepcion inicial,0.0,,,,Continuamente / en tiempo real,50.0,Presupuesto; Falta de autoridad/politica interna,2,"Obstaculo fuerte, poco probable en el corto plazo",33.0
SYN-00271,Norteamerica,<1MW,Enterprise,56,1071,"Alertas automaticas, accion manual",55.67,4,Mensual o mas espaciado,Solo un rol consolida manualmente,25.0,Workload<->Energia,"No, es una apreciacion sin evidencia registrada",Se revisa activamente con cada cambio relevante,50.0,,,,Nunca se remidio,0.0,Presupuesto; Falta de autoridad/politica interna,2,Bloqueante estructural,16.5
SYN-00272,Norteamerica,1-5MW,Colocation,5,2,No hay proceso definido,66.67,1,Mensual o mas espaciado,Cada equipo ve solo su capa,41.67,Energia<->Cooling,"No, es una apreciacion sin evidencia registrada",Se revisa activamente con cada cambio relevante,50.0,,,,Nunca se remidio,0.0,Presupuesto; Falta de autoridad/politica interna,2,"Obstaculo fuerte, poco probable en el corto plazo",33.0
SYN-00273,Latinoamerica,5-20MW,Hyperscale,3800,899,No hay proceso definido,8.33,4,Nunca se cruza la informacion,Cada equipo ve solo su capa,0.0,Energia<->Cooling,"Si, con reporte o medicion concreta",Se revisa activamente con cada cambio relevante,100.0,,,,Nunca se remidio,0.0,Falta de personal capacitado,1,"Obstaculo moderado, resoluble con esfuerzo",67.0
SYN-00274,Medio Oriente/Africa,>20MW,Colocation,3,6,"Alertas automaticas, accion manual",80.67,1,Mensual o mas espaciado,Cada equipo ve solo su capa,41.67,Cooling<->Workload,"No, es una apreciacion sin evidencia registrada",Nunca se reviso desde la percepcion inicial,0.0,,,,Trimestral o semestral,33.5,"Nada, podriamos resolverlo",0,No es un bloqueante real,100.0
SYN-00275,Medio Oriente/Africa,<1MW,Colocation,421,857,Reporte periodico + revision manual,27.67,1,Semanal,Cualquier responsable puede verlas juntas,83.33,Cooling<->Workload,"Si, con reporte o medicion concreta",Se revisa periodicamente (ej. anual),75.0,,,,Anual,16.5,Presupuesto; Falta de personal capacitado,2,"Obstaculo moderado, resoluble con esfuerzo",50.0
SYN-00276,Europa,>20MW,Edge,48,1662,No hay proceso definido,25.0,2,Semanal,Solo un rol consolida manualmente,55.67,Workload<->Energia,"No, es una apreciacion sin evidencia registrada",Se revisa activamente con cada cambio relevante,50.0,,,,Nunca se remidio,0.0,Presupuesto; Falta de personal capacitado,2,Bloqueante estructural,16.5
SYN-00277,Latinoamerica,5-20MW,Edge,49,2383,No hay proceso definido,25.0,2,Diario,Cada equipo ve solo su capa,47.33,Workload<->Energia,"Solo estimacion aproximada, sin registro formal",Se revisa periodicamente (ej. anual),50.0,,,,Anual,16.5,Falta de autoridad/politica interna,1,"Obstaculo fuerte, poco probable en el corto plazo",50.0
SYN-00278,Europa,>20MW,Colocation,793,93,"Automatizado, sin intervencion humana",58.33,3,Semanal,Cualquier responsable puede verlas juntas,61.0,Cooling<->Workload,"Solo estimacion aproximada, sin registro formal",Nunca se reviso desde la percepcion inicial,25.0,19.12,16.08,15.9,Trimestral o semestral,83.5,"Nada, podriamos resolverlo",0,No es un bloqueante real,100.0
SYN-00279,Medio Oriente/Africa,1-5MW,Hyperscale,194,684,Reporte periodico + revision manual,36.0,4,Semanal,Cada equipo ve solo su capa,16.67,Workload<->Energia,"Solo estimacion aproximada, sin registro formal",Se revisa periodicamente (ej. anual),50.0,,,,Nunca se remidio,0.0,Falta de autoridad/politica interna; Falta de personal capacitado,2,Bloqueante estructural,16.5
SYN-00280,Norteamerica,>20MW,Hyperscale,161,441,Reporte periodico + revision manual,36.0,2,Mensual o mas espaciado,Cualquier responsable puede verlas juntas,64.0,Workload<->Energia,"No, es una apreciacion sin evidencia registrada",Se revisa activamente con cada cambio relevante,50.0,,,,Nunca se remidio,0.0,Presupuesto,1,Bloqueante estructural,33.5
SYN-00281,Medio Oriente/Africa,<1MW,Edge,524,3101,"Alertas automaticas, accion manual",30.67,4,Mensual o mas espaciado,Cada equipo ve solo su capa,8.33,Energia<->Cooling,"No, es una apreciacion sin evidencia registrada",Se revisa periodicamente (ej. anual),25.0,,,,Anual,16.5,Presupuesto,1,"Obstaculo fuerte, poco probable en el corto plazo",50.0
SYN-00282,Europa,<1MW,Enterprise,353,986,No hay proceso definido,16.67,2,Semanal,Cada equipo ve solo su capa,39.0,Energia<->Cooling,"Solo estimacion aproximada, sin registro formal",Nunca se reviso desde la percepcion inicial,25.0,43.14,30.7,28.84,Trimestral o semestral,83.5,Presupuesto,1,Bloqueante estructural,33.5
SYN-00283,Europa,1-5MW,Enterprise,129,1107,"Alertas automaticas, accion manual",47.33,1,Semanal,Solo un rol consolida manualmente,66.67,Cooling<->Workload,"Si, con reporte o medicion concreta",Nunca se reviso desde la percepcion inicial,50.0,,,,Anual,16.5,Presupuesto,1,Bloqueante estructural,33.5
SYN-00284,Norteamerica,1-5MW,Edge,31,2622,No hay proceso definido,25.0,1,Diario,Cualquier responsable puede verlas juntas,91.67,Energia<->Cooling,"Solo estimacion aproximada, sin registro formal",Se revisa periodicamente (ej. anual),50.0,,,,Continuamente / en tiempo real,50.0,Presupuesto,1,"Obstaculo fuerte, poco probable en el corto plazo",50.0
SYN-00285,Norteamerica,5-20MW,Colocation,57,194,No hay proceso definido,41.67,3,Semanal,Cada equipo ve solo su capa,27.67,Energia<->Cooling,"No, es una apreciacion sin evidencia registrada",Nunca se reviso desde la percepcion inicial,0.0,,,,Anual,16.5,Presupuesto; Falta de autoridad/politica interna; Falta de personal capacitado,3,"Obstaculo moderado, resoluble con esfuerzo",33.5
SYN-00286,Latinoamerica,5-20MW,Enterprise,337,24,Reporte periodico + revision manual,44.33,2,Nunca se cruza la informacion,Cada equipo ve solo su capa,22.33,Energia<->Cooling,"No, es una apreciacion sin evidencia registrada",Nunca se reviso desde la percepcion inicial,0.0,,,,Nunca se remidio,0.0,Presupuesto; Falta de autoridad/politica interna; Falta de herramientas tecnicas,3,"Obstaculo moderado, resoluble con esfuerzo",33.5
SYN-00287,Asia-Pacifico,5-20MW,Colocation,69,945,"Alertas automaticas, accion manual",47.33,3,Nunca se cruza la informacion,Cada equipo ve solo su capa,11.0,Energia<->Cooling,"Si, con reporte o medicion concreta",Nunca se reviso desde la percepcion inicial,50.0,,,,Nunca se remidio,0.0,Falta de autoridad/politica interna,1,"Obstaculo fuerte, poco probable en el corto plazo",50.0
SYN-00288,Asia-Pacifico,>20MW,Enterprise,3790,1398,No hay proceso definido,8.33,4,Semanal,Cualquier responsable puede verlas juntas,50.0,Cooling<->Workload,"Si, con reporte o medicion concreta",Nunca se reviso desde la percepcion inicial,50.0,3.44,1.92,44.19,Nunca se remidio,50.0,Presupuesto; Falta de autoridad/politica interna,2,"Obstaculo moderado, resoluble con esfuerzo",50.0
SYN-00289,Medio Oriente/Africa,1-5MW,Enterprise,11,1153,No hay proceso definido,33.33,4,Nunca se cruza la informacion,Solo un rol consolida manualmente,16.67,Cooling<->Workload,"No, es una apreciacion sin evidencia registrada",Se revisa periodicamente (ej. anual),25.0,40.67,35.65,12.34,Anual,66.5,Presupuesto; Falta de autoridad/politica interna,2,"Obstaculo fuerte, poco probable en el corto plazo",33.0
SYN-00290,Medio Oriente/Africa,<1MW,Colocation,1150,1092,No hay proceso definido,16.67,2,Nunca se cruza la informacion,Cada equipo ve solo su capa,22.33,Cooling<->Workload,"No, es una apreciacion sin evidencia registrada",Se revisa activamente con cada cambio relevante,50.0,,,,Continuamente / en tiempo real,50.0,Presupuesto,1,"Obstaculo moderado, resoluble con esfuerzo",67.0
SYN-00291,Medio Oriente/Africa,>20MW,Hyperscale,5,3138,"Alertas automaticas, accion manual",55.67,3,Mensual o mas espaciado,Cada equipo ve solo su capa,19.33,Energia<->Cooling,"No, es una apreciacion sin evidencia registrada",Se revisa periodicamente (ej. anual),25.0,,,,Nunca se remidio,0.0,Presupuesto,1,"Obstaculo moderado, resoluble con esfuerzo",67.0
SYN-00292,Norteamerica,1-5MW,Enterprise,224,3376,"Alertas automaticas, accion manual",39.0,3,Semanal,Solo un rol consolida manualmente,44.33,No sabria decir,No aplica,No aplica,0.0,,,,Continuamente / en tiempo real,50.0,"Nada, podriamos resolverlo",0,No es un bloqueante real,100.0
SYN-00293,Asia-Pacifico,>20MW,Edge,4013,485,Reporte periodico + revision manual,19.33,3,Tiempo real / continuo,Solo un rol consolida manualmente,61.0,Cooling<->Workload,"Si, con reporte o medicion concreta",Se revisa periodicamente (ej. anual),75.0,,,,Anual,16.5,Presupuesto; Falta de autoridad/politica interna,2,No es un bloqueante real,66.5
SYN-00294,Asia-Pacifico,<1MW,Colocation,616,583,Reporte periodico + revision manual,27.67,4,Nunca se cruza la informacion,Cada equipo ve solo su capa,0.0,Energia<->Cooling,"No, es una apreciacion sin evidencia registrada",Nunca se reviso desde la percepcion inicial,0.0,35.64,24.91,30.11,Nunca se remidio,50.0,Presupuesto,1,"Obstaculo moderado, resoluble con esfuerzo",67.0
SYN-00295,Europa,<1MW,Colocation,20,3729,No hay proceso definido,25.0,4,Mensual o mas espaciado,Cada equipo ve solo su capa,8.33,Cooling<->Workload,"No, es una apreciacion sin evidencia registrada",Se revisa activamente con cada cambio relevante,50.0,,,,Continuamente / en tiempo real,50.0,"Nada, podriamos resolverlo",0,No es un bloqueante real,100.0
SYN-00296,Asia-Pacifico,1-5MW,Edge,3888,941,"Alertas automaticas, accion manual",30.67,2,Mensual o mas espaciado,Cualquier responsable puede verlas juntas,64.0,Energia<->Cooling,"No, es una apreciacion sin evidencia registrada",Nunca se reviso desde la percepcion inicial,0.0,,,,Trimestral o semestral,33.5,Falta de personal capacitado,1,No es un bloqueante real,83.5
SYN-00297,Latinoamerica,>20MW,Hyperscale,8,1292,Reporte periodico + revision manual,44.33,3,Nunca se cruza la informacion,Cualquier responsable puede verlas juntas,44.33,Energia<->Cooling,"Si, con reporte o medicion concreta",Se revisa activamente con cada cambio relevante,100.0,36.9,30.28,17.94,Nunca se remidio,50.0,Presupuesto; Falta de autoridad/politica interna; Falta de personal capacitado,3,"Obstaculo fuerte, poco probable en el corto plazo",16.5
SYN-00298,Asia-Pacifico,1-5MW,Colocation,380,43,No hay proceso definido,33.33,3,Mensual o mas espaciado,Cada equipo ve solo su capa,19.33,Energia<->Cooling,"No, es una apreciacion sin evidencia registrada",Se revisa activamente con cada cambio relevante,50.0,,,,Nunca se remidio,0.0,"Nada, podriamos resolverlo",0,No es un bloqueante real,100.0
SYN-00299,Europa,>20MW,Hyperscale,28,3178,"Alertas automaticas, accion manual",47.33,2,Diario,Cada equipo ve solo su capa,47.33,Energia<->Cooling,"Si, con reporte o medicion concreta",Se revisa activamente con cada cambio relevante,100.0,,,,Nunca se remidio,0.0,Falta de autoridad/politica interna; Falta de personal capacitado,2,"Obstaculo moderado, resoluble con esfuerzo",50.0
SYN-00300,Medio Oriente/Africa,5-20MW,Edge,165,170,"Alertas automaticas, accion manual",55.67,1,Nunca se cruza la informacion,Solo un rol consolida manualmente,50.0,Workload<->Energia,"Solo estimacion aproximada, sin registro formal",Nunca se reviso desde la percepcion inicial,25.0,,,,Trimestral o semestral,33.5,Presupuesto; Falta de herramientas tecnicas; Falta de personal capacitado,3,"Obstaculo fuerte, poco probable en el corto plazo",16.5
SYN-00301,Medio Oriente/Africa,<1MW,Colocation,18,213,No hay proceso definido,41.67,3,Semanal,Solo un rol consolida manualmente,44.33,Cooling<->Workload,"No, es una apreciacion sin evidencia registrada",Nunca se reviso desde la percepcion inicial,0.0,,,,Nunca se remidio,0.0,"Nada, podriamos resolverlo",0,No es un bloqueante real,100.0
SYN-00302,Latinoamerica,>20MW,Enterprise,35,22,Reporte periodico + revision manual,61.0,2,Nunca se cruza la informacion,Cualquier responsable puede verlas juntas,55.67,Workload<->Energia,"No, es una apreciacion sin evidencia registrada",Se revisa periodicamente (ej. anual),25.0,12.39,9.95,19.69,Nunca se remidio,50.0,Presupuesto; Falta de autoridad/politica interna,2,"Obstaculo fuerte, poco probable en el corto plazo",33.0
SYN-00303,Medio Oriente/Africa,>20MW,Edge,230,1274,"Alertas automaticas, accion manual",47.33,2,Nunca se cruza la informacion,Cada equipo ve solo su capa,22.33,No sabria decir,No aplica,No aplica,0.0,26.96,19.07,29.27,Anual,66.5,Presupuesto; Falta de herramientas tecnicas,2,Bloqueante estructural,16.5
SYN-00304,Asia-Pacifico,1-5MW,Edge,140,1239,No hay proceso definido,25.0,3,Mensual o mas espaciado,Cada equipo ve solo su capa,19.33,Cooling<->Workload,"Solo estimacion aproximada, sin registro formal",Nunca se reviso desde la percepcion inicial,25.0,5.23,4.26,18.55,Trimestral o semestral,83.5,Falta de autoridad/politica interna,1,"Obstaculo moderado, resoluble con esfuerzo",67.0
SYN-00305,Norteamerica,<1MW,Hyperscale,29,210,"Automatizado, sin intervencion humana",75.0,4,Semanal,Cualquier responsable puede verlas juntas,50.0,Energia<->Cooling,"Solo estimacion aproximada, sin registro formal",Se revisa periodicamente (ej. anual),50.0,,,,Trimestral o semestral,33.5,Falta de personal capacitado,1,"Obstaculo moderado, resoluble con esfuerzo",67.0
SYN-00306,Asia-Pacifico,1-5MW,Hyperscale,317,1106,Reporte periodico + revision manual,27.67,4,Semanal,Cada equipo ve solo su capa,16.67,Cooling<->Workload,"No, es una apreciacion sin evidencia registrada",Se revisa periodicamente (ej. anual),25.0,,,,Nunca se remidio,0.0,Falta de autoridad/politica interna,1,"Obstaculo fuerte, poco probable en el corto plazo",50.0
SYN-00307,Asia-Pacifico,1-5MW,Enterprise,172,223,No hay proceso definido,33.33,4,Nunca se cruza la informacion,Cada equipo ve solo su capa,0.0,Energia<->Cooling,"Si, con reporte o medicion concreta",Nunca se reviso desde la percepcion inicial,50.0,,,,Trimestral o semestral,33.5,Falta de autoridad/politica interna; Falta de personal capacitado,2,"Obstaculo moderado, resoluble con esfuerzo",50.0
SYN-00308,Norteamerica,>20MW,Edge,80,859,Reporte periodico + revision manual,36.0,2,Mensual o mas espaciado,Solo un rol consolida manualmente,47.33,Cooling<->Workload,"Solo estimacion aproximada, sin registro formal",Se revisa periodicamente (ej. anual),50.0,,,,Anual,16.5,Falta de personal capacitado,1,"Obstaculo fuerte, poco probable en el corto plazo",50.0
SYN-00309,Latinoamerica,5-20MW,Edge,4008,18,Reporte periodico + revision manual,36.0,2,Diario,Cada equipo ve solo su capa,47.33,Energia<->Cooling,"Solo estimacion aproximada, sin registro formal",Se revisa periodicamente (ej. anual),50.0,,,,Continuamente / en tiempo real,50.0,Presupuesto,1,"Obstaculo moderado, resoluble con esfuerzo",67.0
SYN-00310,Medio Oriente/Africa,1-5MW,Edge,99,21,No hay proceso definido,41.67,2,Mensual o mas espaciado,Cada equipo ve solo su capa,30.67,Cooling<->Workload,"No, es una apreciacion sin evidencia registrada",Se revisa periodicamente (ej. anual),25.0,,,,Continuamente / en tiempo real,50.0,Falta de autoridad/politica interna,1,No es un bloqueante real,83.5
SYN-00311,Latinoamerica,<1MW,Hyperscale,1784,137,No hay proceso definido,16.67,4,Semanal,Solo un rol consolida manualmente,33.33,Workload<->Energia,"Si, con reporte o medicion concreta",Nunca se reviso desde la percepcion inicial,50.0,,,,Trimestral o semestral,33.5,Presupuesto,1,Bloqueante estructural,33.5
SYN-00312,Medio Oriente/Africa,5-20MW,Edge,2416,882,Reporte periodico + revision manual,19.33,3,Semanal,Cada equipo ve solo su capa,27.67,Energia<->Cooling,"Solo estimacion aproximada, sin registro formal",Se revisa activamente con cada cambio relevante,75.0,58.26,48.47,16.8,Nunca se remidio,50.0,Presupuesto; Falta de autoridad/politica interna,2,"Obstaculo fuerte, poco probable en el corto plazo",33.0
SYN-00313,Europa,5-20MW,Colocation,155,1527,No hay proceso definido,16.67,4,Tiempo real / continuo,Cada equipo ve solo su capa,33.33,Workload<->Energia,"Si, con reporte o medicion concreta",Nunca se reviso desde la percepcion inicial,50.0,,,,Trimestral o semestral,33.5,Presupuesto,1,"Obstaculo fuerte, poco probable en el corto plazo",50.0
SYN-00314,Medio Oriente/Africa,1-5MW,Edge,161,2487,Reporte periodico + revision manual,27.67,4,Nunca se cruza la informacion,Solo un rol consolida manualmente,16.67,Workload<->Energia,"Solo estimacion aproximada, sin registro formal",Se revisa periodicamente (ej. anual),50.0,,,,Nunca se remidio,0.0,Falta de herramientas tecnicas; Falta de personal capacitado,2,Bloqueante estructural,16.5
SYN-00315,Latinoamerica,>20MW,Edge,2803,446,No hay proceso definido,8.33,3,Mensual o mas espaciado,Solo un rol consolida manualmente,36.0,Workload<->Energia,"No, es una apreciacion sin evidencia registrada",Nunca se reviso desde la percepcion inicial,0.0,,,,Continuamente / en tiempo real,50.0,Presupuesto,1,"Obstaculo moderado, resoluble con esfuerzo",67.0
SYN-00316,Latinoamerica,1-5MW,Enterprise,82,21,Reporte periodico + revision manual,52.67,4,Nunca se cruza la informacion,Cada equipo ve solo su capa,0.0,Workload<->Energia,"No, es una apreciacion sin evidencia registrada",Nunca se reviso desde la percepcion inicial,0.0,,,,Anual,16.5,Falta de autoridad/politica interna,1,Bloqueante estructural,33.5
SYN-00317,Europa,<1MW,Edge,161,3777,"Alertas automaticas, accion manual",39.0,4,Nunca se cruza la informacion,Cada equipo ve solo su capa,0.0,Workload<->Energia,"No, es una apreciacion sin evidencia registrada",Nunca se reviso desde la percepcion inicial,0.0,42.67,32.1,24.77,Trimestral o semestral,83.5,Presupuesto; Falta de herramientas tecnicas; Falta de personal capacitado,3,"Obstaculo fuerte, poco probable en el corto plazo",16.5
SYN-00318,Medio Oriente/Africa,<1MW,Hyperscale,1132,1170,No hay proceso definido,16.67,3,Semanal,Solo un rol consolida manualmente,44.33,No sabria decir,No aplica,No aplica,0.0,,,,Trimestral o semestral,33.5,Falta de autoridad/politica interna; Falta de personal capacitado,2,"Obstaculo moderado, resoluble con esfuerzo",50.0
SYN-00319,Asia-Pacifico,1-5MW,Edge,56,24,No hay proceso definido,50.0,2,Mensual o mas espaciado,Solo un rol consolida manualmente,47.33,Cooling<->Workload,"No, es una apreciacion sin evidencia registrada",Se revisa activamente con cada cambio relevante,50.0,,,,Nunca se remidio,0.0,Falta de autoridad/politica interna; Falta de herramientas tecnicas,2,"Obstaculo fuerte, poco probable en el corto plazo",33.0
SYN-00320,Medio Oriente/Africa,5-20MW,Hyperscale,9,21,Reporte periodico + revision manual,61.0,3,Mensual o mas espaciado,Cada equipo ve solo su capa,19.33,Workload<->Energia,"No, es una apreciacion sin evidencia registrada",Nunca se reviso desde la percepcion inicial,0.0,31.26,29.28,6.33,Nunca se remidio,50.0,Presupuesto; Falta de herramientas tecnicas; Falta de personal capacitado,3,"Obstaculo moderado, resoluble con esfuerzo",33.5
SYN-00321,Latinoamerica,5-20MW,Edge,26,1127,"Alertas automaticas, accion manual",55.67,2,Tiempo real / continuo,Cualquier responsable puede verlas juntas,89.0,Workload<->Energia,"No, es una apreciacion sin evidencia registrada",Nunca se reviso desde la percepcion inicial,0.0,,,,Trimestral o semestral,33.5,Falta de personal capacitado,1,"Obstaculo moderado, resoluble con esfuerzo",67.0
SYN-00322,Europa,5-20MW,Edge,550,1142,"Automatizado, sin intervencion humana",50.0,2,Semanal,Cualquier responsable puede verlas juntas,72.33,Energia<->Cooling,"No, es una apreciacion sin evidencia registrada",Se revisa periodicamente (ej. anual),25.0,,,,Nunca se remidio,0.0,Presupuesto; Falta de autoridad/politica interna,2,"Obstaculo fuerte, poco probable en el corto plazo",33.0
SYN-00323,Europa,<1MW,Enterprise,24,16,No hay proceso definido,50.0,4,Mensual o mas espaciado,Cada equipo ve solo su capa,8.33,Energia<->Cooling,"No, es una apreciacion sin evidencia registrada",Se revisa activamente con cada cambio relevante,50.0,,,,Trimestral o semestral,33.5,Falta de autoridad/politica interna; Falta de personal capacitado,2,"Obstaculo moderado, resoluble con esfuerzo",50.0
SYN-00324,Asia-Pacifico,<1MW,Edge,88,2070,"Automatizado, sin intervencion humana",50.0,3,Mensual o mas espaciado,Solo un rol consolida manualmente,36.0,Workload<->Energia,"Solo estimacion aproximada, sin registro formal",Nunca se reviso desde la percepcion inicial,25.0,,,,Continuamente / en tiempo real,50.0,"Nada, podriamos resolverlo",0,No es un bloqueante real,100.0
SYN-00325,Medio Oriente/Africa,1-5MW,Colocation,4077,75,No hay proceso definido,16.67,3,Mensual o mas espaciado,Cualquier responsable puede verlas juntas,52.67,Energia<->Cooling,"Solo estimacion aproximada, sin registro formal",Nunca se reviso desde la percepcion inicial,25.0,,,,Continuamente / en tiempo real,50.0,Presupuesto; Falta de autoridad/politica interna,2,Bloqueante estructural,16.5
SYN-00326,Europa,<1MW,Enterprise,1126,876,No hay proceso definido,16.67,3,Semanal,Cualquier responsable puede verlas juntas,61.0,Energia<->Cooling,"Solo estimacion aproximada, sin registro formal",Se revisa periodicamente (ej. anual),50.0,,,,Trimestral o semestral,33.5,Falta de autoridad/politica interna,1,"Obstaculo moderado, resoluble con esfuerzo",67.0
SYN-00327,Latinoamerica,<1MW,Hyperscale,1190,558,No hay proceso definido,16.67,3,Mensual o mas espaciado,Cualquier responsable puede verlas juntas,52.67,Cooling<->Workload,"Si, con reporte o medicion concreta",Nunca se reviso desde la percepcion inicial,50.0,,,,Nunca se remidio,0.0,Falta de autoridad/politica interna; Falta de herramientas tecnicas,2,"Obstaculo fuerte, poco probable en el corto plazo",33.0
SYN-00328,Medio Oriente/Africa,<1MW,Hyperscale,1286,85,Reporte periodico + revision manual,36.0,3,Nunca se cruza la informacion,Solo un rol consolida manualmente,27.67,Cooling<->Workload,"No, es una apreciacion sin evidencia registrada",Se revisa activamente con cada cambio relevante,50.0,,,,Anual,16.5,Falta de herramientas tecnicas,1,"Obstaculo fuerte, poco probable en el corto plazo",50.0
SYN-00329,Asia-Pacifico,>20MW,Edge,783,108,"Alertas automaticas, accion manual",47.33,1,Nunca se cruza la informacion,Solo un rol consolida manualmente,50.0,Workload<->Energia,"Solo estimacion aproximada, sin registro formal",Se revisa activamente con cada cambio relevante,75.0,,,,Continuamente / en tiempo real,50.0,"Nada, podriamos resolverlo",0,No es un bloqueante real,100.0
SYN-00330,Medio Oriente/Africa,>20MW,Enterprise,979,1049,No hay proceso definido,16.67,1,Diario,Solo un rol consolida manualmente,75.0,Workload<->Energia,"No, es una apreciacion sin evidencia registrada",Se revisa activamente con cada cambio relevante,50.0,29.9,18.69,37.49,Trimestral o semestral,83.5,Presupuesto,1,"Obstaculo moderado, resoluble con esfuerzo",67.0
SYN-00331,Latinoamerica,1-5MW,Edge,90,15,No hay proceso definido,41.67,3,Mensual o mas espaciado,Cualquier responsable puede verlas juntas,52.67,Cooling<->Workload,"Solo estimacion aproximada, sin registro formal",Se revisa periodicamente (ej. anual),50.0,,,,Anual,16.5,Presupuesto; Falta de autoridad/politica interna,2,"Obstaculo fuerte, poco probable en el corto plazo",33.0
SYN-00332,Latinoamerica,5-20MW,Hyperscale,1236,1240,"Alertas automaticas, accion manual",39.0,1,Tiempo real / continuo,Cada equipo ve solo su capa,66.67,Cooling<->Workload,"Solo estimacion aproximada, sin registro formal",Nunca se reviso desde la percepcion inicial,25.0,,,,Trimestral o semestral,33.5,"Nada, podriamos resolverlo",0,No es un bloqueante real,100.0
SYN-00333,Europa,5-20MW,Colocation,1138,117,Reporte periodico + revision manual,36.0,3,Nunca se cruza la informacion,Cada equipo ve solo su capa,11.0,Workload<->Energia,"Solo estimacion aproximada, sin registro formal",Nunca se reviso desde la percepcion inicial,25.0,,,,Anual,16.5,Presupuesto,1,"Obstaculo fuerte, poco probable en el corto plazo",50.0
SYN-00334,Europa,1-5MW,Enterprise,417,505,"Alertas automaticas, accion manual",39.0,2,Mensual o mas espaciado,Cada equipo ve solo su capa,30.67,No sabria decir,No aplica,No aplica,0.0,,,,Trimestral o semestral,33.5,Falta de personal capacitado,1,"Obstaculo fuerte, poco probable en el corto plazo",50.0
SYN-00335,Europa,<1MW,Hyperscale,90,488,Reporte periodico + revision manual,36.0,3,Nunca se cruza la informacion,Cada equipo ve solo su capa,11.0,Workload<->Energia,"No, es una apreciacion sin evidencia registrada",Nunca se reviso desde la percepcion inicial,0.0,,,,Nunca se remidio,0.0,Falta de herramientas tecnicas; Falta de personal capacitado,2,Bloqueante estructural,16.5
SYN-00336,Latinoamerica,<1MW,Hyperscale,449,1612,Reporte periodico + revision manual,19.33,2,Diario,Solo un rol consolida manualmente,64.0,Energia<->Cooling,"No, es una apreciacion sin evidencia registrada",Nunca se reviso desde la percepcion inicial,0.0,,,,Anual,16.5,Falta de autoridad/politica interna,1,"Obstaculo moderado, resoluble con esfuerzo",67.0
SYN-00337,Europa,>20MW,Edge,254,182,Reporte periodico + revision manual,36.0,3,Diario,Solo un rol consolida manualmente,52.67,Workload<->Energia,"Solo estimacion aproximada, sin registro formal",Nunca se reviso desde la percepcion inicial,25.0,45.7,37.74,17.42,Nunca se remidio,50.0,Presupuesto,1,Bloqueante estructural,33.5
SYN-00338,Asia-Pacifico,<1MW,Edge,6,1300,No hay proceso definido,33.33,1,Semanal,Cada equipo ve solo su capa,50.0,Energia<->Cooling,"Si, con reporte o medicion concreta",Nunca se reviso desde la percepcion inicial,50.0,,,,Nunca se remidio,0.0,Falta de autoridad/politica interna,1,"Obstaculo fuerte, poco probable en el corto plazo",50.0
SYN-00339,Medio Oriente/Africa,5-20MW,Edge,235,864,No hay proceso definido,25.0,2,Semanal,Cada equipo ve solo su capa,39.0,No sabria decir,No aplica,No aplica,0.0,,,,Trimestral o semestral,33.5,Presupuesto,1,"Obstaculo fuerte, poco probable en el corto plazo",50.0
SYN-00340,Latinoamerica,5-20MW,Edge,858,40,Reporte periodico + revision manual,44.33,3,Mensual o mas espaciado,Cualquier responsable puede verlas juntas,52.67,No sabria decir,No aplica,No aplica,0.0,,,,Continuamente / en tiempo real,50.0,Falta de personal capacitado,1,No es un bloqueante real,83.5
SYN-00341,Medio Oriente/Africa,5-20MW,Colocation,2685,1275,"Alertas automaticas, accion manual",30.67,1,Semanal,Cada equipo ve solo su capa,50.0,Energia<->Cooling,"Si, con reporte o medicion concreta",Nunca se reviso desde la percepcion inicial,50.0,19.28,14.42,25.21,Nunca se remidio,50.0,Presupuesto,1,"Obstaculo fuerte, poco probable en el corto plazo",50.0
SYN-00342,Medio Oriente/Africa,1-5MW,Enterprise,231,1414,No hay proceso definido,25.0,3,Mensual o mas espaciado,Solo un rol consolida manualmente,36.0,Energia<->Cooling,"No, es una apreciacion sin evidencia registrada",Nunca se reviso desde la percepcion inicial,0.0,,,,Continuamente / en tiempo real,50.0,Falta de herramientas tecnicas; Falta de personal capacitado,2,Bloqueante estructural,16.5
SYN-00343,Latinoamerica,1-5MW,Edge,49,1385,Reporte periodico + revision manual,44.33,3,Semanal,Solo un rol consolida manualmente,44.33,Cooling<->Workload,"Solo estimacion aproximada, sin registro formal",Nunca se reviso desde la percepcion inicial,25.0,,,,Nunca se remidio,0.0,Falta de autoridad/politica interna; Falta de herramientas tecnicas,2,"Obstaculo moderado, resoluble con esfuerzo",50.0
SYN-00344,Medio Oriente/Africa,<1MW,Colocation,307,1385,Reporte periodico + revision manual,27.67,4,Mensual o mas espaciado,Solo un rol consolida manualmente,25.0,Energia<->Cooling,"No, es una apreciacion sin evidencia registrada",Se revisa activamente con cada cambio relevante,50.0,23.55,16.65,29.3,Anual,66.5,Falta de autoridad/politica interna; Falta de personal capacitado,2,Bloqueante estructural,16.5
SYN-00345,Asia-Pacifico,1-5MW,Colocation,3443,4,Reporte periodico + revision manual,44.33,4,Semanal,Cada equipo ve solo su capa,16.67,Cooling<->Workload,"No, es una apreciacion sin evidencia registrada",Nunca se reviso desde la percepcion inicial,0.0,,,,Nunca se remidio,0.0,"Nada, podriamos resolverlo",0,No es un bloqueante real,100.0
SYN-00346,Latinoamerica,>20MW,Colocation,2773,45,No hay proceso definido,25.0,3,Semanal,Solo un rol consolida manualmente,44.33,Cooling<->Workload,"No, es una apreciacion sin evidencia registrada",Nunca se reviso desde la percepcion inicial,0.0,,,,Nunca se remidio,0.0,"Nada, podriamos resolverlo",0,No es un bloqueante real,100.0
SYN-00347,Asia-Pacifico,<1MW,Hyperscale,45,349,No hay proceso definido,33.33,3,Nunca se cruza la informacion,Cada equipo ve solo su capa,11.0,Energia<->Cooling,"No, es una apreciacion sin evidencia registrada",Se revisa periodicamente (ej. anual),25.0,,,,Trimestral o semestral,33.5,Presupuesto,1,"Obstaculo moderado, resoluble con esfuerzo",67.0
SYN-00348,Medio Oriente/Africa,5-20MW,Edge,1247,1536,Reporte periodico + revision manual,19.33,2,Tiempo real / continuo,Cada equipo ve solo su capa,55.67,Energia<->Cooling,"Si, con reporte o medicion concreta",Nunca se reviso desde la percepcion inicial,50.0,,,,Trimestral o semestral,33.5,Presupuesto; Falta de herramientas tecnicas,2,"Obstaculo fuerte, poco probable en el corto plazo",33.0
SYN-00349,Norteamerica,5-20MW,Colocation,0,86,Reporte periodico + revision manual,61.0,3,Semanal,Solo un rol consolida manualmente,44.33,Workload<->Energia,"Si, con reporte o medicion concreta",Se revisa periodicamente (ej. anual),75.0,,,,Nunca se remidio,0.0,Presupuesto; Falta de personal capacitado,2,"Obstaculo moderado, resoluble con esfuerzo",50.0
SYN-00350,Latinoamerica,>20MW,Hyperscale,1075,279,"Alertas automaticas, accion manual",39.0,4,Mensual o mas espaciado,Solo un rol consolida manualmente,25.0,Cooling<->Workload,"No, es una apreciacion sin evidencia registrada",Se revisa periodicamente (ej. anual),25.0,,,,Continuamente / en tiempo real,50.0,Falta de autoridad/politica interna,1,Bloqueante estructural,33.5
SYN-00351,Europa,>20MW,Edge,3,3983,"Alertas automaticas, accion manual",55.67,4,Tiempo real / continuo,Cada equipo ve solo su capa,33.33,Cooling<->Workload,"No, es una apreciacion sin evidencia registrada",Nunca se reviso desde la percepcion inicial,0.0,,,,Anual,16.5,Falta de personal capacitado,1,"Obstaculo fuerte, poco probable en el corto plazo",50.0
SYN-00352,Medio Oriente/Africa,<1MW,Enterprise,50,14,No hay proceso definido,50.0,4,Nunca se cruza la informacion,Solo un rol consolida manualmente,16.67,Cooling<->Workload,"No, es una apreciacion sin evidencia registrada",Nunca se reviso desde la percepcion inicial,0.0,,,,Nunca se remidio,0.0,Falta de herramientas tecnicas,1,"Obstaculo moderado, resoluble con esfuerzo",67.0
SYN-00353,Europa,>20MW,Enterprise,5,6,No hay proceso definido,58.33,1,Tiempo real / continuo,Solo un rol consolida manualmente,83.33,Cooling<->Workload,"No, es una apreciacion sin evidencia registrada",Se revisa periodicamente (ej. anual),25.0,,,,Continuamente / en tiempo real,50.0,"Nada, podriamos resolverlo",0,No es un bloqueante real,100.0
SYN-00354,Latinoamerica,<1MW,Enterprise,2982,2907,Reporte periodico + revision manual,11.0,4,Nunca se cruza la informacion,Cada equipo ve solo su capa,0.0,Energia<->Cooling,"Solo estimacion aproximada, sin registro formal",Se revisa activamente con cada cambio relevante,75.0,45.1,35.13,22.11,Nunca se remidio,50.0,Falta de herramientas tecnicas,1,"Obstaculo fuerte, poco probable en el corto plazo",50.0
SYN-00355,Europa,1-5MW,Edge,1591,216,"Alertas automaticas, accion manual",39.0,2,Nunca se cruza la informacion,Solo un rol consolida manualmente,39.0,Workload<->Energia,"No, es una apreciacion sin evidencia registrada",Se revisa periodicamente (ej. anual),25.0,,,,Nunca se remidio,0.0,Falta de personal capacitado,1,"Obstaculo moderado, resoluble con esfuerzo",67.0
SYN-00356,Norteamerica,1-5MW,Enterprise,2374,2564,"Alertas automaticas, accion manual",22.33,3,Nunca se cruza la informacion,Cada equipo ve solo su capa,11.0,Cooling<->Workload,"Solo estimacion aproximada, sin registro formal",Nunca se reviso desde la percepcion inicial,25.0,,,,Nunca se remidio,0.0,Falta de herramientas tecnicas,1,"Obstaculo fuerte, poco probable en el corto plazo",50.0
SYN-00357,Latinoamerica,5-20MW,Hyperscale,1196,1300,No hay proceso definido,16.67,4,Semanal,Solo un rol consolida manualmente,33.33,Cooling<->Workload,"Solo estimacion aproximada, sin registro formal",Se revisa activamente con cada cambio relevante,75.0,6.74,5.33,20.92,Nunca se remidio,50.0,Falta de herramientas tecnicas; Falta de personal capacitado,2,"Obstaculo moderado, resoluble con esfuerzo",50.0
SYN-00358,Asia-Pacifico,<1MW,Hyperscale,3,3868,No hay proceso definido,33.33,4,Nunca se cruza la informacion,Solo un rol consolida manualmente,16.67,Cooling<->Workload,"No, es una apreciacion sin evidencia registrada",Nunca se reviso desde la percepcion inicial,0.0,,,,Anual,16.5,Presupuesto; Falta de autoridad/politica interna,2,"Obstaculo moderado, resoluble con esfuerzo",50.0
SYN-00359,Latinoamerica,<1MW,Hyperscale,1577,238,"Automatizado, sin intervencion humana",50.0,2,Nunca se cruza la informacion,Solo un rol consolida manualmente,39.0,Energia<->Cooling,"No, es una apreciacion sin evidencia registrada",Se revisa activamente con cada cambio relevante,50.0,,,,Nunca se remidio,0.0,Presupuesto; Falta de autoridad/politica interna; Falta de herramientas tecnicas,3,"Obstaculo moderado, resoluble con esfuerzo",33.5
SYN-00360,Medio Oriente/Africa,<1MW,Edge,170,3977,"Alertas automaticas, accion manual",39.0,3,Mensual o mas espaciado,Cualquier responsable puede verlas juntas,52.67,Cooling<->Workload,"No, es una apreciacion sin evidencia registrada",Se revisa activamente con cada cambio relevante,50.0,43.37,33.95,21.72,Nunca se remidio,50.0,Falta de herramientas tecnicas,1,"Obstaculo fuerte, poco probable en el corto plazo",50.0
SYN-00361,Latinoamerica,>20MW,Colocation,72,25,Reporte periodico + revision manual,52.67,3,Mensual o mas espaciado,Solo un rol consolida manualmente,36.0,Cooling<->Workload,"Solo estimacion aproximada, sin registro formal",Se revisa activamente con cada cambio relevante,75.0,,,,Nunca se remidio,0.0,Presupuesto,1,"Obstaculo moderado, resoluble con esfuerzo",67.0
SYN-00362,Europa,<1MW,Edge,112,653,No hay proceso definido,25.0,2,Mensual o mas espaciado,Cada equipo ve solo su capa,30.67,No sabria decir,No aplica,No aplica,0.0,,,,Anual,16.5,"Nada, podriamos resolverlo",0,No es un bloqueante real,100.0
SYN-00363,Europa,<1MW,Edge,1613,248,No hay proceso definido,8.33,3,Mensual o mas espaciado,Solo un rol consolida manualmente,36.0,Cooling<->Workload,"No, es una apreciacion sin evidencia registrada",Nunca se reviso desde la percepcion inicial,0.0,,,,Anual,16.5,Presupuesto; Falta de herramientas tecnicas; Falta de personal capacitado,3,"Obstaculo fuerte, poco probable en el corto plazo",16.5
SYN-00364,Medio Oriente/Africa,<1MW,Colocation,110,978,"Automatizado, sin intervencion humana",58.33,1,Diario,Solo un rol consolida manualmente,75.0,Workload<->Energia,"No, es una apreciacion sin evidencia registrada",Se revisa periodicamente (ej. anual),25.0,,,,Trimestral o semestral,33.5,Presupuesto; Falta de personal capacitado,2,"Obstaculo fuerte, poco probable en el corto plazo",33.0
SYN-00365,Latinoamerica,<1MW,Enterprise,2690,998,No hay proceso definido,8.33,3,Nunca se cruza la informacion,Cada equipo ve solo su capa,11.0,No sabria decir,No aplica,No aplica,0.0,,,,Nunca se remidio,0.0,Presupuesto; Falta de autoridad/politica interna,2,"Obstaculo moderado, resoluble con esfuerzo",50.0
SYN-00366,Latinoamerica,5-20MW,Enterprise,741,3964,Reporte periodico + revision manual,19.33,4,Semanal,Cualquier responsable puede verlas juntas,50.0,Energia<->Cooling,"No, es una apreciacion sin evidencia registrada",Se revisa periodicamente (ej. anual),25.0,31.48,26.92,14.49,Nunca se remidio,50.0,Falta de personal capacitado,1,"Obstaculo fuerte, poco probable en el corto plazo",50.0
SYN-00367,Medio Oriente/Africa,5-20MW,Edge,607,156,Reporte periodico + revision manual,36.0,3,Nunca se cruza la informacion,Solo un rol consolida manualmente,27.67,Cooling<->Workload,"No, es una apreciacion sin evidencia registrada",Nunca se reviso desde la percepcion inicial,0.0,,,,Trimestral o semestral,33.5,Falta de herramientas tecnicas; Falta de personal capacitado,2,"Obstaculo fuerte, poco probable en el corto plazo",33.0
SYN-00368,Latinoamerica,1-5MW,Enterprise,82,11,"Alertas automaticas, accion manual",64.0,3,Semanal,Cualquier responsable puede verlas juntas,61.0,Cooling<->Workload,"Solo estimacion aproximada, sin registro formal",Se revisa periodicamente (ej. anual),50.0,,,,Anual,16.5,Presupuesto; Falta de autoridad/politica interna; Falta de herramientas tecnicas,3,"Obstaculo moderado, resoluble con esfuerzo",33.5
SYN-00369,Norteamerica,5-20MW,Hyperscale,189,401,No hay proceso definido,25.0,4,Diario,Cualquier responsable puede verlas juntas,58.33,Energia<->Cooling,"Solo estimacion aproximada, sin registro formal",Se revisa activamente con cada cambio relevante,75.0,,,,Anual,16.5,Falta de herramientas tecnicas,1,Bloqueante estructural,33.5
SYN-00370,Medio Oriente/Africa,5-20MW,Hyperscale,818,3095,No hay proceso definido,8.33,4,Nunca se cruza la informacion,Cualquier responsable puede verlas juntas,33.33,Workload<->Energia,"No, es una apreciacion sin evidencia registrada",Nunca se reviso desde la percepcion inicial,0.0,,,,Trimestral o semestral,33.5,Falta de autoridad/politica interna; Falta de herramientas tecnicas,2,"Obstaculo fuerte, poco probable en el corto plazo",33.0
SYN-00371,Latinoamerica,>20MW,Enterprise,882,3197,No hay proceso definido,8.33,3,Semanal,Solo un rol consolida manualmente,44.33,Cooling<->Workload,"Solo estimacion aproximada, sin registro formal",Nunca se reviso desde la percepcion inicial,25.0,56.71,46.6,17.83,Continuamente / en tiempo real,100.0,"Nada, podriamos resolverlo",0,No es un bloqueante real,100.0
SYN-00372,Latinoamerica,5-20MW,Enterprise,1403,525,"Alertas automaticas, accion manual",39.0,4,Semanal,Cada equipo ve solo su capa,16.67,Workload<->Energia,"No, es una apreciacion sin evidencia registrada",Nunca se reviso desde la percepcion inicial,0.0,,,,Trimestral o semestral,33.5,Presupuesto; Falta de herramientas tecnicas; Falta de personal capacitado,3,"Obstaculo fuerte, poco probable en el corto plazo",16.5
SYN-00373,Latinoamerica,5-20MW,Hyperscale,49,306,No hay proceso definido,33.33,3,Tiempo real / continuo,Solo un rol consolida manualmente,61.0,No sabria decir,No aplica,No aplica,0.0,,,,Trimestral o semestral,33.5,Presupuesto,1,No es un bloqueante real,83.5
SYN-00374,Asia-Pacifico,>20MW,Edge,13,32,Reporte periodico + revision manual,61.0,1,Nunca se cruza la informacion,Cada equipo ve solo su capa,33.33,Energia<->Cooling,"Solo estimacion aproximada, sin registro formal",Se revisa periodicamente (ej. anual),50.0,,,,Anual,16.5,"Nada, podriamos resolverlo",0,No es un bloqueante real,100.0
SYN-00375,Latinoamerica,5-20MW,Colocation,1,163,No hay proceso definido,50.0,2,Semanal,Cada equipo ve solo su capa,39.0,Cooling<->Workload,"Solo estimacion aproximada, sin registro formal",Se revisa activamente con cada cambio relevante,75.0,39.49,28.06,28.94,Nunca se remidio,50.0,Falta de autoridad/politica interna,1,"Obstaculo fuerte, poco probable en el corto plazo",50.0
SYN-00376,Europa,>20MW,Edge,229,42,"Automatizado, sin intervencion humana",75.0,3,Tiempo real / continuo,Cada equipo ve solo su capa,44.33,Energia<->Cooling,"No, es una apreciacion sin evidencia registrada",Se revisa periodicamente (ej. anual),25.0,,,,Continuamente / en tiempo real,50.0,"Nada, podriamos resolverlo",0,No es un bloqueante real,100.0
SYN-00377,Medio Oriente/Africa,<1MW,Enterprise,12,908,Reporte periodico + revision manual,44.33,2,Semanal,Cualquier responsable puede verlas juntas,72.33,Energia<->Cooling,"No, es una apreciacion sin evidencia registrada",Nunca se reviso desde la percepcion inicial,0.0,,,,Anual,16.5,Presupuesto; Falta de autoridad/politica interna; Falta de herramientas tecnicas; Falta de personal capacitado,4,"Obstaculo fuerte, poco probable en el corto plazo",16.5
SYN-00378,Europa,5-20MW,Edge,380,48,"Alertas automaticas, accion manual",55.67,4,Diario,Cada equipo ve solo su capa,25.0,Workload<->Energia,"Solo estimacion aproximada, sin registro formal",Se revisa activamente con cada cambio relevante,75.0,19.06,15.46,18.89,Anual,66.5,Presupuesto; Falta de autoridad/politica interna,2,"Obstaculo moderado, resoluble con esfuerzo",50.0
SYN-00379,Asia-Pacifico,1-5MW,Colocation,1331,239,"Automatizado, sin intervencion humana",58.33,3,Mensual o mas espaciado,Cada equipo ve solo su capa,19.33,Workload<->Energia,"Si, con reporte o medicion concreta",Nunca se reviso desde la percepcion inicial,50.0,,,,Nunca se remidio,0.0,Presupuesto; Falta de autoridad/politica interna; Falta de herramientas tecnicas; Falta de personal capacitado,4,Bloqueante estructural,0.0
SYN-00380,Europa,<1MW,Hyperscale,64,110,No hay proceso definido,33.33,1,Nunca se cruza la informacion,Cualquier responsable puede verlas juntas,66.67,Workload<->Energia,"No, es una apreciacion sin evidencia registrada",Nunca se reviso desde la percepcion inicial,0.0,31.73,23.69,25.34,Nunca se remidio,50.0,"Nada, podriamos resolverlo",0,No es un bloqueante real,100.0
SYN-00381,Europa,1-5MW,Hyperscale,105,5,Reporte periodico + revision manual,61.0,3,Mensual o mas espaciado,Cualquier responsable puede verlas juntas,52.67,Workload<->Energia,"No, es una apreciacion sin evidencia registrada",Se revisa periodicamente (ej. anual),25.0,14.68,12.33,16.01,Anual,66.5,Falta de herramientas tecnicas,1,Bloqueante estructural,33.5
SYN-00382,Medio Oriente/Africa,1-5MW,Enterprise,3898,222,No hay proceso definido,16.67,3,Nunca se cruza la informacion,Cada equipo ve solo su capa,11.0,Energia<->Cooling,"No, es una apreciacion sin evidencia registrada",Nunca se reviso desde la percepcion inicial,0.0,,,,Nunca se remidio,0.0,Presupuesto; Falta de autoridad/politica interna,2,"Obstaculo fuerte, poco probable en el corto plazo",33.0
SYN-00383,Europa,<1MW,Colocation,0,170,No hay proceso definido,50.0,3,Diario,Solo un rol consolida manualmente,52.67,Energia<->Cooling,"Solo estimacion aproximada, sin registro formal",Se revisa periodicamente (ej. anual),50.0,55.56,51.82,6.73,Nunca se remidio,50.0,Presupuesto; Falta de autoridad/politica interna,2,"Obstaculo fuerte, poco probable en el corto plazo",33.0
SYN-00384,Latinoamerica,5-20MW,Hyperscale,145,113,Reporte periodico + revision manual,44.33,4,Mensual o mas espaciado,Solo un rol consolida manualmente,25.0,Workload<->Energia,"No, es una apreciacion sin evidencia registrada",Nunca se reviso desde la percepcion inicial,0.0,,,,Anual,16.5,Presupuesto; Falta de autoridad/politica interna; Falta de personal capacitado,3,"Obstaculo moderado, resoluble con esfuerzo",33.5
SYN-00385,Europa,1-5MW,Colocation,43,659,"Alertas automaticas, accion manual",55.67,1,Mensual o mas espaciado,Solo un rol consolida manualmente,58.33,Workload<->Energia,"Solo estimacion aproximada, sin registro formal",Se revisa activamente con cada cambio relevante,75.0,18.55,16.45,11.32,Anual,66.5,Falta de autoridad/politica interna; Falta de personal capacitado,2,Bloqueante estructural,16.5
SYN-00386,Latinoamerica,>20MW,Colocation,1106,1128,No hay proceso definido,16.67,4,Nunca se cruza la informacion,Cualquier responsable puede verlas juntas,33.33,Energia<->Cooling,"No, es una apreciacion sin evidencia registrada",Nunca se reviso desde la percepcion inicial,0.0,,,,Nunca se remidio,0.0,Presupuesto; Falta de herramientas tecnicas,2,"Obstaculo fuerte, poco probable en el corto plazo",33.0
SYN-00387,Latinoamerica,>20MW,Hyperscale,181,18,"Automatizado, sin intervencion humana",75.0,4,Mensual o mas espaciado,Solo un rol consolida manualmente,25.0,Cooling<->Workload,"Solo estimacion aproximada, sin registro formal",Se revisa periodicamente (ej. anual),50.0,,,,Anual,16.5,Presupuesto; Falta de herramientas tecnicas,2,Bloqueante estructural,16.5
SYN-00388,Norteamerica,>20MW,Colocation,33,2868,Reporte periodico + revision manual,36.0,3,Mensual o mas espaciado,Cada equipo ve solo su capa,19.33,Workload<->Energia,"No, es una apreciacion sin evidencia registrada",Nunca se reviso desde la percepcion inicial,0.0,4.0,2.93,26.75,Nunca se remidio,50.0,Falta de herramientas tecnicas,1,"Obstaculo fuerte, poco probable en el corto plazo",50.0
SYN-00389,Asia-Pacifico,1-5MW,Colocation,0,1028,Reporte periodico + revision manual,52.67,3,Nunca se cruza la informacion,Cada equipo ve solo su capa,11.0,Energia<->Cooling,"Solo estimacion aproximada, sin registro formal",Nunca se reviso desde la percepcion inicial,25.0,,,,Anual,16.5,"Nada, podriamos resolverlo",0,No es un bloqueante real,100.0
SYN-00390,Latinoamerica,<1MW,Hyperscale,946,2542,No hay proceso definido,8.33,4,Semanal,Solo un rol consolida manualmente,33.33,No sabria decir,No aplica,No aplica,0.0,,,,Continuamente / en tiempo real,50.0,Presupuesto,1,"Obstaculo fuerte, poco probable en el corto plazo",50.0
SYN-00391,Europa,1-5MW,Enterprise,14,17,Reporte periodico + revision manual,61.0,2,Mensual o mas espaciado,Solo un rol consolida manualmente,47.33,Energia<->Cooling,"No, es una apreciacion sin evidencia registrada",Nunca se reviso desde la percepcion inicial,0.0,59.01,51.88,12.08,Nunca se remidio,50.0,Presupuesto; Falta de herramientas tecnicas,2,"Obstaculo moderado, resoluble con esfuerzo",50.0
SYN-00392,Norteamerica,>20MW,Hyperscale,148,1,Reporte periodico + revision manual,61.0,3,Diario,Cualquier responsable puede verlas juntas,69.33,Workload<->Energia,"Si, con reporte o medicion concreta",Nunca se reviso desde la percepcion inicial,50.0,,,,Continuamente / en tiempo real,50.0,Presupuesto; Falta de autoridad/politica interna,2,Bloqueante estructural,16.5
SYN-00393,Latinoamerica,>20MW,Enterprise,930,148,No hay proceso definido,25.0,4,Nunca se cruza la informacion,Cada equipo ve solo su capa,0.0,Energia<->Cooling,"Si, con reporte o medicion concreta",Se revisa periodicamente (ej. anual),75.0,,,,Trimestral o semestral,33.5,Presupuesto,1,"Obstaculo moderado, resoluble con esfuerzo",67.0
SYN-00394,Medio Oriente/Africa,<1MW,Enterprise,2459,219,No hay proceso definido,16.67,4,Mensual o mas espaciado,Cada equipo ve solo su capa,8.33,Energia<->Cooling,"No, es una apreciacion sin evidencia registrada",Nunca se reviso desde la percepcion inicial,0.0,,,,Nunca se remidio,0.0,"Nada, podriamos resolverlo",0,No es un bloqueante real,100.0
SYN-00395,Europa,>20MW,Edge,407,182,No hay proceso definido,25.0,4,Nunca se cruza la informacion,Cada equipo ve solo su capa,0.0,Energia<->Cooling,"Solo estimacion aproximada, sin registro formal",Se revisa activamente con cada cambio relevante,75.0,,,,Nunca se remidio,0.0,Falta de herramientas tecnicas,1,"Obstaculo moderado, resoluble con esfuerzo",67.0
SYN-00396,Medio Oriente/Africa,>20MW,Colocation,1914,1348,"Alertas automaticas, accion manual",30.67,2,Nunca se cruza la informacion,Cada equipo ve solo su capa,22.33,Energia<->Cooling,"Solo estimacion aproximada, sin registro formal",Nunca se reviso desde la percepcion inicial,25.0,55.88,37.07,33.66,Trimestral o semestral,83.5,Presupuesto; Falta de personal capacitado,2,"Obstaculo moderado, resoluble con esfuerzo",50.0
SYN-00397,Medio Oriente/Africa,>20MW,Hyperscale,922,3800,No hay proceso definido,8.33,3,Mensual o mas espaciado,Solo un rol consolida manualmente,36.0,Workload<->Energia,"No, es una apreciacion sin evidencia registrada",Se revisa periodicamente (ej. anual),25.0,,,,Nunca se remidio,0.0,Falta de herramientas tecnicas; Falta de personal capacitado,2,"Obstaculo moderado, resoluble con esfuerzo",50.0
SYN-00398,Norteamerica,5-20MW,Colocation,478,501,No hay proceso definido,16.67,4,Mensual o mas espaciado,Cualquier responsable puede verlas juntas,41.67,Energia<->Cooling,"Solo estimacion aproximada, sin registro formal",Nunca se reviso desde la percepcion inicial,25.0,,,,Anual,16.5,Presupuesto,1,"Obstaculo fuerte, poco probable en el corto plazo",50.0
SYN-00399,Europa,<1MW,Edge,3,136,No hay proceso definido,50.0,3,Mensual o mas espaciado,Cada equipo ve solo su capa,19.33,Energia<->Cooling,"No, es una apreciacion sin evidencia registrada",Nunca se reviso desde la percepcion inicial,0.0,,,,Nunca se remidio,0.0,Presupuesto; Falta de herramientas tecnicas,2,"Obstaculo fuerte, poco probable en el corto plazo",33.0
SYN-00400,Latinoamerica,1-5MW,Edge,157,57,Reporte periodico + revision manual,52.67,4,Semanal,Cada equipo ve solo su capa,16.67,Workload<->Energia,"No, es una apreciacion sin evidencia registrada",Se revisa activamente con cada cambio relevante,50.0,,,,Trimestral o semestral,33.5,Presupuesto; Falta de autoridad/politica interna,2,Bloqueante estructural,16.5
SYN-00401,Norteamerica,>20MW,Enterprise,182,3044,Reporte periodico + revision manual,27.67,3,Semanal,Cada equipo ve solo su capa,27.67,Energia<->Cooling,"No, es una apreciacion sin evidencia registrada",Se revisa periodicamente (ej. anual),25.0,45.63,38.94,14.66,Nunca se remidio,50.0,"Nada, podriamos resolverlo",0,No es un bloqueante real,100.0
SYN-00402,Europa,1-5MW,Edge,837,2300,"Alertas automaticas, accion manual",30.67,3,Mensual o mas espaciado,Cualquier responsable puede verlas juntas,52.67,Workload<->Energia,"No, es una apreciacion sin evidencia registrada",Nunca se reviso desde la percepcion inicial,0.0,,,,Trimestral o semestral,33.5,"Nada, podriamos resolverlo",0,No es un bloqueante real,100.0
SYN-00403,Norteamerica,5-20MW,Edge,9,38,No hay proceso definido,50.0,3,Nunca se cruza la informacion,Cada equipo ve solo su capa,11.0,Cooling<->Workload,"Si, con reporte o medicion concreta",Se revisa periodicamente (ej. anual),75.0,,,,Nunca se remidio,0.0,"Nada, podriamos resolverlo",0,No es un bloqueante real,100.0
SYN-00404,Norteamerica,>20MW,Edge,228,63,"Alertas automaticas, accion manual",55.67,1,Mensual o mas espaciado,Cada equipo ve solo su capa,41.67,Cooling<->Workload,"Si, con reporte o medicion concreta",Nunca se reviso desde la percepcion inicial,50.0,,,,Trimestral o semestral,33.5,Falta de herramientas tecnicas,1,"Obstaculo fuerte, poco probable en el corto plazo",50.0
SYN-00405,Latinoamerica,5-20MW,Colocation,10,1341,"Alertas automaticas, accion manual",55.67,4,Tiempo real / continuo,Cada equipo ve solo su capa,33.33,Cooling<->Workload,"No, es una apreciacion sin evidencia registrada",Se revisa periodicamente (ej. anual),25.0,,,,Nunca se remidio,0.0,Falta de herramientas tecnicas,1,Bloqueante estructural,33.5
SYN-00406,Norteamerica,1-5MW,Colocation,3,1944,"Automatizado, sin intervencion humana",66.67,3,Mensual o mas espaciado,Cualquier responsable puede verlas juntas,52.67,Energia<->Cooling,"No, es una apreciacion sin evidencia registrada",Se revisa activamente con cada cambio relevante,50.0,19.32,14.05,27.28,Nunca se remidio,50.0,Falta de autoridad/politica interna; Falta de herramientas tecnicas,2,Bloqueante estructural,16.5
SYN-00407,Asia-Pacifico,>20MW,Colocation,881,962,No hay proceso definido,16.67,3,Mensual o mas espaciado,Cada equipo ve solo su capa,19.33,Energia<->Cooling,"Si, con reporte o medicion concreta",Se revisa activamente con cada cambio relevante,100.0,,,,Trimestral o semestral,33.5,Presupuesto; Falta de personal capacitado,2,"Obstaculo fuerte, poco probable en el corto plazo",33.0
SYN-00408,Latinoamerica,<1MW,Enterprise,227,3079,Reporte periodico + revision manual,27.67,4,Mensual o mas espaciado,Cada equipo ve solo su capa,8.33,Energia<->Cooling,"Solo estimacion aproximada, sin registro formal",Nunca se reviso desde la percepcion inicial,25.0,,,,Nunca se remidio,0.0,"Nada, podriamos resolverlo",0,No es un bloqueante real,100.0
SYN-00409,Medio Oriente/Africa,1-5MW,Edge,2736,3217,Reporte periodico + revision manual,11.0,4,Semanal,Solo un rol consolida manualmente,33.33,Cooling<->Workload,"No, es una apreciacion sin evidencia registrada",Se revisa periodicamente (ej. anual),25.0,,,,Continuamente / en tiempo real,50.0,Falta de herramientas tecnicas,1,"Obstaculo moderado, resoluble con esfuerzo",67.0
SYN-00410,Norteamerica,>20MW,Colocation,87,493,"Alertas automaticas, accion manual",47.33,3,Semanal,Cada equipo ve solo su capa,27.67,Cooling<->Workload,"Solo estimacion aproximada, sin registro formal",Nunca se reviso desde la percepcion inicial,25.0,,,,Nunca se remidio,0.0,Falta de herramientas tecnicas,1,"Obstaculo fuerte, poco probable en el corto plazo",50.0
SYN-00411,Asia-Pacifico,>20MW,Edge,771,4,No hay proceso definido,41.67,3,Diario,Cada equipo ve solo su capa,36.0,Energia<->Cooling,"No, es una apreciacion sin evidencia registrada",Nunca se reviso desde la percepcion inicial,0.0,,,,Nunca se remidio,0.0,"Nada, podriamos resolverlo",0,No es un bloqueante real,100.0
SYN-00412,Asia-Pacifico,>20MW,Enterprise,170,709,Reporte periodico + revision manual,36.0,4,Nunca se cruza la informacion,Solo un rol consolida manualmente,16.67,Energia<->Cooling,"Si, con reporte o medicion concreta",Se revisa activamente con cada cambio relevante,100.0,,,,Nunca se remidio,0.0,Presupuesto; Falta de autoridad/politica interna,2,"Obstaculo fuerte, poco probable en el corto plazo",33.0
SYN-00413,Norteamerica,>20MW,Colocation,1295,1331,No hay proceso definido,16.67,3,Mensual o mas espaciado,Cada equipo ve solo su capa,19.33,Workload<->Energia,"No, es una apreciacion sin evidencia registrada",Nunca se reviso desde la percepcion inicial,0.0,,,,Trimestral o semestral,33.5,"Nada, podriamos resolverlo",0,No es un bloqueante real,100.0
SYN-00414,Medio Oriente/Africa,<1MW,Edge,4203,3585,No hay proceso definido,0.0,2,Semanal,Cualquier responsable puede verlas juntas,72.33,Energia<->Cooling,"Si, con reporte o medicion concreta",Se revisa periodicamente (ej. anual),75.0,58.24,45.74,21.46,Anual,66.5,"Nada, podriamos resolverlo",0,No es un bloqueante real,100.0
SYN-00415,Asia-Pacifico,5-20MW,Edge,115,5,Reporte periodico + revision manual,61.0,2,Semanal,Cada equipo ve solo su capa,39.0,Workload<->Energia,"No, es una apreciacion sin evidencia registrada",Se revisa activamente con cada cambio relevante,50.0,,,,Nunca se remidio,0.0,Presupuesto; Falta de autoridad/politica interna,2,"Obstaculo fuerte, poco probable en el corto plazo",33.0
SYN-00416,Norteamerica,5-20MW,Colocation,63,37,"Alertas automaticas, accion manual",64.0,3,Nunca se cruza la informacion,Solo un rol consolida manualmente,27.67,No sabria decir,No aplica,No aplica,0.0,46.63,36.14,22.5,Anual,66.5,Presupuesto; Falta de personal capacitado,2,Bloqueante estructural,16.5
SYN-00417,Latinoamerica,1-5MW,Colocation,172,5,"Alertas automaticas, accion manual",72.33,2,Tiempo real / continuo,Solo un rol consolida manualmente,72.33,Workload<->Energia,"No, es una apreciacion sin evidencia registrada",Se revisa activamente con cada cambio relevante,50.0,29.8,20.41,31.51,Nunca se remidio,50.0,Presupuesto,1,"Obstaculo fuerte, poco probable en el corto plazo",50.0
SYN-00418,Asia-Pacifico,>20MW,Edge,12,499,"Alertas automaticas, accion manual",55.67,3,Nunca se cruza la informacion,Solo un rol consolida manualmente,27.67,Workload<->Energia,"Solo estimacion aproximada, sin registro formal",Nunca se reviso desde la percepcion inicial,25.0,,,,Anual,16.5,Presupuesto; Falta de personal capacitado,2,"Obstaculo moderado, resoluble con esfuerzo",50.0
SYN-00419,Medio Oriente/Africa,1-5MW,Colocation,90,4312,"Alertas automaticas, accion manual",39.0,4,Diario,Cada equipo ve solo su capa,25.0,Workload<->Energia,"No, es una apreciacion sin evidencia registrada",Se revisa periodicamente (ej. anual),25.0,59.57,51.85,12.96,Trimestral o semestral,83.5,Presupuesto; Falta de autoridad/politica interna,2,"Obstaculo fuerte, poco probable en el corto plazo",33.0
SYN-00420,Medio Oriente/Africa,1-5MW,Hyperscale,2998,139,No hay proceso definido,16.67,4,Semanal,Solo un rol consolida manualmente,33.33,Energia<->Cooling,"Solo estimacion aproximada, sin registro formal",Se revisa activamente con cada cambio relevante,75.0,23.09,19.32,16.33,Nunca se remidio,50.0,Falta de autoridad/politica interna; Falta de personal capacitado,2,No es un bloqueante real,66.5
SYN-00421,Asia-Pacifico,1-5MW,Enterprise,447,125,No hay proceso definido,25.0,3,Semanal,Cualquier responsable puede verlas juntas,61.0,Energia<->Cooling,"No, es una apreciacion sin evidencia registrada",Nunca se reviso desde la percepcion inicial,0.0,,,,Nunca se remidio,0.0,Presupuesto,1,"Obstaculo fuerte, poco probable en el corto plazo",50.0
SYN-00422,Europa,>20MW,Hyperscale,1975,487,"Automatizado, sin intervencion humana",41.67,4,Nunca se cruza la informacion,Cada equipo ve solo su capa,0.0,Energia<->Cooling,"Solo estimacion aproximada, sin registro formal",Se revisa activamente con cada cambio relevante,75.0,,,,Nunca se remidio,0.0,Presupuesto,1,"Obstaculo moderado, resoluble con esfuerzo",67.0
SYN-00423,Europa,1-5MW,Edge,758,3736,No hay proceso definido,8.33,4,Semanal,Cada equipo ve solo su capa,16.67,No sabria decir,No aplica,No aplica,0.0,26.3,18.12,31.1,Continuamente / en tiempo real,100.0,Falta de herramientas tecnicas; Falta de personal capacitado,2,"Obstaculo fuerte, poco probable en el corto plazo",33.0
SYN-00424,Europa,>20MW,Edge,1292,2118,Reporte periodico + revision manual,19.33,3,Mensual o mas espaciado,Solo un rol consolida manualmente,36.0,Workload<->Energia,"Solo estimacion aproximada, sin registro formal",Se revisa activamente con cada cambio relevante,75.0,,,,Nunca se remidio,0.0,Presupuesto,1,"Obstaculo fuerte, poco probable en el corto plazo",50.0
SYN-00425,Asia-Pacifico,5-20MW,Colocation,129,591,"Alertas automaticas, accion manual",47.33,3,Semanal,Cada equipo ve solo su capa,27.67,No sabria decir,No aplica,No aplica,0.0,,,,Trimestral o semestral,33.5,Falta de autoridad/politica interna,1,"Obstaculo moderado, resoluble con esfuerzo",67.0
SYN-00426,Norteamerica,<1MW,Enterprise,996,201,"Alertas automaticas, accion manual",47.33,2,Nunca se cruza la informacion,Solo un rol consolida manualmente,39.0,No sabria decir,No aplica,No aplica,0.0,,,,Continuamente / en tiempo real,50.0,Presupuesto; Falta de herramientas tecnicas; Falta de personal capacitado,3,No es un bloqueante real,50.0
SYN-00427,Medio Oriente/Africa,<1MW,Edge,2495,4039,No hay proceso definido,0.0,2,Semanal,Solo un rol consolida manualmente,55.67,Energia<->Cooling,"No, es una apreciacion sin evidencia registrada",Nunca se reviso desde la percepcion inicial,0.0,,,,Anual,16.5,Falta de herramientas tecnicas,1,"Obstaculo fuerte, poco probable en el corto plazo",50.0
SYN-00428,Latinoamerica,1-5MW,Colocation,37,2179,No hay proceso definido,25.0,1,Diario,Solo un rol consolida manualmente,75.0,Energia<->Cooling,"No, es una apreciacion sin evidencia registrada",Se revisa activamente con cada cambio relevante,50.0,16.22,13.21,18.56,Nunca se remidio,50.0,Falta de autoridad/politica interna,1,Bloqueante estructural,33.5
SYN-00429,Medio Oriente/Africa,<1MW,Edge,89,4080,No hay proceso definido,16.67,2,Nunca se cruza la informacion,Solo un rol consolida manualmente,39.0,No sabria decir,No aplica,No aplica,0.0,,,,Nunca se remidio,0.0,Presupuesto,1,Bloqueante estructural,33.5
SYN-00430,Norteamerica,1-5MW,Colocation,1393,2109,Reporte periodico + revision manual,19.33,3,Semanal,Cada equipo ve solo su capa,27.67,Energia<->Cooling,"Solo estimacion aproximada, sin registro formal",Se revisa activamente con cada cambio relevante,75.0,33.59,21.55,35.84,Anual,66.5,Presupuesto; Falta de autoridad/politica interna; Falta de herramientas tecnicas,3,"Obstaculo fuerte, poco probable en el corto plazo",16.5
SYN-00431,Asia-Pacifico,1-5MW,Edge,471,466,"Alertas automaticas, accion manual",39.0,4,Semanal,Cualquier responsable puede verlas juntas,50.0,Energia<->Cooling,"Solo estimacion aproximada, sin registro formal",Nunca se reviso desde la percepcion inicial,25.0,4.51,3.04,32.59,Trimestral o semestral,83.5,Presupuesto; Falta de autoridad/politica interna; Falta de herramientas tecnicas,3,Bloqueante estructural,0.0
SYN-00432,Asia-Pacifico,5-20MW,Enterprise,2551,4151,Reporte periodico + revision manual,11.0,2,Nunca se cruza la informacion,Cada equipo ve solo su capa,22.33,Workload<->Energia,"No, es una apreciacion sin evidencia registrada",Nunca se reviso desde la percepcion inicial,0.0,,,,Trimestral o semestral,33.5,Presupuesto,1,Bloqueante estructural,33.5
SYN-00433,Norteamerica,>20MW,Enterprise,26,2185,No hay proceso definido,25.0,3,Mensual o mas espaciado,Solo un rol consolida manualmente,36.0,No sabria decir,No aplica,No aplica,0.0,,,,Nunca se remidio,0.0,Presupuesto,1,"Obstaculo fuerte, poco probable en el corto plazo",50.0
SYN-00434,Medio Oriente/Africa,>20MW,Colocation,209,1320,Reporte periodico + revision manual,36.0,3,Mensual o mas espaciado,Cada equipo ve solo su capa,19.33,Energia<->Cooling,"Si, con reporte o medicion concreta",Nunca se reviso desde la percepcion inicial,50.0,34.39,20.67,39.9,Continuamente / en tiempo real,100.0,Presupuesto,1,"Obstaculo moderado, resoluble con esfuerzo",67.0
SYN-00435,Europa,>20MW,Colocation,118,14,"Alertas automaticas, accion manual",64.0,3,Diario,Cada equipo ve solo su capa,36.0,Workload<->Energia,"Solo estimacion aproximada, sin registro formal",Se revisa activamente con cada cambio relevante,75.0,35.73,29.39,17.74,Anual,66.5,Falta de autoridad/politica interna; Falta de herramientas tecnicas; Falta de personal capacitado,3,"Obstaculo moderado, resoluble con esfuerzo",33.5
SYN-00436,Norteamerica,>20MW,Colocation,1203,1321,No hay proceso definido,16.67,2,Semanal,Solo un rol consolida manualmente,55.67,Workload<->Energia,"No, es una apreciacion sin evidencia registrada",Se revisa periodicamente (ej. anual),25.0,53.11,34.22,35.57,Anual,66.5,Presupuesto,1,"Obstaculo fuerte, poco probable en el corto plazo",50.0
SYN-00437,Asia-Pacifico,5-20MW,Colocation,101,84,Reporte periodico + revision manual,44.33,4,Diario,Solo un rol consolida manualmente,41.67,Workload<->Energia,"Solo estimacion aproximada, sin registro formal",Se revisa activamente con cada cambio relevante,75.0,,,,Nunca se remidio,0.0,"Nada, podriamos resolverlo",0,No es un bloqueante real,100.0
SYN-00438,Latinoamerica,>20MW,Colocation,29,639,"Alertas automaticas, accion manual",55.67,2,Semanal,Cada equipo ve solo su capa,39.0,Energia<->Cooling,"Solo estimacion aproximada, sin registro formal",Se revisa activamente con cada cambio relevante,75.0,14.29,10.69,25.19,Continuamente / en tiempo real,100.0,Falta de autoridad/politica interna; Falta de herramientas tecnicas,2,"Obstaculo moderado, resoluble con esfuerzo",50.0
SYN-00439,Norteamerica,<1MW,Edge,2,25,"Automatizado, sin intervencion humana",91.67,3,Semanal,Solo un rol consolida manualmente,44.33,Energia<->Cooling,"No, es una apreciacion sin evidencia registrada",Nunca se reviso desde la percepcion inicial,0.0,,,,Nunca se remidio,0.0,Presupuesto; Falta de personal capacitado,2,Bloqueante estructural,16.5
SYN-00440,Europa,<1MW,Edge,317,99,No hay proceso definido,25.0,1,Mensual o mas espaciado,Cada equipo ve solo su capa,41.67,Energia<->Cooling,"Solo estimacion aproximada, sin registro formal",Nunca se reviso desde la percepcion inicial,25.0,43.68,29.73,31.94,Nunca se remidio,50.0,"Nada, podriamos resolverlo",0,No es un bloqueante real,100.0
SYN-00441,Europa,5-20MW,Enterprise,171,5,No hay proceso definido,50.0,3,Semanal,Cada equipo ve solo su capa,27.67,Energia<->Cooling,"Solo estimacion aproximada, sin registro formal",Nunca se reviso desde la percepcion inicial,25.0,,,,Nunca se remidio,0.0,Presupuesto,1,Bloqueante estructural,33.5
SYN-00442,Norteamerica,>20MW,Hyperscale,588,2102,"Automatizado, sin intervencion humana",41.67,3,Semanal,Cualquier responsable puede verlas juntas,61.0,Workload<->Energia,"Solo estimacion aproximada, sin registro formal",Nunca se reviso desde la percepcion inicial,25.0,,,,Nunca se remidio,0.0,Presupuesto,1,"Obstaculo fuerte, poco probable en el corto plazo",50.0
SYN-00443,Asia-Pacifico,5-20MW,Edge,219,1969,Reporte periodico + revision manual,27.67,3,Mensual o mas espaciado,Solo un rol consolida manualmente,36.0,Energia<->Cooling,"Solo estimacion aproximada, sin registro formal",Se revisa periodicamente (ej. anual),50.0,,,,Nunca se remidio,0.0,Presupuesto; Falta de herramientas tecnicas,2,"Obstaculo fuerte, poco probable en el corto plazo",33.0
SYN-00444,Medio Oriente/Africa,<1MW,Colocation,2631,206,Reporte periodico + revision manual,27.67,1,Semanal,Solo un rol consolida manualmente,66.67,Energia<->Cooling,"Solo estimacion aproximada, sin registro formal",Nunca se reviso desde la percepcion inicial,25.0,,,,Anual,16.5,Presupuesto,1,Bloqueante estructural,33.5
SYN-00445,Europa,>20MW,Enterprise,27,3432,"Alertas automaticas, accion manual",47.33,3,Diario,Solo un rol consolida manualmente,52.67,Cooling<->Workload,"No, es una apreciacion sin evidencia registrada",Se revisa activamente con cada cambio relevante,50.0,34.96,27.23,22.11,Nunca se remidio,50.0,Falta de autoridad/politica interna,1,Bloqueante estructural,33.5
SYN-00446,Europa,<1MW,Colocation,4241,125,No hay proceso definido,16.67,1,Diario,Solo un rol consolida manualmente,75.0,Energia<->Cooling,"No, es una apreciacion sin evidencia registrada",Nunca se reviso desde la percepcion inicial,0.0,,,,Nunca se remidio,0.0,Presupuesto; Falta de herramientas tecnicas,2,"Obstaculo moderado, resoluble con esfuerzo",50.0
SYN-00447,Asia-Pacifico,1-5MW,Colocation,168,1337,No hay proceso definido,25.0,2,Mensual o mas espaciado,Solo un rol consolida manualmente,47.33,Workload<->Energia,"Solo estimacion aproximada, sin registro formal",Se revisa activamente con cada cambio relevante,75.0,,,,Nunca se remidio,0.0,Presupuesto,1,Bloqueante estructural,33.5
SYN-00448,Asia-Pacifico,<1MW,Colocation,2045,889,"Alertas automaticas, accion manual",30.67,4,Semanal,Cada equipo ve solo su capa,16.67,Energia<->Cooling,"Solo estimacion aproximada, sin registro formal",Nunca se reviso desde la percepcion inicial,25.0,28.06,20.75,26.05,Trimestral o semestral,83.5,Falta de personal capacitado,1,"Obstaculo fuerte, poco probable en el corto plazo",50.0
SYN-00449,Asia-Pacifico,1-5MW,Colocation,3803,2957,No hay proceso definido,0.0,1,Nunca se cruza la informacion,Cada equipo ve solo su capa,33.33,Workload<->Energia,"No, es una apreciacion sin evidencia registrada",Nunca se reviso desde la percepcion inicial,0.0,,,,Anual,16.5,Presupuesto,1,"Obstaculo moderado, resoluble con esfuerzo",67.0
SYN-00450,Europa,>20MW,Edge,202,1352,Reporte periodico + revision manual,36.0,2,Mensual o mas espaciado,Cada equipo ve solo su capa,30.67,Workload<->Energia,"No, es una apreciacion sin evidencia registrada",Nunca se reviso desde la percepcion inicial,0.0,,,,Continuamente / en tiempo real,50.0,Presupuesto; Falta de herramientas tecnicas; Falta de personal capacitado,3,Bloqueante estructural,0.0
SYN-00451,Norteamerica,>20MW,Hyperscale,1271,307,No hay proceso definido,16.67,4,Semanal,Cada equipo ve solo su capa,16.67,Cooling<->Workload,"Si, con reporte o medicion concreta",Nunca se reviso desde la percepcion inicial,50.0,,,,Anual,16.5,"Nada, podriamos resolverlo",0,No es un bloqueante real,100.0
SYN-00452,Latinoamerica,<1MW,Enterprise,1280,229,"Alertas automaticas, accion manual",47.33,4,Nunca se cruza la informacion,Solo un rol consolida manualmente,16.67,Energia<->Cooling,"No, es una apreciacion sin evidencia registrada",Se revisa periodicamente (ej. anual),25.0,10.9,8.52,21.83,Anual,66.5,"Nada, podriamos resolverlo",0,No es un bloqueante real,100.0
SYN-00453,Medio Oriente/Africa,>20MW,Colocation,1042,47,Reporte periodico + revision manual,44.33,1,Nunca se cruza la informacion,Solo un rol consolida manualmente,50.0,No sabria decir,No aplica,No aplica,0.0,,,,Nunca se remidio,0.0,Presupuesto; Falta de autoridad/politica interna; Falta de herramientas tecnicas; Falta de personal capacitado,4,"Obstaculo fuerte, poco probable en el corto plazo",16.5
SYN-00454,Europa,<1MW,Edge,4010,3705,"Alertas automaticas, accion manual",22.33,2,Diario,Cualquier responsable puede verlas juntas,80.67,Energia<->Cooling,"No, es una apreciacion sin evidencia registrada",Se revisa activamente con cada cambio relevante,50.0,,,,Anual,16.5,Falta de herramientas tecnicas,1,Bloqueante estructural,33.5
SYN-00455,Asia-Pacifico,1-5MW,Colocation,695,198,No hay proceso definido,25.0,3,Nunca se cruza la informacion,Solo un rol consolida manualmente,27.67,Energia<->Cooling,"Si, con reporte o medicion concreta",Se revisa activamente con cada cambio relevante,100.0,3.34,2.05,38.62,Trimestral o semestral,83.5,Falta de autoridad/politica interna; Falta de herramientas tecnicas; Falta de personal capacitado,3,"Obstaculo moderado, resoluble con esfuerzo",33.5
SYN-00456,Norteamerica,>20MW,Enterprise,2292,186,No hay proceso definido,16.67,3,Mensual o mas espaciado,Cada equipo ve solo su capa,19.33,Energia<->Cooling,"Solo estimacion aproximada, sin registro formal",Nunca se reviso desde la percepcion inicial,25.0,,,,Anual,16.5,Presupuesto; Falta de autoridad/politica interna,2,"Obstaculo fuerte, poco probable en el corto plazo",33.0
SYN-00457,Norteamerica,<1MW,Enterprise,3423,3898,Reporte periodico + revision manual,11.0,2,Mensual o mas espaciado,Cada equipo ve solo su capa,30.67,Energia<->Cooling,"Si, con reporte o medicion concreta",Se revisa activamente con cada cambio relevante,100.0,,,,Trimestral o semestral,33.5,Falta de autoridad/politica interna; Falta de herramientas tecnicas,2,"Obstaculo moderado, resoluble con esfuerzo",50.0
SYN-00458,Europa,5-20MW,Enterprise,429,202,No hay proceso definido,25.0,3,Nunca se cruza la informacion,Solo un rol consolida manualmente,27.67,No sabria decir,No aplica,No aplica,0.0,,,,Trimestral o semestral,33.5,Presupuesto,1,"Obstaculo moderado, resoluble con esfuerzo",67.0
SYN-00459,Medio Oriente/Africa,5-20MW,Colocation,1240,175,Reporte periodico + revision manual,36.0,3,Nunca se cruza la informacion,Cada equipo ve solo su capa,11.0,Workload<->Energia,"Solo estimacion aproximada, sin registro formal",Nunca se reviso desde la percepcion inicial,25.0,,,,Nunca se remidio,0.0,Presupuesto; Falta de autoridad/politica interna; Falta de herramientas tecnicas,3,"Obstaculo fuerte, poco probable en el corto plazo",16.5
SYN-00460,Asia-Pacifico,5-20MW,Edge,1,3199,No hay proceso definido,33.33,3,Diario,Cada equipo ve solo su capa,36.0,Energia<->Cooling,"No, es una apreciacion sin evidencia registrada",Se revisa activamente con cada cambio relevante,50.0,,,,Continuamente / en tiempo real,50.0,Presupuesto,1,"Obstaculo fuerte, poco probable en el corto plazo",50.0
SYN-00461,Latinoamerica,5-20MW,Colocation,451,394,Reporte periodico + revision manual,27.67,3,Mensual o mas espaciado,Solo un rol consolida manualmente,36.0,Workload<->Energia,"Solo estimacion aproximada, sin registro formal",Se revisa activamente con cada cambio relevante,75.0,,,,Continuamente / en tiempo real,50.0,Presupuesto; Falta de autoridad/politica interna,2,"Obstaculo fuerte, poco probable en el corto plazo",33.0
SYN-00462,Europa,<1MW,Enterprise,4,3332,"Alertas automaticas, accion manual",55.67,4,Semanal,Cada equipo ve solo su capa,16.67,No sabria decir,No aplica,No aplica,0.0,39.4,31.14,20.96,Continuamente / en tiempo real,100.0,Presupuesto; Falta de personal capacitado,2,Bloqueante estructural,16.5
SYN-00463,Latinoamerica,<1MW,Enterprise,337,239,No hay proceso definido,25.0,3,Mensual o mas espaciado,Cada equipo ve solo su capa,19.33,Workload<->Energia,"No, es una apreciacion sin evidencia registrada",Se revisa activamente con cada cambio relevante,50.0,49.88,30.5,38.85,Nunca se remidio,50.0,Falta de autoridad/politica interna; Falta de herramientas tecnicas,2,Bloqueante estructural,16.5
SYN-00464,Medio Oriente/Africa,<1MW,Hyperscale,72,25,"Automatizado, sin intervencion humana",75.0,2,Mensual o mas espaciado,Cada equipo ve solo su capa,30.67,Energia<->Cooling,"Solo estimacion aproximada, sin registro formal",Se revisa activamente con cada cambio relevante,75.0,,,,Trimestral o semestral,33.5,"Nada, podriamos resolverlo",0,No es un bloqueante real,100.0
SYN-00465,Latinoamerica,>20MW,Hyperscale,733,1244,No hay proceso definido,16.67,2,Mensual o mas espaciado,Solo un rol consolida manualmente,47.33,Energia<->Cooling,"Solo estimacion aproximada, sin registro formal",Se revisa activamente con cada cambio relevante,75.0,,,,Nunca se remidio,0.0,Falta de herramientas tecnicas; Falta de personal capacitado,2,Bloqueante estructural,16.5
SYN-00466,Norteamerica,1-5MW,Hyperscale,1199,2210,Reporte periodico + revision manual,19.33,2,Nunca se cruza la informacion,Cada equipo ve solo su capa,22.33,Cooling<->Workload,"Solo estimacion aproximada, sin registro formal",Nunca se reviso desde la percepcion inicial,25.0,,,,Nunca se remidio,0.0,Falta de autoridad/politica interna; Falta de herramientas tecnicas,2,"Obstaculo fuerte, poco probable en el corto plazo",33.0
SYN-00467,Latinoamerica,1-5MW,Edge,23,236,Reporte periodico + revision manual,52.67,4,Mensual o mas espaciado,Cualquier responsable puede verlas juntas,41.67,Workload<->Energia,"No, es una apreciacion sin evidencia registrada",Se revisa periodicamente (ej. anual),25.0,,,,Trimestral o semestral,33.5,Presupuesto; Falta de personal capacitado,2,Bloqueante estructural,16.5
SYN-00468,Norteamerica,5-20MW,Edge,162,1281,Reporte periodico + revision manual,36.0,3,Semanal,Cualquier responsable puede verlas juntas,61.0,Energia<->Cooling,"No, es una apreciacion sin evidencia registrada",Se revisa activamente con cada cambio relevante,50.0,12.25,7.11,41.96,Trimestral o semestral,83.5,Falta de herramientas tecnicas; Falta de personal capacitado,2,"Obstaculo moderado, resoluble con esfuerzo",50.0
SYN-00469,Norteamerica,1-5MW,Hyperscale,8,729,"Automatizado, sin intervencion humana",66.67,2,Semanal,Cada equipo ve solo su capa,39.0,Workload<->Energia,"Solo estimacion aproximada, sin registro formal",Se revisa activamente con cada cambio relevante,75.0,,,,Nunca se remidio,0.0,Presupuesto; Falta de autoridad/politica interna,2,"Obstaculo moderado, resoluble con esfuerzo",50.0
SYN-00470,Medio Oriente/Africa,5-20MW,Hyperscale,38,3989,Reporte periodico + revision manual,36.0,2,Nunca se cruza la informacion,Solo un rol consolida manualmente,39.0,Energia<->Cooling,"Si, con reporte o medicion concreta",Se revisa activamente con cada cambio relevante,100.0,,,,Trimestral o semestral,33.5,Presupuesto; Falta de personal capacitado,2,"Obstaculo moderado, resoluble con esfuerzo",50.0
SYN-00471,Norteamerica,1-5MW,Hyperscale,1211,1241,No hay proceso definido,16.67,3,Tiempo real / continuo,Cualquier responsable puede verlas juntas,77.67,Workload<->Energia,"Solo estimacion aproximada, sin registro formal",Se revisa periodicamente (ej. anual),50.0,,,,Nunca se remidio,0.0,Falta de autoridad/politica interna,1,"Obstaculo fuerte, poco probable en el corto plazo",50.0
SYN-00472,Asia-Pacifico,5-20MW,Edge,178,2,Reporte periodico + revision manual,61.0,2,Mensual o mas espaciado,Cada equipo ve solo su capa,30.67,Workload<->Energia,"No, es una apreciacion sin evidencia registrada",Se revisa periodicamente (ej. anual),25.0,,,,Anual,16.5,Falta de autoridad/politica interna; Falta de personal capacitado,2,Bloqueante estructural,16.5
SYN-00473,Asia-Pacifico,>20MW,Hyperscale,239,2913,"Alertas automaticas, accion manual",39.0,1,Nunca se cruza la informacion,Solo un rol consolida manualmente,50.0,Energia<->Cooling,"Solo estimacion aproximada, sin registro formal",Nunca se reviso desde la percepcion inicial,25.0,,,,Nunca se remidio,0.0,Falta de herramientas tecnicas,1,"Obstaculo moderado, resoluble con esfuerzo",67.0
SYN-00474,Asia-Pacifico,>20MW,Edge,2572,71,Reporte periodico + revision manual,27.67,3,Nunca se cruza la informacion,Cualquier responsable puede verlas juntas,44.33,Workload<->Energia,"No, es una apreciacion sin evidencia registrada",Nunca se reviso desde la percepcion inicial,0.0,,,,Trimestral o semestral,33.5,Presupuesto; Falta de herramientas tecnicas,2,"Obstaculo fuerte, poco probable en el corto plazo",33.0
SYN-00475,Asia-Pacifico,1-5MW,Enterprise,373,272,Reporte periodico + revision manual,27.67,2,Nunca se cruza la informacion,Cualquier responsable puede verlas juntas,55.67,Cooling<->Workload,"Si, con reporte o medicion concreta",Se revisa periodicamente (ej. anual),75.0,,,,Continuamente / en tiempo real,50.0,Presupuesto,1,Bloqueante estructural,33.5
SYN-00476,Medio Oriente/Africa,1-5MW,Hyperscale,533,2246,Reporte periodico + revision manual,19.33,4,Semanal,Cualquier responsable puede verlas juntas,50.0,No sabria decir,No aplica,No aplica,0.0,41.35,34.57,16.4,Nunca se remidio,50.0,Falta de personal capacitado,1,"Obstaculo fuerte, poco probable en el corto plazo",50.0
SYN-00477,Asia-Pacifico,1-5MW,Colocation,167,857,Reporte periodico + revision manual,36.0,2,Nunca se cruza la informacion,Solo un rol consolida manualmente,39.0,Energia<->Cooling,"No, es una apreciacion sin evidencia registrada",Nunca se reviso desde la percepcion inicial,0.0,32.54,23.5,27.78,Nunca se remidio,50.0,Presupuesto,1,"Obstaculo fuerte, poco probable en el corto plazo",50.0
SYN-00478,Latinoamerica,>20MW,Hyperscale,1549,3165,"Automatizado, sin intervencion humana",33.33,2,Nunca se cruza la informacion,Cada equipo ve solo su capa,22.33,Cooling<->Workload,"Solo estimacion aproximada, sin registro formal",Nunca se reviso desde la percepcion inicial,25.0,,,,Nunca se remidio,0.0,Presupuesto; Falta de herramientas tecnicas,2,"Obstaculo fuerte, poco probable en el corto plazo",33.0
SYN-00479,Medio Oriente/Africa,>20MW,Hyperscale,23,4102,"Alertas automaticas, accion manual",47.33,3,Nunca se cruza la informacion,Cada equipo ve solo su capa,11.0,Workload<->Energia,"No, es una apreciacion sin evidencia registrada",Se revisa activamente con cada cambio relevante,50.0,,,,Anual,16.5,"Nada, podriamos resolverlo",0,No es un bloqueante real,100.0
SYN-00480,Latinoamerica,1-5MW,Colocation,4061,2673,No hay proceso definido,0.0,3,Nunca se cruza la informacion,Cada equipo ve solo su capa,11.0,Workload<->Energia,"Solo estimacion aproximada, sin registro formal",Se revisa activamente con cada cambio relevante,75.0,53.03,44.27,16.52,Trimestral o semestral,83.5,Presupuesto,1,"Obstaculo moderado, resoluble con esfuerzo",67.0
SYN-00481,Latinoamerica,1-5MW,Colocation,3680,217,No hay proceso definido,16.67,4,Mensual o mas espaciado,Solo un rol consolida manualmente,25.0,Workload<->Energia,"Solo estimacion aproximada, sin registro formal",Nunca se reviso desde la percepcion inicial,25.0,,,,Trimestral o semestral,33.5,Falta de personal capacitado,1,"Obstaculo fuerte, poco probable en el corto plazo",50.0
SYN-00482,Medio Oriente/Africa,>20MW,Enterprise,1042,88,Reporte periodico + revision manual,36.0,4,Diario,Solo un rol consolida manualmente,41.67,Energia<->Cooling,"Solo estimacion aproximada, sin registro formal",Nunca se reviso desde la percepcion inicial,25.0,39.72,31.08,21.75,Nunca se remidio,50.0,Presupuesto; Falta de personal capacitado,2,Bloqueante estructural,16.5
SYN-00483,Latinoamerica,5-20MW,Hyperscale,2906,1271,"Alertas automaticas, accion manual",30.67,4,Mensual o mas espaciado,Cada equipo ve solo su capa,8.33,Energia<->Cooling,"Solo estimacion aproximada, sin registro formal",Nunca se reviso desde la percepcion inicial,25.0,,,,Anual,16.5,Falta de autoridad/politica interna,1,Bloqueante estructural,33.5
SYN-00484,Norteamerica,>20MW,Edge,3922,1420,No hay proceso definido,8.33,3,Mensual o mas espaciado,Solo un rol consolida manualmente,36.0,Workload<->Energia,"No, es una apreciacion sin evidencia registrada",Nunca se reviso desde la percepcion inicial,0.0,,,,Nunca se remidio,0.0,Presupuesto; Falta de autoridad/politica interna; Falta de personal capacitado,3,"Obstaculo fuerte, poco probable en el corto plazo",16.5
SYN-00485,Latinoamerica,>20MW,Enterprise,725,17,No hay proceso definido,33.33,3,Nunca se cruza la informacion,Cada equipo ve solo su capa,11.0,Energia<->Cooling,"Solo estimacion aproximada, sin registro formal",Se revisa activamente con cada cambio relevante,75.0,,,,Anual,16.5,Presupuesto; Falta de herramientas tecnicas; Falta de personal capacitado,3,"Obstaculo moderado, resoluble con esfuerzo",33.5
SYN-00486,Latinoamerica,>20MW,Colocation,3791,641,"Alertas automaticas, accion manual",30.67,3,Semanal,Solo un rol consolida manualmente,44.33,Energia<->Cooling,"No, es una apreciacion sin evidencia registrada",Nunca se reviso desde la percepcion inicial,0.0,35.76,30.64,14.32,Trimestral o semestral,83.5,"Nada, podriamos resolverlo",0,No es un bloqueante real,100.0
SYN-00487,Medio Oriente/Africa,<1MW,Enterprise,52,4071,Reporte periodico + revision manual,36.0,2,Semanal,Cada equipo ve solo su capa,39.0,Cooling<->Workload,"Solo estimacion aproximada, sin registro formal",Nunca se reviso desde la percepcion inicial,25.0,,,,Nunca se remidio,0.0,Presupuesto,1,"Obstaculo moderado, resoluble con esfuerzo",67.0
SYN-00488,Medio Oriente/Africa,5-20MW,Hyperscale,20,40,Reporte periodico + revision manual,61.0,2,Nunca se cruza la informacion,Cada equipo ve solo su capa,22.33,Energia<->Cooling,"No, es una apreciacion sin evidencia registrada",Se revisa activamente con cada cambio relevante,50.0,,,,Nunca se remidio,0.0,Presupuesto,1,"Obstaculo fuerte, poco probable en el corto plazo",50.0
SYN-00489,Latinoamerica,<1MW,Hyperscale,779,307,Reporte periodico + revision manual,27.67,2,Semanal,Cada equipo ve solo su capa,39.0,Energia<->Cooling,"Solo estimacion aproximada, sin registro formal",Nunca se reviso desde la percepcion inicial,25.0,,,,Nunca se remidio,0.0,Falta de autoridad/politica interna; Falta de herramientas tecnicas,2,Bloqueante estructural,16.5
SYN-00490,Norteamerica,5-20MW,Hyperscale,3891,406,No hay proceso definido,8.33,3,Diario,Cada equipo ve solo su capa,36.0,Energia<->Cooling,"Solo estimacion aproximada, sin registro formal",Se revisa periodicamente (ej. anual),50.0,,,,Anual,16.5,Falta de herramientas tecnicas,1,No es un bloqueante real,83.5
SYN-00491,Europa,>20MW,Hyperscale,347,157,No hay proceso definido,25.0,3,Semanal,Cualquier responsable puede verlas juntas,61.0,Cooling<->Workload,"No, es una apreciacion sin evidencia registrada",Nunca se reviso desde la percepcion inicial,0.0,,,,Trimestral o semestral,33.5,Presupuesto; Falta de autoridad/politica interna; Falta de herramientas tecnicas,3,"Obstaculo moderado, resoluble con esfuerzo",33.5
SYN-00492,Medio Oriente/Africa,<1MW,Hyperscale,2464,1754,"Automatizado, sin intervencion humana",33.33,3,Semanal,Solo un rol consolida manualmente,44.33,Workload<->Energia,"No, es una apreciacion sin evidencia registrada",Nunca se reviso desde la percepcion inicial,0.0,25.07,21.59,13.88,Nunca se remidio,50.0,Falta de autoridad/politica interna; Falta de personal capacitado,2,"Obstaculo fuerte, poco probable en el corto plazo",33.0
SYN-00493,Asia-Pacifico,1-5MW,Edge,992,840,No hay proceso definido,16.67,2,Nunca se cruza la informacion,Solo un rol consolida manualmente,39.0,Cooling<->Workload,"Si, con reporte o medicion concreta",Se revisa periodicamente (ej. anual),75.0,,,,Nunca se remidio,0.0,Presupuesto; Falta de autoridad/politica interna,2,"Obstaculo fuerte, poco probable en el corto plazo",33.0
SYN-00494,Asia-Pacifico,1-5MW,Hyperscale,97,1,No hay proceso definido,50.0,3,Mensual o mas espaciado,Cualquier responsable puede verlas juntas,52.67,Cooling<->Workload,"Si, con reporte o medicion concreta",Se revisa periodicamente (ej. anual),75.0,,,,Nunca se remidio,0.0,Presupuesto; Falta de autoridad/politica interna,2,Bloqueante estructural,16.5
SYN-00495,Latinoamerica,>20MW,Hyperscale,158,33,Reporte periodico + revision manual,52.67,3,Tiempo real / continuo,Cada equipo ve solo su capa,44.33,No sabria decir,No aplica,No aplica,0.0,,,,Nunca se remidio,0.0,Presupuesto; Falta de herramientas tecnicas,2,"Obstaculo moderado, resoluble con esfuerzo",50.0
SYN-00496,Norteamerica,5-20MW,Edge,1674,3707,Reporte periodico + revision manual,11.0,3,Mensual o mas espaciado,Cada equipo ve solo su capa,19.33,No sabria decir,No aplica,No aplica,0.0,,,,Nunca se remidio,0.0,Falta de herramientas tecnicas,1,"Obstaculo fuerte, poco probable en el corto plazo",50.0
SYN-00497,Europa,1-5MW,Hyperscale,235,1791,No hay proceso definido,16.67,4,Semanal,Cada equipo ve solo su capa,16.67,Energia<->Cooling,"Solo estimacion aproximada, sin registro formal",Se revisa periodicamente (ej. anual),50.0,,,,Nunca se remidio,0.0,Falta de autoridad/politica interna,1,Bloqueante estructural,33.5
SYN-00498,Europa,>20MW,Edge,0,975,Reporte periodico + revision manual,52.67,4,Semanal,Cualquier responsable puede verlas juntas,50.0,No sabria decir,No aplica,No aplica,0.0,,,,Nunca se remidio,0.0,Presupuesto; Falta de autoridad/politica interna; Falta de herramientas tecnicas,3,"Obstaculo moderado, resoluble con esfuerzo",33.5
SYN-00499,Latinoamerica,1-5MW,Colocation,541,4127,"Automatizado, sin intervencion humana",41.67,2,Tiempo real / continuo,Cada equipo ve solo su capa,55.67,Workload<->Energia,"No, es una apreciacion sin evidencia registrada",Se revisa activamente con cada cambio relevante,50.0,,,,Continuamente / en tiempo real,50.0,Falta de autoridad/politica interna; Falta de herramientas tecnicas,2,Bloqueante estructural,16.5
SYN-00500,Asia-Pacifico,<1MW,Colocation,80,472,Reporte periodico + revision manual,36.0,2,Semanal,Solo un rol consolida manualmente,55.67,Workload<->Energia,"Solo estimacion aproximada, sin registro formal",Nunca se reviso desde la percepcion inicial,25.0,,,,Trimestral o semestral,33.5,Presupuesto,1,"Obstaculo fuerte, poco probable en el corto plazo",50.0
SYN-00501,Latinoamerica,5-20MW,Hyperscale,8,99,No hay proceso definido,41.67,1,Mensual o mas espaciado,Cada equipo ve solo su capa,41.67,Cooling<->Workload,"No, es una apreciacion sin evidencia registrada",Se revisa periodicamente (ej. anual),25.0,,,,Anual,16.5,Presupuesto; Falta de herramientas tecnicas,2,"Obstaculo fuerte, poco probable en el corto plazo",33.0
SYN-00502,Norteamerica,<1MW,Colocation,1417,1097,Reporte periodico + revision manual,27.67,2,Nunca se cruza la informacion,Cada equipo ve solo su capa,22.33,Workload<->Energia,"No, es una apreciacion sin evidencia registrada",Se revisa periodicamente (ej. anual),25.0,,,,Trimestral o semestral,33.5,"Nada, podriamos resolverlo",0,No es un bloqueante real,100.0
SYN-00503,Asia-Pacifico,1-5MW,Edge,90,1152,No hay proceso definido,25.0,4,Semanal,Solo un rol consolida manualmente,33.33,Cooling<->Workload,"No, es una apreciacion sin evidencia registrada",Nunca se reviso desde la percepcion inicial,0.0,,,,Anual,16.5,Presupuesto; Falta de personal capacitado,2,"Obstaculo fuerte, poco probable en el corto plazo",33.0
SYN-00504,Latinoamerica,1-5MW,Enterprise,940,81,Reporte periodico + revision manual,36.0,3,Diario,Solo un rol consolida manualmente,52.67,Workload<->Energia,"Solo estimacion aproximada, sin registro formal",Se revisa activamente con cada cambio relevante,75.0,,,,Trimestral o semestral,33.5,Presupuesto,1,"Obstaculo moderado, resoluble con esfuerzo",67.0
SYN-00505,Norteamerica,>20MW,Hyperscale,390,39,No hay proceso definido,33.33,4,Semanal,Solo un rol consolida manualmente,33.33,Cooling<->Workload,"No, es una apreciacion sin evidencia registrada",Se revisa activamente con cada cambio relevante,50.0,,,,Nunca se remidio,0.0,Falta de personal capacitado,1,"Obstaculo fuerte, poco probable en el corto plazo",50.0
SYN-00506,Asia-Pacifico,>20MW,Edge,1133,183,No hay proceso definido,25.0,3,Mensual o mas espaciado,Cada equipo ve solo su capa,19.33,Workload<->Energia,"Solo estimacion aproximada, sin registro formal",Se revisa activamente con cada cambio relevante,75.0,36.4,29.68,18.46,Anual,66.5,Presupuesto; Falta de herramientas tecnicas,2,"Obstaculo moderado, resoluble con esfuerzo",50.0
SYN-00507,Latinoamerica,5-20MW,Hyperscale,1316,1114,"Alertas automaticas, accion manual",39.0,3,Nunca se cruza la informacion,Cada equipo ve solo su capa,11.0,Energia<->Cooling,"No, es una apreciacion sin evidencia registrada",Nunca se reviso desde la percepcion inicial,0.0,,,,Anual,16.5,Presupuesto,1,"Obstaculo moderado, resoluble con esfuerzo",67.0
SYN-00508,Asia-Pacifico,5-20MW,Edge,104,127,No hay proceso definido,33.33,4,Nunca se cruza la informacion,Cada equipo ve solo su capa,0.0,Energia<->Cooling,"Solo estimacion aproximada, sin registro formal",Nunca se reviso desde la percepcion inicial,25.0,,,,Continuamente / en tiempo real,50.0,"Nada, podriamos resolverlo",0,No es un bloqueante real,100.0
SYN-00509,Norteamerica,>20MW,Hyperscale,133,3780,Reporte periodico + revision manual,27.67,3,Diario,Solo un rol consolida manualmente,52.67,No sabria decir,No aplica,No aplica,0.0,,,,Nunca se remidio,0.0,Presupuesto; Falta de personal capacitado,2,"Obstaculo moderado, resoluble con esfuerzo",50.0
SYN-00510,Asia-Pacifico,<1MW,Enterprise,2352,910,"Alertas automaticas, accion manual",30.67,2,Mensual o mas espaciado,Cada equipo ve solo su capa,30.67,Workload<->Energia,"Si, con reporte o medicion concreta",Nunca se reviso desde la percepcion inicial,50.0,,,,Continuamente / en tiempo real,50.0,Presupuesto; Falta de personal capacitado,2,"Obstaculo fuerte, poco probable en el corto plazo",33.0
SYN-00511,Norteamerica,<1MW,Colocation,30,2342,No hay proceso definido,25.0,2,Diario,Cada equipo ve solo su capa,47.33,Workload<->Energia,"Solo estimacion aproximada, sin registro formal",Se revisa activamente con cada cambio relevante,75.0,,,,Nunca se remidio,0.0,Falta de herramientas tecnicas; Falta de personal capacitado,2,"Obstaculo fuerte, poco probable en el corto plazo",33.0
SYN-00512,Europa,1-5MW,Hyperscale,128,1436,"Alertas automaticas, accion manual",47.33,2,Mensual o mas espaciado,Cada equipo ve solo su capa,30.67,Workload<->Energia,"No, es una apreciacion sin evidencia registrada",Nunca se reviso desde la percepcion inicial,0.0,,,,Anual,16.5,Falta de personal capacitado,1,"Obstaculo moderado, resoluble con esfuerzo",67.0
SYN-00513,Asia-Pacifico,>20MW,Edge,230,106,Reporte periodico + revision manual,44.33,2,Diario,Cada equipo ve solo su capa,47.33,Workload<->Energia,"No, es una apreciacion sin evidencia registrada",Se revisa periodicamente (ej. anual),25.0,,,,Anual,16.5,Presupuesto; Falta de autoridad/politica interna; Falta de herramientas tecnicas,3,Bloqueante estructural,0.0
SYN-00514,Latinoamerica,<1MW,Enterprise,142,174,Reporte periodico + revision manual,44.33,2,Diario,Solo un rol consolida manualmente,64.0,Energia<->Cooling,"No, es una apreciacion sin evidencia registrada",Se revisa activamente con cada cambio relevante,50.0,,,,Trimestral o semestral,33.5,Falta de personal capacitado,1,Bloqueante estructural,33.5
SYN-00515,Medio Oriente/Africa,5-20MW,Colocation,281,1527,No hay proceso definido,8.33,1,Mensual o mas espaciado,Cada equipo ve solo su capa,41.67,Workload<->Energia,"No, es una apreciacion sin evidencia registrada",Nunca se reviso desde la percepcion inicial,0.0,,,,Anual,16.5,Presupuesto; Falta de autoridad/politica interna,2,"Obstaculo moderado, resoluble con esfuerzo",50.0
SYN-00516,Europa,5-20MW,Enterprise,202,268,"Automatizado, sin intervencion humana",58.33,1,Nunca se cruza la informacion,Cualquier responsable puede verlas juntas,66.67,Energia<->Cooling,"Solo estimacion aproximada, sin registro formal",Se revisa activamente con cada cambio relevante,75.0,,,,Trimestral o semestral,33.5,Falta de autoridad/politica interna; Falta de herramientas tecnicas; Falta de personal capacitado,3,Bloqueante estructural,0.0
SYN-00517,Latinoamerica,1-5MW,Enterprise,1754,52,No hay proceso definido,25.0,3,Tiempo real / continuo,Cada equipo ve solo su capa,44.33,Cooling<->Workload,"No, es una apreciacion sin evidencia registrada",Se revisa activamente con cada cambio relevante,50.0,,,,Anual,16.5,"Nada, podriamos resolverlo",0,No es un bloqueante real,100.0
SYN-00518,Norteamerica,5-20MW,Enterprise,445,228,Reporte periodico + revision manual,36.0,3,Semanal,Solo un rol consolida manualmente,44.33,Cooling<->Workload,"Solo estimacion aproximada, sin registro formal",Se revisa periodicamente (ej. anual),50.0,,,,Anual,16.5,Presupuesto,1,Bloqueante estructural,33.5
SYN-00519,Norteamerica,>20MW,Colocation,291,120,Reporte periodico + revision manual,36.0,3,Diario,Solo un rol consolida manualmente,52.67,Energia<->Cooling,"No, es una apreciacion sin evidencia registrada",Se revisa activamente con cada cambio relevante,50.0,,,,Trimestral o semestral,33.5,Falta de herramientas tecnicas,1,Bloqueante estructural,33.5
SYN-00520,Medio Oriente/Africa,1-5MW,Hyperscale,757,147,No hay proceso definido,25.0,1,Mensual o mas espaciado,Cada equipo ve solo su capa,41.67,Workload<->Energia,"Solo estimacion aproximada, sin registro formal",Se revisa periodicamente (ej. anual),50.0,,,,Anual,16.5,Presupuesto; Falta de herramientas tecnicas,2,"Obstaculo fuerte, poco probable en el corto plazo",33.0
SYN-00521,Medio Oriente/Africa,<1MW,Hyperscale,80,64,"Alertas automaticas, accion manual",55.67,3,Diario,Solo un rol consolida manualmente,52.67,No sabria decir,No aplica,No aplica,0.0,26.6,22.69,14.7,Trimestral o semestral,83.5,"Nada, podriamos resolverlo",0,No es un bloqueante real,100.0
SYN-00522,Latinoamerica,<1MW,Enterprise,24,796,Reporte periodico + revision manual,44.33,3,Semanal,Cada equipo ve solo su capa,27.67,Energia<->Cooling,"Solo estimacion aproximada, sin registro formal",Se revisa periodicamente (ej. anual),50.0,,,,Nunca se remidio,0.0,Presupuesto; Falta de autoridad/politica interna,2,Bloqueante estructural,16.5
SYN-00523,Europa,1-5MW,Edge,3,36,"Automatizado, sin intervencion humana",91.67,4,Semanal,Solo un rol consolida manualmente,33.33,Workload<->Energia,"Solo estimacion aproximada, sin registro formal",Se revisa periodicamente (ej. anual),50.0,29.18,21.41,26.63,Nunca se remidio,50.0,Presupuesto; Falta de personal capacitado,2,Bloqueante estructural,16.5
SYN-00524,Latinoamerica,5-20MW,Enterprise,1066,3739,Reporte periodico + revision manual,19.33,3,Diario,Solo un rol consolida manualmente,52.67,Workload<->Energia,"Solo estimacion aproximada, sin registro formal",Se revisa periodicamente (ej. anual),50.0,48.22,34.39,28.68,Nunca se remidio,50.0,Falta de autoridad/politica interna,1,"Obstaculo moderado, resoluble con esfuerzo",67.0
SYN-00525,Medio Oriente/Africa,>20MW,Colocation,56,116,"Automatizado, sin intervencion humana",75.0,4,Diario,Solo un rol consolida manualmente,41.67,Workload<->Energia,"Solo estimacion aproximada, sin registro formal",Nunca se reviso desde la percepcion inicial,25.0,31.68,28.03,11.52,Anual,66.5,Presupuesto; Falta de autoridad/politica interna,2,"Obstaculo fuerte, poco probable en el corto plazo",33.0
SYN-00526,Latinoamerica,5-20MW,Enterprise,2739,679,No hay proceso definido,8.33,4,Nunca se cruza la informacion,Cada equipo ve solo su capa,0.0,Workload<->Energia,"No, es una apreciacion sin evidencia registrada",Se revisa periodicamente (ej. anual),25.0,,,,Nunca se remidio,0.0,Falta de personal capacitado,1,"Obstaculo fuerte, poco probable en el corto plazo",50.0
SYN-00527,Latinoamerica,5-20MW,Edge,204,2223,Reporte periodico + revision manual,27.67,2,Mensual o mas espaciado,Cualquier responsable puede verlas juntas,64.0,Cooling<->Workload,"Solo estimacion aproximada, sin registro formal",Se revisa activamente con cada cambio relevante,75.0,,,,Continuamente / en tiempo real,50.0,Presupuesto; Falta de autoridad/politica interna,2,No es un bloqueante real,66.5
SYN-00528,Asia-Pacifico,>20MW,Edge,5,802,No hay proceso definido,41.67,4,Nunca se cruza la informacion,Cada equipo ve solo su capa,0.0,No sabria decir,No aplica,No aplica,0.0,,,,Nunca se remidio,0.0,Presupuesto,1,Bloqueante estructural,33.5
SYN-00529,Norteamerica,5-20MW,Hyperscale,554,603,No hay proceso definido,16.67,2,Semanal,Cada equipo ve solo su capa,39.0,Energia<->Cooling,"No, es una apreciacion sin evidencia registrada",Se revisa activamente con cada cambio relevante,50.0,33.56,24.54,26.88,Nunca se remidio,50.0,Presupuesto; Falta de herramientas tecnicas,2,Bloqueante estructural,16.5
SYN-00530,Asia-Pacifico,1-5MW,Enterprise,1066,231,No hay proceso definido,25.0,1,Nunca se cruza la informacion,Cada equipo ve solo su capa,33.33,Workload<->Energia,"Si, con reporte o medicion concreta",Se revisa periodicamente (ej. anual),75.0,,,,Trimestral o semestral,33.5,Presupuesto; Falta de autoridad/politica interna,2,No es un bloqueante real,66.5
SYN-00531,Asia-Pacifico,5-20MW,Hyperscale,206,1793,Reporte periodico + revision manual,27.67,3,Diario,Cualquier responsable puede verlas juntas,69.33,Workload<->Energia,"Solo estimacion aproximada, sin registro formal",Nunca se reviso desde la percepcion inicial,25.0,,,,Nunca se remidio,0.0,Falta de autoridad/politica interna; Falta de personal capacitado,2,"Obstaculo fuerte, poco probable en el corto plazo",33.0
SYN-00532,Europa,5-20MW,Colocation,512,158,No hay proceso definido,25.0,2,Diario,Solo un rol consolida manualmente,64.0,Energia<->Cooling,"Solo estimacion aproximada, sin registro formal",Nunca se reviso desde la percepcion inicial,25.0,19.11,15.2,20.46,Anual,66.5,Falta de autoridad/politica interna,1,"Obstaculo fuerte, poco probable en el corto plazo",50.0
SYN-00533,Europa,<1MW,Edge,42,240,Reporte periodico + revision manual,52.67,3,Mensual o mas espaciado,Solo un rol consolida manualmente,36.0,Energia<->Cooling,"No, es una apreciacion sin evidencia registrada",Nunca se reviso desde la percepcion inicial,0.0,,,,Trimestral o semestral,33.5,Presupuesto; Falta de autoridad/politica interna; Falta de herramientas tecnicas; Falta de personal capacitado,4,Bloqueante estructural,0.0
SYN-00534,Medio Oriente/Africa,1-5MW,Edge,43,205,Reporte periodico + revision manual,52.67,3,Tiempo real / continuo,Cada equipo ve solo su capa,44.33,Workload<->Energia,"No, es una apreciacion sin evidencia registrada",Se revisa activamente con cada cambio relevante,50.0,,,,Anual,16.5,Falta de autoridad/politica interna,1,"Obstaculo fuerte, poco probable en el corto plazo",50.0
SYN-00535,Europa,<1MW,Edge,3310,1131,No hay proceso definido,8.33,3,Semanal,Cada equipo ve solo su capa,27.67,Workload<->Energia,"Solo estimacion aproximada, sin registro formal",Se revisa periodicamente (ej. anual),50.0,55.88,46.62,16.57,Trimestral o semestral,83.5,Falta de herramientas tecnicas,1,"Obstaculo moderado, resoluble con esfuerzo",67.0
SYN-00536,Medio Oriente/Africa,>20MW,Hyperscale,16,3885,No hay proceso definido,25.0,4,Diario,Cada equipo ve solo su capa,25.0,Workload<->Energia,"Si, con reporte o medicion concreta",Se revisa periodicamente (ej. anual),75.0,,,,Nunca se remidio,0.0,Presupuesto,1,"Obstaculo moderado, resoluble con esfuerzo",67.0
SYN-00537,Norteamerica,1-5MW,Colocation,2675,108,"Alertas automaticas, accion manual",39.0,2,Diario,Solo un rol consolida manualmente,64.0,Workload<->Energia,"No, es una apreciacion sin evidencia registrada",Se revisa periodicamente (ej. anual),25.0,,,,Anual,16.5,Presupuesto,1,"Obstaculo fuerte, poco probable en el corto plazo",50.0
SYN-00538,Latinoamerica,1-5MW,Hyperscale,142,514,Reporte periodico + revision manual,36.0,2,Semanal,Cada equipo ve solo su capa,39.0,Workload<->Energia,"No, es una apreciacion sin evidencia registrada",Se revisa periodicamente (ej. anual),25.0,,,,Nunca se remidio,0.0,Falta de autoridad/politica interna; Falta de personal capacitado,2,"Obstaculo moderado, resoluble con esfuerzo",50.0
SYN-00539,Asia-Pacifico,5-20MW,Hyperscale,1056,4085,"Alertas automaticas, accion manual",30.67,3,Tiempo real / continuo,Solo un rol consolida manualmente,61.0,Energia<->Cooling,"Solo estimacion aproximada, sin registro formal",Se revisa activamente con cada cambio relevante,75.0,20.04,16.36,18.36,Trimestral o semestral,83.5,Falta de autoridad/politica interna,1,"Obstaculo moderado, resoluble con esfuerzo",67.0
SYN-00540,Norteamerica,5-20MW,Hyperscale,1069,1491,"Alertas automaticas, accion manual",30.67,2,Mensual o mas espaciado,Cada equipo ve solo su capa,30.67,Energia<->Cooling,"No, es una apreciacion sin evidencia registrada",Nunca se reviso desde la percepcion inicial,0.0,,,,Continuamente / en tiempo real,50.0,Presupuesto; Falta de herramientas tecnicas,2,Bloqueante estructural,16.5
SYN-00541,Medio Oriente/Africa,5-20MW,Edge,1336,1898,No hay proceso definido,8.33,4,Mensual o mas espaciado,Solo un rol consolida manualmente,25.0,Workload<->Energia,"Solo estimacion aproximada, sin registro formal",Se revisa periodicamente (ej. anual),50.0,,,,Nunca se remidio,0.0,Presupuesto,1,No es un bloqueante real,83.5
SYN-00542,Asia-Pacifico,<1MW,Hyperscale,3326,214,No hay proceso definido,16.67,2,Semanal,Solo un rol consolida manualmente,55.67,Workload<->Energia,"Solo estimacion aproximada, sin registro formal",Se revisa activamente con cada cambio relevante,75.0,,,,Continuamente / en tiempo real,50.0,Presupuesto,1,No es un bloqueante real,83.5
SYN-00543,Latinoamerica,1-5MW,Colocation,12,15,No hay proceso definido,50.0,3,Semanal,Cada equipo ve solo su capa,27.67,Workload<->Energia,"Solo estimacion aproximada, sin registro formal",Nunca se reviso desde la percepcion inicial,25.0,,,,Nunca se remidio,0.0,Presupuesto; Falta de herramientas tecnicas,2,"Obstaculo moderado, resoluble con esfuerzo",50.0
SYN-00544,Norteamerica,>20MW,Hyperscale,224,1106,Reporte periodico + revision manual,36.0,2,Mensual o mas espaciado,Cada equipo ve solo su capa,30.67,Workload<->Energia,"Si, con reporte o medicion concreta",Nunca se reviso desde la percepcion inicial,50.0,,,,Nunca se remidio,0.0,"Nada, podriamos resolverlo",0,No es un bloqueante real,100.0
SYN-00545,Europa,<1MW,Enterprise,681,1135,"Alertas automaticas, accion manual",39.0,3,Diario,Cada equipo ve solo su capa,36.0,Energia<->Cooling,"Solo estimacion aproximada, sin registro formal",Se revisa activamente con cada cambio relevante,75.0,,,,Continuamente / en tiempo real,50.0,Presupuesto; Falta de personal capacitado,2,"Obstaculo fuerte, poco probable en el corto plazo",33.0
SYN-00546,Asia-Pacifico,<1MW,Colocation,144,217,"Alertas automaticas, accion manual",55.67,3,Nunca se cruza la informacion,Cada equipo ve solo su capa,11.0,Workload<->Energia,"Solo estimacion aproximada, sin registro formal",Se revisa periodicamente (ej. anual),50.0,,,,Continuamente / en tiempo real,50.0,Presupuesto; Falta de autoridad/politica interna,2,"Obstaculo fuerte, poco probable en el corto plazo",33.0
SYN-00547,Europa,1-5MW,Edge,69,1411,No hay proceso definido,25.0,3,Mensual o mas espaciado,Solo un rol consolida manualmente,36.0,Energia<->Cooling,"No, es una apreciacion sin evidencia registrada",Se revisa periodicamente (ej. anual),25.0,,,,Anual,16.5,Falta de autoridad/politica interna; Falta de personal capacitado,2,"Obstaculo fuerte, poco probable en el corto plazo",33.0
SYN-00548,Latinoamerica,>20MW,Hyperscale,822,1246,No hay proceso definido,16.67,3,Mensual o mas espaciado,Solo un rol consolida manualmente,36.0,No sabria decir,No aplica,No aplica,0.0,24.95,21.37,14.35,Trimestral o semestral,83.5,Presupuesto; Falta de autoridad/politica interna,2,Bloqueante estructural,16.5
SYN-00549,Latinoamerica,>20MW,Enterprise,1097,2583,Reporte periodico + revision manual,19.33,3,Diario,Cada equipo ve solo su capa,36.0,No sabria decir,No aplica,No aplica,0.0,,,,Anual,16.5,Presupuesto; Falta de autoridad/politica interna,2,"Obstaculo fuerte, poco probable en el corto plazo",33.0
SYN-00550,Latinoamerica,1-5MW,Colocation,61,925,No hay proceso definido,25.0,3,Mensual o mas espaciado,Cualquier responsable puede verlas juntas,52.67,Cooling<->Workload,"Solo estimacion aproximada, sin registro formal",Se revisa periodicamente (ej. anual),50.0,3.68,2.79,24.18,Anual,66.5,Presupuesto; Falta de personal capacitado,2,"Obstaculo fuerte, poco probable en el corto plazo",33.0
SYN-00551,Europa,>20MW,Hyperscale,1534,1038,Reporte periodico + revision manual,19.33,4,Nunca se cruza la informacion,Solo un rol consolida manualmente,16.67,Energia<->Cooling,"No, es una apreciacion sin evidencia registrada",Se revisa activamente con cada cambio relevante,50.0,,,,Nunca se remidio,0.0,Presupuesto; Falta de autoridad/politica interna; Falta de personal capacitado,3,"Obstaculo fuerte, poco probable en el corto plazo",16.5
SYN-00552,Europa,>20MW,Colocation,1185,468,No hay proceso definido,16.67,4,Nunca se cruza la informacion,Cada equipo ve solo su capa,0.0,Energia<->Cooling,"No, es una apreciacion sin evidencia registrada",Se revisa activamente con cada cambio relevante,50.0,,,,Nunca se remidio,0.0,Presupuesto,1,Bloqueante estructural,33.5
SYN-00553,Asia-Pacifico,<1MW,Hyperscale,76,162,No hay proceso definido,33.33,3,Tiempo real / continuo,Solo un rol consolida manualmente,61.0,No sabria decir,No aplica,No aplica,0.0,,,,Anual,16.5,Falta de autoridad/politica interna,1,"Obstaculo fuerte, poco probable en el corto plazo",50.0
SYN-00554,Norteamerica,1-5MW,Enterprise,147,21,No hay proceso definido,41.67,2,Diario,Cada equipo ve solo su capa,47.33,Energia<->Cooling,"No, es una apreciacion sin evidencia registrada",Se revisa periodicamente (ej. anual),25.0,17.08,11.39,33.31,Trimestral o semestral,83.5,Presupuesto,1,"Obstaculo fuerte, poco probable en el corto plazo",50.0
SYN-00555,Europa,1-5MW,Enterprise,2,837,Reporte periodico + revision manual,52.67,3,Mensual o mas espaciado,Solo un rol consolida manualmente,36.0,Workload<->Energia,"No, es una apreciacion sin evidencia registrada",Se revisa activamente con cada cambio relevante,50.0,,,,Trimestral o semestral,33.5,Falta de herramientas tecnicas; Falta de personal capacitado,2,Bloqueante estructural,16.5
SYN-00556,Medio Oriente/Africa,5-20MW,Colocation,772,191,No hay proceso definido,25.0,4,Semanal,Cada equipo ve solo su capa,16.67,Energia<->Cooling,"Solo estimacion aproximada, sin registro formal",Se revisa activamente con cada cambio relevante,75.0,,,,Anual,16.5,Presupuesto; Falta de personal capacitado,2,"Obstaculo fuerte, poco probable en el corto plazo",33.0
SYN-00557,Europa,>20MW,Edge,0,140,"Alertas automaticas, accion manual",72.33,2,Mensual o mas espaciado,Cada equipo ve solo su capa,30.67,Energia<->Cooling,"Solo estimacion aproximada, sin registro formal",Se revisa periodicamente (ej. anual),50.0,,,,Nunca se remidio,0.0,Presupuesto,1,Bloqueante estructural,33.5
SYN-00558,Europa,5-20MW,Hyperscale,86,3519,"Automatizado, sin intervencion humana",50.0,3,Mensual o mas espaciado,Cada equipo ve solo su capa,19.33,Workload<->Energia,"No, es una apreciacion sin evidencia registrada",Se revisa activamente con cada cambio relevante,50.0,,,,Trimestral o semestral,33.5,Presupuesto,1,"Obstaculo moderado, resoluble con esfuerzo",67.0
SYN-00559,Latinoamerica,1-5MW,Hyperscale,2529,428,No hay proceso definido,8.33,3,Nunca se cruza la informacion,Cada equipo ve solo su capa,11.0,Energia<->Cooling,"Solo estimacion aproximada, sin registro formal",Se revisa periodicamente (ej. anual),50.0,46.18,37.45,18.9,Nunca se remidio,50.0,Presupuesto; Falta de herramientas tecnicas,2,"Obstaculo fuerte, poco probable en el corto plazo",33.0
SYN-00560,Latinoamerica,1-5MW,Hyperscale,681,855,Reporte periodico + revision manual,27.67,3,Nunca se cruza la informacion,Cualquier responsable puede verlas juntas,44.33,Workload<->Energia,"No, es una apreciacion sin evidencia registrada",Se revisa activamente con cada cambio relevante,50.0,,,,Nunca se remidio,0.0,Presupuesto; Falta de autoridad/politica interna,2,"Obstaculo fuerte, poco probable en el corto plazo",33.0
SYN-00561,Europa,5-20MW,Edge,854,197,"Alertas automaticas, accion manual",47.33,2,Mensual o mas espaciado,Solo un rol consolida manualmente,47.33,Cooling<->Workload,"No, es una apreciacion sin evidencia registrada",Nunca se reviso desde la percepcion inicial,0.0,,,,Anual,16.5,Falta de herramientas tecnicas; Falta de personal capacitado,2,"Obstaculo fuerte, poco probable en el corto plazo",33.0
SYN-00562,Asia-Pacifico,<1MW,Edge,236,615,"Alertas automaticas, accion manual",47.33,2,Semanal,Solo un rol consolida manualmente,55.67,Energia<->Cooling,"No, es una apreciacion sin evidencia registrada",Se revisa periodicamente (ej. anual),25.0,,,,Nunca se remidio,0.0,Presupuesto; Falta de personal capacitado,2,"Obstaculo fuerte, poco probable en el corto plazo",33.0
SYN-00563,Europa,1-5MW,Colocation,193,4117,Reporte periodico + revision manual,27.67,3,Mensual o mas espaciado,Solo un rol consolida manualmente,36.0,Energia<->Cooling,"No, es una apreciacion sin evidencia registrada",Nunca se reviso desde la percepcion inicial,0.0,,,,Anual,16.5,"Nada, podriamos resolverlo",0,No es un bloqueante real,100.0
SYN-00564,Medio Oriente/Africa,>20MW,Edge,3,32,Reporte periodico + revision manual,69.33,4,Nunca se cruza la informacion,Cada equipo ve solo su capa,0.0,Energia<->Cooling,"No, es una apreciacion sin evidencia registrada",Se revisa periodicamente (ej. anual),25.0,,,,Trimestral o semestral,33.5,Presupuesto; Falta de autoridad/politica interna,2,"Obstaculo fuerte, poco probable en el corto plazo",33.0
SYN-00565,Europa,1-5MW,Edge,1878,16,Reporte periodico + revision manual,36.0,3,Mensual o mas espaciado,Solo un rol consolida manualmente,36.0,No sabria decir,No aplica,No aplica,0.0,40.25,30.99,23.01,Nunca se remidio,50.0,Falta de herramientas tecnicas,1,"Obstaculo fuerte, poco probable en el corto plazo",50.0
SYN-00566,Norteamerica,<1MW,Enterprise,155,133,"Alertas automaticas, accion manual",55.67,2,Mensual o mas espaciado,Solo un rol consolida manualmente,47.33,Workload<->Energia,"Solo estimacion aproximada, sin registro formal",Se revisa activamente con cada cambio relevante,75.0,19.33,14.78,23.54,Trimestral o semestral,83.5,Falta de herramientas tecnicas,1,"Obstaculo moderado, resoluble con esfuerzo",67.0
SYN-00567,Norteamerica,1-5MW,Hyperscale,4305,883,No hay proceso definido,8.33,3,Nunca se cruza la informacion,Cada equipo ve solo su capa,11.0,Energia<->Cooling,"Solo estimacion aproximada, sin registro formal",Se revisa periodicamente (ej. anual),50.0,,,,Trimestral o semestral,33.5,Falta de autoridad/politica interna,1,"Obstaculo moderado, resoluble con esfuerzo",67.0
SYN-00568,Latinoamerica,>20MW,Edge,1637,1687,No hay proceso definido,0.0,3,Tiempo real / continuo,Solo un rol consolida manualmente,61.0,Energia<->Cooling,"Solo estimacion aproximada, sin registro formal",Nunca se reviso desde la percepcion inicial,25.0,,,,Anual,16.5,"Nada, podriamos resolverlo",0,No es un bloqueante real,100.0
SYN-00569,Medio Oriente/Africa,<1MW,Colocation,420,1200,No hay proceso definido,16.67,4,Nunca se cruza la informacion,Cada equipo ve solo su capa,0.0,Cooling<->Workload,"Solo estimacion aproximada, sin registro formal",Se revisa periodicamente (ej. anual),50.0,,,,Nunca se remidio,0.0,Falta de autoridad/politica interna,1,"Obstaculo fuerte, poco probable en el corto plazo",50.0
SYN-00570,Latinoamerica,<1MW,Edge,254,1039,"Automatizado, sin intervencion humana",50.0,2,Semanal,Solo un rol consolida manualmente,55.67,Energia<->Cooling,"No, es una apreciacion sin evidencia registrada",Se revisa periodicamente (ej. anual),25.0,,,,Nunca se remidio,0.0,"Nada, podriamos resolverlo",0,No es un bloqueante real,100.0
SYN-00571,Medio Oriente/Africa,1-5MW,Colocation,663,86,"Automatizado, sin intervencion humana",58.33,3,Nunca se cruza la informacion,Cada equipo ve solo su capa,11.0,Cooling<->Workload,"No, es una apreciacion sin evidencia registrada",Se revisa periodicamente (ej. anual),25.0,,,,Trimestral o semestral,33.5,Presupuesto; Falta de autoridad/politica interna; Falta de personal capacitado,3,Bloqueante estructural,0.0
SYN-00572,Europa,5-20MW,Hyperscale,34,30,"Automatizado, sin intervencion humana",83.33,4,Nunca se cruza la informacion,Solo un rol consolida manualmente,16.67,Energia<->Cooling,"Solo estimacion aproximada, sin registro formal",Se revisa activamente con cada cambio relevante,75.0,,,,Nunca se remidio,0.0,Presupuesto,1,"Obstaculo fuerte, poco probable en el corto plazo",50.0
SYN-00573,Europa,1-5MW,Hyperscale,3918,142,Reporte periodico + revision manual,27.67,2,Diario,Cada equipo ve solo su capa,47.33,Cooling<->Workload,"Solo estimacion aproximada, sin registro formal",Nunca se reviso desde la percepcion inicial,25.0,24.04,17.85,25.75,Anual,66.5,Falta de autoridad/politica interna,1,"Obstaculo moderado, resoluble con esfuerzo",67.0
SYN-00574,Asia-Pacifico,1-5MW,Hyperscale,1039,1505,No hay proceso definido,8.33,2,Mensual o mas espaciado,Solo un rol consolida manualmente,47.33,Energia<->Cooling,"Solo estimacion aproximada, sin registro formal",Nunca se reviso desde la percepcion inicial,25.0,11.03,9.05,17.95,Continuamente / en tiempo real,100.0,"Nada, podriamos resolverlo",0,No es un bloqueante real,100.0
SYN-00575,Latinoamerica,1-5MW,Edge,39,4179,"Alertas automaticas, accion manual",47.33,4,Diario,Solo un rol consolida manualmente,41.67,Cooling<->Workload,"Solo estimacion aproximada, sin registro formal",Nunca se reviso desde la percepcion inicial,25.0,,,,Trimestral o semestral,33.5,Presupuesto,1,No es un bloqueante real,83.5
SYN-00576,Europa,>20MW,Hyperscale,1316,12,"Automatizado, sin intervencion humana",66.67,4,Diario,Cada equipo ve solo su capa,25.0,Energia<->Cooling,"Solo estimacion aproximada, sin registro formal",Nunca se reviso desde la percepcion inicial,25.0,,,,Anual,16.5,Presupuesto,1,"Obstaculo fuerte, poco probable en el corto plazo",50.0
SYN-00577,Asia-Pacifico,1-5MW,Enterprise,989,4178,No hay proceso definido,8.33,3,Mensual o mas espaciado,Cada equipo ve solo su capa,19.33,Energia<->Cooling,"Solo estimacion aproximada, sin registro formal",Se revisa activamente con cada cambio relevante,75.0,,,,Trimestral o semestral,33.5,Presupuesto; Falta de autoridad/politica interna,2,"Obstaculo moderado, resoluble con esfuerzo",50.0
SYN-00578,Europa,5-20MW,Colocation,857,179,No hay proceso definido,25.0,3,Mensual o mas espaciado,Cada equipo ve solo su capa,19.33,Workload<->Energia,"Si, con reporte o medicion concreta",Se revisa periodicamente (ej. anual),75.0,,,,Nunca se remidio,0.0,Falta de autoridad/politica interna,1,No es un bloqueante real,83.5
SYN-00579,Europa,1-5MW,Hyperscale,8,2415,"Alertas automaticas, accion manual",47.33,2,Mensual o mas espaciado,Solo un rol consolida manualmente,47.33,Energia<->Cooling,"No, es una apreciacion sin evidencia registrada",Nunca se reviso desde la percepcion inicial,0.0,,,,Anual,16.5,Presupuesto; Falta de personal capacitado,2,"Obstaculo moderado, resoluble con esfuerzo",50.0
SYN-00580,Medio Oriente/Africa,5-20MW,Enterprise,2204,185,No hay proceso definido,16.67,3,Diario,Cada equipo ve solo su capa,36.0,Workload<->Energia,"Solo estimacion aproximada, sin registro formal",Nunca se reviso desde la percepcion inicial,25.0,,,,Continuamente / en tiempo real,50.0,Presupuesto; Falta de autoridad/politica interna,2,"Obstaculo moderado, resoluble con esfuerzo",50.0
SYN-00581,Asia-Pacifico,1-5MW,Enterprise,172,410,No hay proceso definido,25.0,4,Diario,Cada equipo ve solo su capa,25.0,Workload<->Energia,"Solo estimacion aproximada, sin registro formal",Se revisa activamente con cada cambio relevante,75.0,,,,Nunca se remidio,0.0,Presupuesto,1,"Obstaculo fuerte, poco probable en el corto plazo",50.0
SYN-00582,Medio Oriente/Africa,<1MW,Enterprise,1328,16,"Alertas automaticas, accion manual",55.67,2,Mensual o mas espaciado,Cada equipo ve solo su capa,30.67,Workload<->Energia,"No, es una apreciacion sin evidencia registrada",Se revisa activamente con cada cambio relevante,50.0,,,,Nunca se remidio,0.0,Falta de autoridad/politica interna,1,"Obstaculo moderado, resoluble con esfuerzo",67.0
SYN-00583,Medio Oriente/Africa,>20MW,Edge,519,855,"Automatizado, sin intervencion humana",50.0,2,Mensual o mas espaciado,Solo un rol consolida manualmente,47.33,No sabria decir,No aplica,No aplica,0.0,,,,Nunca se remidio,0.0,Presupuesto; Falta de herramientas tecnicas,2,Bloqueante estructural,16.5
SYN-00584,Europa,>20MW,Colocation,1041,750,No hay proceso definido,16.67,1,Nunca se cruza la informacion,Solo un rol consolida manualmente,50.0,Workload<->Energia,"Si, con reporte o medicion concreta",Nunca se reviso desde la percepcion inicial,50.0,,,,Trimestral o semestral,33.5,Presupuesto; Falta de personal capacitado,2,"Obstaculo moderado, resoluble con esfuerzo",50.0
SYN-00585,Asia-Pacifico,<1MW,Edge,173,92,Reporte periodico + revision manual,44.33,3,Diario,Cada equipo ve solo su capa,36.0,Workload<->Energia,"No, es una apreciacion sin evidencia registrada",Nunca se reviso desde la percepcion inicial,0.0,,,,Continuamente / en tiempo real,50.0,Falta de autoridad/politica interna,1,"Obstaculo moderado, resoluble con esfuerzo",67.0
SYN-00586,Latinoamerica,5-20MW,Colocation,422,3912,No hay proceso definido,8.33,4,Semanal,Cada equipo ve solo su capa,16.67,Cooling<->Workload,"No, es una apreciacion sin evidencia registrada",Se revisa periodicamente (ej. anual),25.0,8.1,7.31,9.75,Nunca se remidio,50.0,"Nada, podriamos resolverlo",0,No es un bloqueante real,100.0
SYN-00587,Asia-Pacifico,>20MW,Enterprise,1781,5,No hay proceso definido,33.33,2,Mensual o mas espaciado,Cada equipo ve solo su capa,30.67,Workload<->Energia,"Si, con reporte o medicion concreta",Nunca se reviso desde la percepcion inicial,50.0,,,,Nunca se remidio,0.0,Falta de autoridad/politica interna,1,"Obstaculo fuerte, poco probable en el corto plazo",50.0
SYN-00588,Medio Oriente/Africa,<1MW,Hyperscale,481,2418,Reporte periodico + revision manual,19.33,3,Nunca se cruza la informacion,Solo un rol consolida manualmente,27.67,Energia<->Cooling,"No, es una apreciacion sin evidencia registrada",Se revisa periodicamente (ej. anual),25.0,,,,Nunca se remidio,0.0,"Nada, podriamos resolverlo",0,No es un bloqueante real,100.0
SYN-00589,Latinoamerica,<1MW,Colocation,290,914,"Automatizado, sin intervencion humana",50.0,4,Nunca se cruza la informacion,Cada equipo ve solo su capa,0.0,Workload<->Energia,"Solo estimacion aproximada, sin registro formal",Nunca se reviso desde la percepcion inicial,25.0,,,,Nunca se remidio,0.0,Presupuesto; Falta de herramientas tecnicas,2,Bloqueante estructural,16.5
SYN-00590,Asia-Pacifico,1-5MW,Colocation,1361,1062,No hay proceso definido,16.67,4,Diario,Solo un rol consolida manualmente,41.67,Energia<->Cooling,"Solo estimacion aproximada, sin registro formal",Se revisa periodicamente (ej. anual),50.0,,,,Nunca se remidio,0.0,Presupuesto; Falta de autoridad/politica interna; Falta de personal capacitado,3,"Obstaculo fuerte, poco probable en el corto plazo",16.5
SYN-00591,Medio Oriente/Africa,>20MW,Colocation,655,185,Reporte periodico + revision manual,36.0,4,Nunca se cruza la informacion,Cada equipo ve solo su capa,0.0,No sabria decir,No aplica,No aplica,0.0,,,,Trimestral o semestral,33.5,"Nada, podriamos resolverlo",0,No es un bloqueante real,100.0
SYN-00592,Medio Oriente/Africa,1-5MW,Edge,396,11,No hay proceso definido,33.33,4,Mensual o mas espaciado,Cada equipo ve solo su capa,8.33,Energia<->Cooling,"Solo estimacion aproximada, sin registro formal",Se revisa periodicamente (ej. anual),50.0,24.34,17.08,29.83,Nunca se remidio,50.0,"Nada, podriamos resolverlo",0,No es un bloqueante real,100.0
SYN-00593,Europa,>20MW,Hyperscale,100,801,"Automatizado, sin intervencion humana",58.33,2,Mensual o mas espaciado,Solo un rol consolida manualmente,47.33,Workload<->Energia,"Solo estimacion aproximada, sin registro formal",Nunca se reviso desde la percepcion inicial,25.0,19.21,16.96,11.71,Nunca se remidio,50.0,"Nada, podriamos resolverlo",0,No es un bloqueante real,100.0
SYN-00594,Medio Oriente/Africa,1-5MW,Edge,39,1419,No hay proceso definido,33.33,4,Mensual o mas espaciado,Cada equipo ve solo su capa,8.33,No sabria decir,No aplica,No aplica,0.0,,,,Trimestral o semestral,33.5,Presupuesto,1,"Obstaculo fuerte, poco probable en el corto plazo",50.0
SYN-00595,Europa,5-20MW,Colocation,1426,56,No hay proceso definido,33.33,3,Mensual o mas espaciado,Cualquier responsable puede verlas juntas,52.67,Workload<->Energia,"Solo estimacion aproximada, sin registro formal",Se revisa periodicamente (ej. anual),50.0,,,,Nunca se remidio,0.0,Falta de autoridad/politica interna; Falta de herramientas tecnicas,2,"Obstaculo fuerte, poco probable en el corto plazo",33.0
SYN-00596,Latinoamerica,>20MW,Edge,16,3,Reporte periodico + revision manual,69.33,1,Semanal,Cada equipo ve solo su capa,50.0,Energia<->Cooling,"No, es una apreciacion sin evidencia registrada",Se revisa activamente con cada cambio relevante,50.0,,,,Nunca se remidio,0.0,"Nada, podriamos resolverlo",0,No es un bloqueante real,100.0
SYN-00597,Europa,>20MW,Colocation,875,864,Reporte periodico + revision manual,27.67,3,Nunca se cruza la informacion,Cada equipo ve solo su capa,11.0,Energia<->Cooling,"Solo estimacion aproximada, sin registro formal",Nunca se reviso desde la percepcion inicial,25.0,,,,Continuamente / en tiempo real,50.0,Falta de personal capacitado,1,Bloqueante estructural,33.5
SYN-00598,Medio Oriente/Africa,<1MW,Edge,639,214,No hay proceso definido,25.0,4,Nunca se cruza la informacion,Cualquier responsable puede verlas juntas,33.33,No sabria decir,No aplica,No aplica,0.0,,,,Anual,16.5,Presupuesto,1,Bloqueante estructural,33.5
SYN-00599,Latinoamerica,>20MW,Colocation,2190,28,"Alertas automaticas, accion manual",47.33,3,Semanal,Cualquier responsable puede verlas juntas,61.0,Energia<->Cooling,"Solo estimacion aproximada, sin registro formal",Se revisa periodicamente (ej. anual),50.0,,,,Continuamente / en tiempo real,50.0,Presupuesto; Falta de autoridad/politica interna; Falta de herramientas tecnicas,3,"Obstaculo moderado, resoluble con esfuerzo",33.5
SYN-00600,Medio Oriente/Africa,<1MW,Enterprise,6,3608,"Automatizado, sin intervencion humana",58.33,2,Semanal,Cada equipo ve solo su capa,39.0,Cooling<->Workload,"Solo estimacion aproximada, sin registro formal",Se revisa activamente con cada cambio relevante,75.0,38.92,34.02,12.59,Nunca se remidio,50.0,Presupuesto; Falta de herramientas tecnicas,2,"Obstaculo moderado, resoluble con esfuerzo",50.0
SYN-00601,Latinoamerica,1-5MW,Colocation,3264,0,No hay proceso definido,33.33,4,Nunca se cruza la informacion,Cualquier responsable puede verlas juntas,33.33,No sabria decir,No aplica,No aplica,0.0,,,,Trimestral o semestral,33.5,Falta de herramientas tecnicas; Falta de personal capacitado,2,"Obstaculo moderado, resoluble con esfuerzo",50.0
SYN-00602,Europa,5-20MW,Edge,3685,3275,No hay proceso definido,0.0,3,Diario,Solo un rol consolida manualmente,52.67,Energia<->Cooling,"No, es una apreciacion sin evidencia registrada",Se revisa periodicamente (ej. anual),25.0,,,,Continuamente / en tiempo real,50.0,Presupuesto,1,"Obstaculo fuerte, poco probable en el corto plazo",50.0
SYN-00603,Medio Oriente/Africa,<1MW,Hyperscale,897,3747,Reporte periodico + revision manual,19.33,3,Semanal,Cada equipo ve solo su capa,27.67,Energia<->Cooling,"Solo estimacion aproximada, sin registro formal",Se revisa periodicamente (ej. anual),50.0,56.77,43.93,22.62,Anual,66.5,Presupuesto; Falta de autoridad/politica interna; Falta de herramientas tecnicas; Falta de personal capacitado,4,"Obstaculo fuerte, poco probable en el corto plazo",16.5
SYN-00604,Medio Oriente/Africa,>20MW,Enterprise,829,353,Reporte periodico + revision manual,27.67,1,Nunca se cruza la informacion,Solo un rol consolida manualmente,50.0,Cooling<->Workload,"No, es una apreciacion sin evidencia registrada",Se revisa periodicamente (ej. anual),25.0,,,,Nunca se remidio,0.0,Presupuesto; Falta de autoridad/politica interna; Falta de personal capacitado,3,Bloqueante estructural,0.0
SYN-00605,Norteamerica,>20MW,Colocation,332,1845,Reporte periodico + revision manual,19.33,2,Semanal,Solo un rol consolida manualmente,55.67,Workload<->Energia,"Solo estimacion aproximada, sin registro formal",Nunca se reviso desde la percepcion inicial,25.0,,,,Continuamente / en tiempo real,50.0,Presupuesto; Falta de herramientas tecnicas; Falta de personal capacitado,3,Bloqueante estructural,0.0
SYN-00606,Asia-Pacifico,1-5MW,Edge,2963,3087,"Automatizado, sin intervencion humana",33.33,2,Semanal,Cada equipo ve solo su capa,39.0,Workload<->Energia,"Solo estimacion aproximada, sin registro formal",Nunca se reviso desde la percepcion inicial,25.0,,,,Nunca se remidio,0.0,Presupuesto; Falta de personal capacitado,2,"Obstaculo fuerte, poco probable en el corto plazo",33.0
SYN-00607,Latinoamerica,>20MW,Edge,109,3440,"Alertas automaticas, accion manual",39.0,1,Mensual o mas espaciado,Cualquier responsable puede verlas juntas,75.0,Workload<->Energia,"Si, con reporte o medicion concreta",Nunca se reviso desde la percepcion inicial,50.0,8.63,6.03,30.13,Continuamente / en tiempo real,100.0,Presupuesto; Falta de autoridad/politica interna,2,"Obstaculo fuerte, poco probable en el corto plazo",33.0
SYN-00608,Latinoamerica,5-20MW,Enterprise,206,91,Reporte periodico + revision manual,44.33,4,Semanal,Cualquier responsable puede verlas juntas,50.0,Workload<->Energia,"Solo estimacion aproximada, sin registro formal",Se revisa periodicamente (ej. anual),50.0,29.77,19.53,34.4,Trimestral o semestral,83.5,Presupuesto; Falta de autoridad/politica interna; Falta de herramientas tecnicas,3,"Obstaculo moderado, resoluble con esfuerzo",33.5
SYN-00609,Latinoamerica,5-20MW,Edge,1146,325,No hay proceso definido,16.67,3,Nunca se cruza la informacion,Cada equipo ve solo su capa,11.0,Workload<->Energia,"Si, con reporte o medicion concreta",Se revisa activamente con cada cambio relevante,100.0,51.85,40.2,22.47,Anual,66.5,Falta de autoridad/politica interna,1,"Obstaculo fuerte, poco probable en el corto plazo",50.0
SYN-00610,Europa,1-5MW,Colocation,173,3,"Automatizado, sin intervencion humana",83.33,2,Mensual o mas espaciado,Cada equipo ve solo su capa,30.67,Energia<->Cooling,"No, es una apreciacion sin evidencia registrada",Se revisa activamente con cada cambio relevante,50.0,,,,Anual,16.5,Presupuesto; Falta de herramientas tecnicas,2,"Obstaculo fuerte, poco probable en el corto plazo",33.0
SYN-00611,Europa,<1MW,Colocation,0,1034,No hay proceso definido,41.67,2,Semanal,Cada equipo ve solo su capa,39.0,Cooling<->Workload,"Si, con reporte o medicion concreta",Nunca se reviso desde la percepcion inicial,50.0,,,,Nunca se remidio,0.0,Falta de autoridad/politica interna,1,"Obstaculo fuerte, poco probable en el corto plazo",50.0
SYN-00612,Latinoamerica,5-20MW,Enterprise,4048,554,Reporte periodico + revision manual,19.33,4,Semanal,Solo un rol consolida manualmente,33.33,Workload<->Energia,"No, es una apreciacion sin evidencia registrada",Se revisa periodicamente (ej. anual),25.0,,,,Trimestral o semestral,33.5,Falta de herramientas tecnicas; Falta de personal capacitado,2,"Obstaculo fuerte, poco probable en el corto plazo",33.0
SYN-00613,Medio Oriente/Africa,1-5MW,Edge,46,164,Reporte periodico + revision manual,52.67,3,Mensual o mas espaciado,Solo un rol consolida manualmente,36.0,Energia<->Cooling,"Solo estimacion aproximada, sin registro formal",Se revisa periodicamente (ej. anual),50.0,,,,Nunca se remidio,0.0,Presupuesto; Falta de autoridad/politica interna; Falta de herramientas tecnicas; Falta de personal capacitado,4,Bloqueante estructural,0.0
SYN-00614,Medio Oriente/Africa,5-20MW,Edge,1077,139,"Alertas automaticas, accion manual",47.33,2,Diario,Cada equipo ve solo su capa,47.33,Energia<->Cooling,"No, es una apreciacion sin evidencia registrada",Nunca se reviso desde la percepcion inicial,0.0,,,,Continuamente / en tiempo real,50.0,Presupuesto; Falta de herramientas tecnicas,2,"Obstaculo fuerte, poco probable en el corto plazo",33.0
SYN-00615,Europa,>20MW,Hyperscale,1031,593,"Alertas automaticas, accion manual",39.0,3,Mensual o mas espaciado,Solo un rol consolida manualmente,36.0,Cooling<->Workload,"No, es una apreciacion sin evidencia registrada",Se revisa activamente con cada cambio relevante,50.0,,,,Anual,16.5,Falta de autoridad/politica interna,1,Bloqueante estructural,33.5
SYN-00616,Medio Oriente/Africa,<1MW,Hyperscale,416,0,Reporte periodico + revision manual,52.67,1,Nunca se cruza la informacion,Solo un rol consolida manualmente,50.0,Workload<->Energia,"No, es una apreciacion sin evidencia registrada",Se revisa periodicamente (ej. anual),25.0,38.15,27.67,27.47,Anual,66.5,Falta de personal capacitado,1,"Obstaculo moderado, resoluble con esfuerzo",67.0
SYN-00617,Medio Oriente/Africa,1-5MW,Colocation,13,1080,"Alertas automaticas, accion manual",55.67,3,Mensual o mas espaciado,Cada equipo ve solo su capa,19.33,Workload<->Energia,"No, es una apreciacion sin evidencia registrada",Nunca se reviso desde la percepcion inicial,0.0,,,,Trimestral o semestral,33.5,Presupuesto; Falta de herramientas tecnicas,2,"Obstaculo fuerte, poco probable en el corto plazo",33.0
SYN-00618,Europa,<1MW,Enterprise,3836,1157,No hay proceso definido,8.33,4,Nunca se cruza la informacion,Cada equipo ve solo su capa,0.0,Workload<->Energia,"No, es una apreciacion sin evidencia registrada",Nunca se reviso desde la percepcion inicial,0.0,9.83,7.86,20.04,Trimestral o semestral,83.5,"Nada, podriamos resolverlo",0,No es un bloqueante real,100.0
SYN-00619,Asia-Pacifico,5-20MW,Hyperscale,187,4,Reporte periodico + revision manual,61.0,2,Nunca se cruza la informacion,Solo un rol consolida manualmente,39.0,Energia<->Cooling,"Solo estimacion aproximada, sin registro formal",Nunca se reviso desde la percepcion inicial,25.0,,,,Nunca se remidio,0.0,Presupuesto; Falta de autoridad/politica interna,2,"Obstaculo fuerte, poco probable en el corto plazo",33.0
SYN-00620,Norteamerica,5-20MW,Edge,922,508,No hay proceso definido,16.67,4,Tiempo real / continuo,Cada equipo ve solo su capa,33.33,Energia<->Cooling,"Solo estimacion aproximada, sin registro formal",Se revisa periodicamente (ej. anual),50.0,,,,Nunca se remidio,0.0,Presupuesto; Falta de autoridad/politica interna,2,Bloqueante estructural,16.5
SYN-00621,Latinoamerica,>20MW,Enterprise,28,1372,"Alertas automaticas, accion manual",55.67,2,Diario,Solo un rol consolida manualmente,64.0,Workload<->Energia,"No, es una apreciacion sin evidencia registrada",Nunca se reviso desde la percepcion inicial,0.0,,,,Nunca se remidio,0.0,Presupuesto; Falta de autoridad/politica interna; Falta de personal capacitado,3,"Obstaculo moderado, resoluble con esfuerzo",33.5
SYN-00622,Norteamerica,1-5MW,Colocation,395,0,No hay proceso definido,41.67,2,Nunca se cruza la informacion,Cualquier responsable puede verlas juntas,55.67,Cooling<->Workload,"No, es una apreciacion sin evidencia registrada",Nunca se reviso desde la percepcion inicial,0.0,,,,Anual,16.5,Falta de herramientas tecnicas; Falta de personal capacitado,2,Bloqueante estructural,16.5
SYN-00623,Norteamerica,1-5MW,Hyperscale,428,5,"Alertas automaticas, accion manual",64.0,1,Diario,Solo un rol consolida manualmente,75.0,Cooling<->Workload,"Solo estimacion aproximada, sin registro formal",Se revisa activamente con cada cambio relevante,75.0,,,,Nunca se remidio,0.0,Presupuesto; Falta de autoridad/politica interna,2,"Obstaculo moderado, resoluble con esfuerzo",50.0
SYN-00624,Europa,<1MW,Hyperscale,18,199,Reporte periodico + revision manual,52.67,2,Diario,Cada equipo ve solo su capa,47.33,Energia<->Cooling,"No, es una apreciacion sin evidencia registrada",Nunca se reviso desde la percepcion inicial,0.0,24.89,17.4,30.09,Nunca se remidio,50.0,Presupuesto; Falta de personal capacitado,2,"Obstaculo moderado, resoluble con esfuerzo",50.0
SYN-00625,Asia-Pacifico,1-5MW,Hyperscale,756,102,"Automatizado, sin intervencion humana",58.33,1,Semanal,Cada equipo ve solo su capa,50.0,Workload<->Energia,"No, es una apreciacion sin evidencia registrada",Se revisa activamente con cada cambio relevante,50.0,,,,Nunca se remidio,0.0,Presupuesto; Falta de herramientas tecnicas,2,Bloqueante estructural,16.5
SYN-00626,Asia-Pacifico,<1MW,Enterprise,894,1224,Reporte periodico + revision manual,27.67,2,Mensual o mas espaciado,Cada equipo ve solo su capa,30.67,Workload<->Energia,"Solo estimacion aproximada, sin registro formal",Se revisa activamente con cada cambio relevante,75.0,,,,Anual,16.5,Falta de autoridad/politica interna,1,"Obstaculo fuerte, poco probable en el corto plazo",50.0
SYN-00627,Latinoamerica,>20MW,Colocation,54,67,No hay proceso definido,41.67,4,Semanal,Cada equipo ve solo su capa,16.67,Energia<->Cooling,"Solo estimacion aproximada, sin registro formal",Se revisa periodicamente (ej. anual),50.0,,,,Nunca se remidio,0.0,Presupuesto; Falta de herramientas tecnicas; Falta de personal capacitado,3,"Obstaculo fuerte, poco probable en el corto plazo",16.5
SYN-00628,Asia-Pacifico,5-20MW,Colocation,3,59,No hay proceso definido,58.33,3,Semanal,Solo un rol consolida manualmente,44.33,Workload<->Energia,"Solo estimacion aproximada, sin registro formal",Nunca se reviso desde la percepcion inicial,25.0,58.21,34.06,41.49,Continuamente / en tiempo real,100.0,Presupuesto; Falta de herramientas tecnicas; Falta de personal capacitado,3,Bloqueante estructural,0.0
SYN-00629,Europa,>20MW,Edge,2,934,No hay proceso definido,41.67,3,Semanal,Cualquier responsable puede verlas juntas,61.0,Energia<->Cooling,"Solo estimacion aproximada, sin registro formal",Nunca se reviso desde la percepcion inicial,25.0,,,,Nunca se remidio,0.0,Presupuesto; Falta de herramientas tecnicas,2,"Obstaculo fuerte, poco probable en el corto plazo",33.0
SYN-00630,Europa,5-20MW,Colocation,2721,1216,No hay proceso definido,8.33,3,Mensual o mas espaciado,Solo un rol consolida manualmente,36.0,Energia<->Cooling,"Si, con reporte o medicion concreta",Se revisa periodicamente (ej. anual),75.0,,,,Nunca se remidio,0.0,Presupuesto; Falta de herramientas tecnicas,2,"Obstaculo fuerte, poco probable en el corto plazo",33.0
SYN-00631,Latinoamerica,<1MW,Enterprise,436,98,No hay proceso definido,25.0,1,Mensual o mas espaciado,Cada equipo ve solo su capa,41.67,Workload<->Energia,"No, es una apreciacion sin evidencia registrada",Se revisa periodicamente (ej. anual),25.0,,,,Nunca se remidio,0.0,Falta de autoridad/politica interna; Falta de herramientas tecnicas,2,"Obstaculo moderado, resoluble con esfuerzo",50.0
SYN-00632,Europa,1-5MW,Hyperscale,219,540,No hay proceso definido,25.0,4,Mensual o mas espaciado,Solo un rol consolida manualmente,25.0,Workload<->Energia,"Solo estimacion aproximada, sin registro formal",Nunca se reviso desde la percepcion inicial,25.0,55.58,38.91,29.99,Nunca se remidio,50.0,Presupuesto; Falta de autoridad/politica interna,2,"Obstaculo fuerte, poco probable en el corto plazo",33.0
SYN-00633,Europa,>20MW,Edge,263,113,"Alertas automaticas, accion manual",47.33,1,Mensual o mas espaciado,Cada equipo ve solo su capa,41.67,Energia<->Cooling,"Solo estimacion aproximada, sin registro formal",Nunca se reviso desde la percepcion inicial,25.0,38.3,33.55,12.4,Nunca se remidio,50.0,Presupuesto; Falta de autoridad/politica interna; Falta de herramientas tecnicas,3,"Obstaculo fuerte, poco probable en el corto plazo",16.5
SYN-00634,Europa,1-5MW,Enterprise,1948,26,Reporte periodico + revision manual,36.0,3,Semanal,Cada equipo ve solo su capa,27.67,Cooling<->Workload,"No, es una apreciacion sin evidencia registrada",Nunca se reviso desde la percepcion inicial,0.0,,,,Anual,16.5,Falta de autoridad/politica interna; Falta de herramientas tecnicas,2,"Obstaculo fuerte, poco probable en el corto plazo",33.0
SYN-00635,Medio Oriente/Africa,<1MW,Colocation,380,12,Reporte periodico + revision manual,44.33,4,Semanal,Cada equipo ve solo su capa,16.67,No sabria decir,No aplica,No aplica,0.0,,,,Anual,16.5,"Nada, podriamos resolverlo",0,No es un bloqueante real,100.0
SYN-00636,Latinoamerica,1-5MW,Hyperscale,3278,54,No hay proceso definido,25.0,2,Semanal,Cada equipo ve solo su capa,39.0,Cooling<->Workload,"Si, con reporte o medicion concreta",Nunca se reviso desde la percepcion inicial,50.0,4.46,3.62,18.83,Trimestral o semestral,83.5,Presupuesto; Falta de autoridad/politica interna,2,"Obstaculo moderado, resoluble con esfuerzo",50.0
SYN-00637,Latinoamerica,<1MW,Enterprise,1090,323,"Alertas automaticas, accion manual",39.0,1,Semanal,Solo un rol consolida manualmente,66.67,Energia<->Cooling,"Si, con reporte o medicion concreta",Nunca se reviso desde la percepcion inicial,50.0,,,,Nunca se remidio,0.0,Presupuesto; Falta de autoridad/politica interna; Falta de herramientas tecnicas,3,"Obstaculo fuerte, poco probable en el corto plazo",16.5
SYN-00638,Asia-Pacifico,5-20MW,Edge,18,765,Reporte periodico + revision manual,44.33,2,Semanal,Cualquier responsable puede verlas juntas,72.33,Energia<->Cooling,"Si, con reporte o medicion concreta",Nunca se reviso desde la percepcion inicial,50.0,,,,Anual,16.5,Presupuesto; Falta de autoridad/politica interna; Falta de herramientas tecnicas,3,"Obstaculo fuerte, poco probable en el corto plazo",16.5
SYN-00639,Europa,1-5MW,Enterprise,4202,212,No hay proceso definido,16.67,3,Diario,Cada equipo ve solo su capa,36.0,Cooling<->Workload,"No, es una apreciacion sin evidencia registrada",Se revisa periodicamente (ej. anual),25.0,,,,Anual,16.5,Presupuesto; Falta de autoridad/politica interna,2,"Obstaculo fuerte, poco probable en el corto plazo",33.0
SYN-00640,Asia-Pacifico,>20MW,Edge,579,3407,Reporte periodico + revision manual,19.33,2,Nunca se cruza la informacion,Cada equipo ve solo su capa,22.33,Energia<->Cooling,"No, es una apreciacion sin evidencia registrada",Nunca se reviso desde la percepcion inicial,0.0,,,,Nunca se remidio,0.0,"Nada, podriamos resolverlo",0,No es un bloqueante real,100.0
SYN-00641,Latinoamerica,1-5MW,Hyperscale,19,1107,No hay proceso definido,33.33,3,Semanal,Cada equipo ve solo su capa,27.67,Energia<->Cooling,"Si, con reporte o medicion concreta",Se revisa activamente con cada cambio relevante,100.0,28.5,16.15,43.33,Nunca se remidio,50.0,Presupuesto,1,Bloqueante estructural,33.5
SYN-00642,Latinoamerica,1-5MW,Hyperscale,52,209,No hay proceso definido,41.67,2,Tiempo real / continuo,Cada equipo ve solo su capa,55.67,Energia<->Cooling,"No, es una apreciacion sin evidencia registrada",Se revisa periodicamente (ej. anual),25.0,,,,Anual,16.5,Presupuesto; Falta de personal capacitado,2,No es un bloqueante real,66.5
SYN-00643,Norteamerica,<1MW,Enterprise,1222,129,"Automatizado, sin intervencion humana",58.33,2,Nunca se cruza la informacion,Solo un rol consolida manualmente,39.0,Cooling<->Workload,"Si, con reporte o medicion concreta",Nunca se reviso desde la percepcion inicial,50.0,,,,Nunca se remidio,0.0,Presupuesto; Falta de personal capacitado,2,Bloqueante estructural,16.5
SYN-00644,Norteamerica,5-20MW,Enterprise,29,1208,Reporte periodico + revision manual,44.33,3,Nunca se cruza la informacion,Cada equipo ve solo su capa,11.0,Cooling<->Workload,"Solo estimacion aproximada, sin registro formal",Nunca se reviso desde la percepcion inicial,25.0,,,,Nunca se remidio,0.0,Presupuesto; Falta de personal capacitado,2,"Obstaculo fuerte, poco probable en el corto plazo",33.0
SYN-00645,Latinoamerica,>20MW,Enterprise,1795,522,Reporte periodico + revision manual,19.33,3,Mensual o mas espaciado,Cada equipo ve solo su capa,19.33,Workload<->Energia,"Solo estimacion aproximada, sin registro formal",Se revisa activamente con cada cambio relevante,75.0,,,,Nunca se remidio,0.0,"Nada, podriamos resolverlo",0,No es un bloqueante real,100.0
SYN-00646,Europa,1-5MW,Colocation,3064,32,No hay proceso definido,25.0,4,Mensual o mas espaciado,Cada equipo ve solo su capa,8.33,Cooling<->Workload,"Solo estimacion aproximada, sin registro formal",Nunca se reviso desde la percepcion inicial,25.0,,,,Nunca se remidio,0.0,"Nada, podriamos resolverlo",0,No es un bloqueante real,100.0
SYN-00647,Asia-Pacifico,>20MW,Edge,150,458,"Alertas automaticas, accion manual",47.33,3,Diario,Cada equipo ve solo su capa,36.0,Workload<->Energia,"No, es una apreciacion sin evidencia registrada",Nunca se reviso desde la percepcion inicial,0.0,,,,Nunca se remidio,0.0,Presupuesto,1,Bloqueante estructural,33.5
SYN-00648,Asia-Pacifico,1-5MW,Hyperscale,2223,0,"Alertas automaticas, accion manual",55.67,2,Nunca se cruza la informacion,Cada equipo ve solo su capa,22.33,Energia<->Cooling,"Solo estimacion aproximada, sin registro formal",Se revisa activamente con cada cambio relevante,75.0,,,,Nunca se remidio,0.0,Presupuesto,1,"Obstaculo moderado, resoluble con esfuerzo",67.0
SYN-00649,Medio Oriente/Africa,>20MW,Hyperscale,305,960,"Automatizado, sin intervencion humana",50.0,3,Nunca se cruza la informacion,Solo un rol consolida manualmente,27.67,Cooling<->Workload,"Si, con reporte o medicion concreta",Nunca se reviso desde la percepcion inicial,50.0,,,,Anual,16.5,Falta de herramientas tecnicas; Falta de personal capacitado,2,"Obstaculo fuerte, poco probable en el corto plazo",33.0
SYN-00650,Norteamerica,>20MW,Enterprise,410,222,No hay proceso definido,25.0,3,Mensual o mas espaciado,Solo un rol consolida manualmente,36.0,No sabria decir,No aplica,No aplica,0.0,19.97,17.36,13.07,Nunca se remidio,50.0,Falta de autoridad/politica interna; Falta de personal capacitado,2,"Obstaculo moderado, resoluble con esfuerzo",50.0
SYN-00651,Norteamerica,>20MW,Hyperscale,1189,205,Reporte periodico + revision manual,36.0,4,Mensual o mas espaciado,Cualquier responsable puede verlas juntas,41.67,Cooling<->Workload,"No, es una apreciacion sin evidencia registrada",Se revisa periodicamente (ej. anual),25.0,,,,Trimestral o semestral,33.5,Presupuesto; Falta de autoridad/politica interna; Falta de personal capacitado,3,"Obstaculo moderado, resoluble con esfuerzo",33.5
SYN-00652,Norteamerica,1-5MW,Edge,252,228,No hay proceso definido,25.0,4,Tiempo real / continuo,Solo un rol consolida manualmente,50.0,Energia<->Cooling,"No, es una apreciacion sin evidencia registrada",Nunca se reviso desde la percepcion inicial,0.0,27.79,23.03,17.13,Trimestral o semestral,83.5,Presupuesto,1,"Obstaculo fuerte, poco probable en el corto plazo",50.0
SYN-00653,Asia-Pacifico,>20MW,Hyperscale,995,458,Reporte periodico + revision manual,27.67,1,Semanal,Cada equipo ve solo su capa,50.0,Energia<->Cooling,"Si, con reporte o medicion concreta",Nunca se reviso desde la percepcion inicial,50.0,,,,Anual,16.5,Presupuesto; Falta de autoridad/politica interna; Falta de personal capacitado,3,No es un bloqueante real,50.0
SYN-00654,Norteamerica,1-5MW,Colocation,200,128,Reporte periodico + revision manual,44.33,4,Mensual o mas espaciado,Cada equipo ve solo su capa,8.33,Energia<->Cooling,"Si, con reporte o medicion concreta",Se revisa periodicamente (ej. anual),75.0,,,,Nunca se remidio,0.0,Presupuesto; Falta de autoridad/politica interna; Falta de personal capacitado,3,"Obstaculo fuerte, poco probable en el corto plazo",16.5
SYN-00655,Asia-Pacifico,<1MW,Enterprise,2002,123,No hay proceso definido,16.67,4,Diario,Solo un rol consolida manualmente,41.67,Cooling<->Workload,"Si, con reporte o medicion concreta",Se revisa periodicamente (ej. anual),75.0,,,,Anual,16.5,Falta de autoridad/politica interna; Falta de herramientas tecnicas,2,Bloqueante estructural,16.5
SYN-00656,Norteamerica,>20MW,Hyperscale,746,1087,No hay proceso definido,16.67,3,Semanal,Solo un rol consolida manualmente,44.33,Energia<->Cooling,"Solo estimacion aproximada, sin registro formal",Nunca se reviso desde la percepcion inicial,25.0,,,,Continuamente / en tiempo real,50.0,"Nada, podriamos resolverlo",0,No es un bloqueante real,100.0
SYN-00657,Europa,1-5MW,Edge,1284,4087,No hay proceso definido,8.33,3,Semanal,Cada equipo ve solo su capa,27.67,Cooling<->Workload,"Si, con reporte o medicion concreta",Nunca se reviso desde la percepcion inicial,50.0,,,,Nunca se remidio,0.0,Falta de personal capacitado,1,"Obstaculo moderado, resoluble con esfuerzo",67.0
SYN-00658,Asia-Pacifico,>20MW,Enterprise,198,872,No hay proceso definido,25.0,3,Mensual o mas espaciado,Cada equipo ve solo su capa,19.33,Workload<->Energia,"No, es una apreciacion sin evidencia registrada",Nunca se reviso desde la percepcion inicial,0.0,,,,Nunca se remidio,0.0,Falta de autoridad/politica interna,1,Bloqueante estructural,33.5
SYN-00659,Medio Oriente/Africa,<1MW,Enterprise,796,3875,Reporte periodico + revision manual,19.33,2,Nunca se cruza la informacion,Cada equipo ve solo su capa,22.33,Cooling<->Workload,"Solo estimacion aproximada, sin registro formal",Se revisa periodicamente (ej. anual),50.0,,,,Anual,16.5,Presupuesto; Falta de autoridad/politica interna,2,Bloqueante estructural,16.5
SYN-00660,Europa,5-20MW,Colocation,981,1373,Reporte periodico + revision manual,27.67,4,Mensual o mas espaciado,Solo un rol consolida manualmente,25.0,Workload<->Energia,"No, es una apreciacion sin evidencia registrada",Nunca se reviso desde la percepcion inicial,0.0,47.82,45.09,5.71,Nunca se remidio,50.0,Presupuesto; Falta de personal capacitado,2,"Obstaculo fuerte, poco probable en el corto plazo",33.0
SYN-00661,Asia-Pacifico,>20MW,Enterprise,44,13,No hay proceso definido,50.0,4,Nunca se cruza la informacion,Cualquier responsable puede verlas juntas,33.33,Energia<->Cooling,"No, es una apreciacion sin evidencia registrada",Nunca se reviso desde la percepcion inicial,0.0,,,,Nunca se remidio,0.0,Falta de autoridad/politica interna; Falta de personal capacitado,2,"Obstaculo moderado, resoluble con esfuerzo",50.0
SYN-00662,Latinoamerica,>20MW,Hyperscale,1033,96,"Alertas automaticas, accion manual",47.33,3,Nunca se cruza la informacion,Cualquier responsable puede verlas juntas,44.33,Workload<->Energia,"Solo estimacion aproximada, sin registro formal",Se revisa periodicamente (ej. anual),50.0,,,,Nunca se remidio,0.0,Falta de herramientas tecnicas,1,"Obstaculo fuerte, poco probable en el corto plazo",50.0
SYN-00663,Norteamerica,<1MW,Enterprise,2576,122,"Alertas automaticas, accion manual",39.0,3,Mensual o mas espaciado,Solo un rol consolida manualmente,36.0,Cooling<->Workload,"No, es una apreciacion sin evidencia registrada",Se revisa activamente con cada cambio relevante,50.0,,,,Anual,16.5,Presupuesto; Falta de personal capacitado,2,"Obstaculo fuerte, poco probable en el corto plazo",33.0
SYN-00664,Europa,<1MW,Enterprise,1951,60,Reporte periodico + revision manual,36.0,2,Mensual o mas espaciado,Cada equipo ve solo su capa,30.67,No sabria decir,No aplica,No aplica,0.0,,,,Continuamente / en tiempo real,50.0,"Nada, podriamos resolverlo",0,No es un bloqueante real,100.0
SYN-00665,Latinoamerica,1-5MW,Colocation,11,174,Reporte periodico + revision manual,52.67,3,Semanal,Cada equipo ve solo su capa,27.67,Energia<->Cooling,"Solo estimacion aproximada, sin registro formal",Se revisa periodicamente (ej. anual),50.0,,,,Anual,16.5,"Nada, podriamos resolverlo",0,No es un bloqueante real,100.0
SYN-00666,Medio Oriente/Africa,>20MW,Edge,1004,10,No hay proceso definido,33.33,3,Semanal,Cada equipo ve solo su capa,27.67,Energia<->Cooling,"Solo estimacion aproximada, sin registro formal",Se revisa periodicamente (ej. anual),50.0,18.86,14.37,23.81,Anual,66.5,Presupuesto; Falta de herramientas tecnicas,2,"Obstaculo fuerte, poco probable en el corto plazo",33.0
SYN-00667,Norteamerica,>20MW,Enterprise,66,1153,No hay proceso definido,25.0,1,Semanal,Solo un rol consolida manualmente,66.67,Energia<->Cooling,"No, es una apreciacion sin evidencia registrada",Se revisa periodicamente (ej. anual),25.0,51.51,34.38,33.26,Nunca se remidio,50.0,"Nada, podriamos resolverlo",0,No es un bloqueante real,100.0
SYN-00668,Asia-Pacifico,<1MW,Colocation,16,50,Reporte periodico + revision manual,61.0,2,Mensual o mas espaciado,Solo un rol consolida manualmente,47.33,Energia<->Cooling,"Si, con reporte o medicion concreta",Se revisa periodicamente (ej. anual),75.0,,,,Trimestral o semestral,33.5,Presupuesto; Falta de autoridad/politica interna; Falta de herramientas tecnicas,3,"Obstaculo fuerte, poco probable en el corto plazo",16.5
SYN-00669,Medio Oriente/Africa,1-5MW,Enterprise,1107,2408,"Automatizado, sin intervencion humana",41.67,4,Mensual o mas espaciado,Cualquier responsable puede verlas juntas,41.67,Workload<->Energia,"Solo estimacion aproximada, sin registro formal",Nunca se reviso desde la percepcion inicial,25.0,,,,Nunca se remidio,0.0,Falta de autoridad/politica interna; Falta de herramientas tecnicas,2,"Obstaculo moderado, resoluble con esfuerzo",50.0
SYN-00670,Norteamerica,5-20MW,Colocation,1292,3492,Reporte periodico + revision manual,19.33,1,Diario,Cualquier responsable puede verlas juntas,91.67,Energia<->Cooling,"Si, con reporte o medicion concreta",Nunca se reviso desde la percepcion inicial,50.0,,,,Nunca se remidio,0.0,Presupuesto; Falta de autoridad/politica interna; Falta de herramientas tecnicas; Falta de personal capacitado,4,"Obstaculo moderado, resoluble con esfuerzo",33.5
SYN-00671,Medio Oriente/Africa,<1MW,Hyperscale,1997,3,Reporte periodico + revision manual,44.33,3,Nunca se cruza la informacion,Cada equipo ve solo su capa,11.0,Workload<->Energia,"No, es una apreciacion sin evidencia registrada",Se revisa periodicamente (ej. anual),25.0,,,,Anual,16.5,"Nada, podriamos resolverlo",0,No es un bloqueante real,100.0
SYN-00672,Asia-Pacifico,>20MW,Colocation,1264,8,"Alertas automaticas, accion manual",55.67,3,Semanal,Solo un rol consolida manualmente,44.33,Workload<->Energia,"Solo estimacion aproximada, sin registro formal",Se revisa periodicamente (ej. anual),50.0,,,,Anual,16.5,Presupuesto; Falta de autoridad/politica interna,2,"Obstaculo moderado, resoluble con esfuerzo",50.0
SYN-00673,Medio Oriente/Africa,1-5MW,Enterprise,97,1,No hay proceso definido,50.0,2,Semanal,Cada equipo ve solo su capa,39.0,Energia<->Cooling,"Solo estimacion aproximada, sin registro formal",Se revisa activamente con cada cambio relevante,75.0,,,,Trimestral o semestral,33.5,Presupuesto; Falta de herramientas tecnicas,2,"Obstaculo fuerte, poco probable en el corto plazo",33.0
SYN-00674,Latinoamerica,>20MW,Hyperscale,967,3700,Reporte periodico + revision manual,19.33,4,Nunca se cruza la informacion,Solo un rol consolida manualmente,16.67,Energia<->Cooling,"Solo estimacion aproximada, sin registro formal",Nunca se reviso desde la percepcion inicial,25.0,59.54,41.58,30.16,Trimestral o semestral,83.5,Presupuesto; Falta de autoridad/politica interna; Falta de personal capacitado,3,"Obstaculo fuerte, poco probable en el corto plazo",16.5
SYN-00675,Medio Oriente/Africa,>20MW,Enterprise,824,193,Reporte periodico + revision manual,36.0,4,Nunca se cruza la informacion,Solo un rol consolida manualmente,16.67,Cooling<->Workload,"No, es una apreciacion sin evidencia registrada",Se revisa periodicamente (ej. anual),25.0,,,,Anual,16.5,Falta de autoridad/politica interna,1,"Obstaculo fuerte, poco probable en el corto plazo",50.0
SYN-00676,Asia-Pacifico,1-5MW,Colocation,643,30,"Alertas automaticas, accion manual",55.67,2,Tiempo real / continuo,Cualquier responsable puede verlas juntas,89.0,Energia<->Cooling,"Solo estimacion aproximada, sin registro formal",Se revisa activamente con cada cambio relevante,75.0,,,,Nunca se remidio,0.0,Presupuesto; Falta de personal capacitado,2,Bloqueante estructural,16.5
SYN-00677,Europa,<1MW,Enterprise,376,103,No hay proceso definido,25.0,3,Diario,Solo un rol consolida manualmente,52.67,Workload<->Energia,"No, es una apreciacion sin evidencia registrada",Nunca se reviso desde la percepcion inicial,0.0,,,,Nunca se remidio,0.0,Presupuesto,1,"Obstaculo moderado, resoluble con esfuerzo",67.0
SYN-00678,Asia-Pacifico,1-5MW,Enterprise,2445,66,Reporte periodico + revision manual,27.67,2,Nunca se cruza la informacion,Solo un rol consolida manualmente,39.0,No sabria decir,No aplica,No aplica,0.0,,,,Continuamente / en tiempo real,50.0,Falta de herramientas tecnicas,1,"Obstaculo fuerte, poco probable en el corto plazo",50.0
SYN-00679,Europa,1-5MW,Edge,1844,1276,Reporte periodico + revision manual,19.33,3,Semanal,Solo un rol consolida manualmente,44.33,Energia<->Cooling,"Solo estimacion aproximada, sin registro formal",Se revisa periodicamente (ej. anual),50.0,,,,Continuamente / en tiempo real,50.0,Presupuesto,1,"Obstaculo moderado, resoluble con esfuerzo",67.0
SYN-00680,Latinoamerica,<1MW,Enterprise,1925,185,No hay proceso definido,16.67,3,Nunca se cruza la informacion,Cada equipo ve solo su capa,11.0,Cooling<->Workload,"No, es una apreciacion sin evidencia registrada",Se revisa periodicamente (ej. anual),25.0,,,,Trimestral o semestral,33.5,Presupuesto; Falta de autoridad/politica interna; Falta de personal capacitado,3,"Obstaculo moderado, resoluble con esfuerzo",33.5
SYN-00681,Norteamerica,1-5MW,Edge,430,4297,No hay proceso definido,8.33,4,Tiempo real / continuo,Solo un rol consolida manualmente,50.0,Energia<->Cooling,"No, es una apreciacion sin evidencia registrada",Se revisa periodicamente (ej. anual),25.0,,,,Nunca se remidio,0.0,Presupuesto; Falta de herramientas tecnicas,2,"Obstaculo moderado, resoluble con esfuerzo",50.0
SYN-00682,Norteamerica,<1MW,Hyperscale,634,1041,No hay proceso definido,16.67,3,Semanal,Solo un rol consolida manualmente,44.33,Workload<->Energia,"Si, con reporte o medicion concreta",Nunca se reviso desde la percepcion inicial,50.0,28.82,19.45,32.51,Nunca se remidio,50.0,Presupuesto,1,"Obstaculo moderado, resoluble con esfuerzo",67.0
SYN-00683,Asia-Pacifico,<1MW,Edge,4164,36,No hay proceso definido,25.0,3,Mensual o mas espaciado,Solo un rol consolida manualmente,36.0,Workload<->Energia,"Solo estimacion aproximada, sin registro formal",Nunca se reviso desde la percepcion inicial,25.0,59.11,47.34,19.91,Trimestral o semestral,83.5,Presupuesto; Falta de autoridad/politica interna; Falta de herramientas tecnicas,3,"Obstaculo moderado, resoluble con esfuerzo",33.5
SYN-00684,Norteamerica,>20MW,Colocation,10,146,No hay proceso definido,41.67,3,Mensual o mas espaciado,Solo un rol consolida manualmente,36.0,Energia<->Cooling,"No, es una apreciacion sin evidencia registrada",Nunca se reviso desde la percepcion inicial,0.0,,,,Nunca se remidio,0.0,Falta de autoridad/politica interna; Falta de personal capacitado,2,"Obstaculo moderado, resoluble con esfuerzo",50.0
SYN-00685,Europa,5-20MW,Hyperscale,2,188,Reporte periodico + revision manual,61.0,4,Nunca se cruza la informacion,Cada equipo ve solo su capa,0.0,Cooling<->Workload,"No, es una apreciacion sin evidencia registrada",Nunca se reviso desde la percepcion inicial,0.0,,,,Nunca se remidio,0.0,Falta de personal capacitado,1,Bloqueante estructural,33.5
SYN-00686,Europa,5-20MW,Edge,27,14,"Alertas automaticas, accion manual",72.33,3,Nunca se cruza la informacion,Cada equipo ve solo su capa,11.0,Workload<->Energia,"Solo estimacion aproximada, sin registro formal",Nunca se reviso desde la percepcion inicial,25.0,,,,Nunca se remidio,0.0,Falta de autoridad/politica interna; Falta de herramientas tecnicas,2,Bloqueante estructural,16.5
SYN-00687,Medio Oriente/Africa,1-5MW,Colocation,49,1275,"Alertas automaticas, accion manual",55.67,3,Mensual o mas espaciado,Cada equipo ve solo su capa,19.33,No sabria decir,No aplica,No aplica,0.0,46.64,33.06,29.12,Nunca se remidio,50.0,Presupuesto; Falta de personal capacitado,2,Bloqueante estructural,16.5
SYN-00688,Latinoamerica,<1MW,Enterprise,165,369,Reporte periodico + revision manual,36.0,4,Nunca se cruza la informacion,Cada equipo ve solo su capa,0.0,Workload<->Energia,"Solo estimacion aproximada, sin registro formal",Se revisa periodicamente (ej. anual),50.0,,,,Anual,16.5,Presupuesto; Falta de herramientas tecnicas; Falta de personal capacitado,3,Bloqueante estructural,0.0
SYN-00689,Asia-Pacifico,>20MW,Enterprise,1,3,"Alertas automaticas, accion manual",89.0,1,Tiempo real / continuo,Cualquier responsable puede verlas juntas,100.0,Workload<->Energia,"Solo estimacion aproximada, sin registro formal",Nunca se reviso desde la percepcion inicial,25.0,,,,Continuamente / en tiempo real,50.0,"Nada, podriamos resolverlo",0,No es un bloqueante real,100.0
SYN-00690,Medio Oriente/Africa,<1MW,Edge,2315,1372,"Alertas automaticas, accion manual",30.67,2,Semanal,Cada equipo ve solo su capa,39.0,Cooling<->Workload,"Solo estimacion aproximada, sin registro formal",Se revisa periodicamente (ej. anual),50.0,41.73,28.12,32.61,Nunca se remidio,50.0,Presupuesto; Falta de autoridad/politica interna; Falta de personal capacitado,3,"Obstaculo fuerte, poco probable en el corto plazo",16.5
SYN-00691,Asia-Pacifico,>20MW,Colocation,2276,981,"Automatizado, sin intervencion humana",41.67,4,Semanal,Cada equipo ve solo su capa,16.67,Cooling<->Workload,"Si, con reporte o medicion concreta",Nunca se reviso desde la percepcion inicial,50.0,,,,Nunca se remidio,0.0,Presupuesto; Falta de autoridad/politica interna,2,Bloqueante estructural,16.5
SYN-00692,Europa,<1MW,Edge,189,1335,Reporte periodico + revision manual,36.0,2,Mensual o mas espaciado,Solo un rol consolida manualmente,47.33,Energia<->Cooling,"No, es una apreciacion sin evidencia registrada",Se revisa periodicamente (ej. anual),25.0,,,,Trimestral o semestral,33.5,"Nada, podriamos resolverlo",0,No es un bloqueante real,100.0
SYN-00693,Norteamerica,<1MW,Colocation,16,1336,"Alertas automaticas, accion manual",55.67,4,Nunca se cruza la informacion,Solo un rol consolida manualmente,16.67,Energia<->Cooling,"Solo estimacion aproximada, sin registro formal",Nunca se reviso desde la percepcion inicial,25.0,31.72,22.83,28.03,Nunca se remidio,50.0,Presupuesto; Falta de autoridad/politica interna,2,"Obstaculo fuerte, poco probable en el corto plazo",33.0
SYN-00694,Norteamerica,1-5MW,Edge,1178,225,Reporte periodico + revision manual,36.0,4,Tiempo real / continuo,Solo un rol consolida manualmente,50.0,Cooling<->Workload,"Si, con reporte o medicion concreta",Nunca se reviso desde la percepcion inicial,50.0,,,,Anual,16.5,Falta de autoridad/politica interna,1,"Obstaculo moderado, resoluble con esfuerzo",67.0
SYN-00695,Norteamerica,<1MW,Colocation,1374,2836,"Alertas automaticas, accion manual",30.67,4,Nunca se cruza la informacion,Cada equipo ve solo su capa,0.0,Energia<->Cooling,"Solo estimacion aproximada, sin registro formal",Se revisa periodicamente (ej. anual),50.0,8.18,5.44,33.5,Nunca se remidio,50.0,Falta de personal capacitado,1,Bloqueante estructural,33.5
SYN-00696,Norteamerica,5-20MW,Hyperscale,855,67,No hay proceso definido,25.0,2,Mensual o mas espaciado,Cada equipo ve solo su capa,30.67,No sabria decir,No aplica,No aplica,0.0,,,,Nunca se remidio,0.0,Presupuesto; Falta de autoridad/politica interna; Falta de herramientas tecnicas,3,Bloqueante estructural,0.0
SYN-00697,Europa,1-5MW,Hyperscale,131,201,No hay proceso definido,33.33,4,Diario,Cada equipo ve solo su capa,25.0,No sabria decir,No aplica,No aplica,0.0,,,,Anual,16.5,Falta de herramientas tecnicas,1,Bloqueante estructural,33.5
SYN-00698,Asia-Pacifico,>20MW,Hyperscale,792,521,"Automatizado, sin intervencion humana",50.0,4,Mensual o mas espaciado,Cualquier responsable puede verlas juntas,41.67,Cooling<->Workload,"Solo estimacion aproximada, sin registro formal",Se revisa periodicamente (ej. anual),50.0,,,,Trimestral o semestral,33.5,Falta de personal capacitado,1,"Obstaculo moderado, resoluble con esfuerzo",67.0
SYN-00699,Medio Oriente/Africa,<1MW,Hyperscale,500,58,No hay proceso definido,33.33,3,Nunca se cruza la informacion,Cualquier responsable puede verlas juntas,44.33,Cooling<->Workload,"Solo estimacion aproximada, sin registro formal",Nunca se reviso desde la percepcion inicial,25.0,,,,Trimestral o semestral,33.5,Presupuesto; Falta de autoridad/politica interna; Falta de herramientas tecnicas,3,"Obstaculo moderado, resoluble con esfuerzo",33.5
SYN-00700,Medio Oriente/Africa,5-20MW,Enterprise,43,209,"Alertas automaticas, accion manual",64.0,2,Nunca se cruza la informacion,Cualquier responsable puede verlas juntas,55.67,Cooling<->Workload,"No, es una apreciacion sin evidencia registrada",Se revisa periodicamente (ej. anual),25.0,,,,Anual,16.5,Presupuesto; Falta de autoridad/politica interna; Falta de herramientas tecnicas; Falta de personal capacitado,4,"Obstaculo fuerte, poco probable en el corto plazo",16.5
SYN-00701,Norteamerica,1-5MW,Colocation,713,1631,No hay proceso definido,8.33,3,Diario,Solo un rol consolida manualmente,52.67,No sabria decir,No aplica,No aplica,0.0,,,,Nunca se remidio,0.0,Falta de herramientas tecnicas; Falta de personal capacitado,2,"Obstaculo moderado, resoluble con esfuerzo",50.0
SYN-00702,Europa,1-5MW,Hyperscale,2772,2992,No hay proceso definido,0.0,3,Semanal,Solo un rol consolida manualmente,44.33,Workload<->Energia,"Solo estimacion aproximada, sin registro formal",Se revisa periodicamente (ej. anual),50.0,,,,Nunca se remidio,0.0,"Nada, podriamos resolverlo",0,No es un bloqueante real,100.0
SYN-00703,Asia-Pacifico,<1MW,Edge,366,363,No hay proceso definido,16.67,3,Semanal,Cualquier responsable puede verlas juntas,61.0,Energia<->Cooling,"Solo estimacion aproximada, sin registro formal",Se revisa activamente con cada cambio relevante,75.0,,,,Anual,16.5,Falta de autoridad/politica interna,1,"Obstaculo moderado, resoluble con esfuerzo",67.0
SYN-00704,Europa,5-20MW,Edge,2545,20,Reporte periodico + revision manual,36.0,2,Nunca se cruza la informacion,Cada equipo ve solo su capa,22.33,Energia<->Cooling,"No, es una apreciacion sin evidencia registrada",Nunca se reviso desde la percepcion inicial,0.0,,,,Trimestral o semestral,33.5,Presupuesto; Falta de autoridad/politica interna; Falta de herramientas tecnicas; Falta de personal capacitado,4,Bloqueante estructural,0.0
SYN-00705,Medio Oriente/Africa,5-20MW,Edge,4,1879,"Alertas automaticas, accion manual",55.67,2,Nunca se cruza la informacion,Cada equipo ve solo su capa,22.33,Workload<->Energia,"No, es una apreciacion sin evidencia registrada",Nunca se reviso desde la percepcion inicial,0.0,,,,Anual,16.5,Presupuesto; Falta de personal capacitado,2,No es un bloqueante real,66.5
SYN-00706,Medio Oriente/Africa,>20MW,Enterprise,1,52,Reporte periodico + revision manual,69.33,4,Semanal,Cada equipo ve solo su capa,16.67,Cooling<->Workload,"No, es una apreciacion sin evidencia registrada",Nunca se reviso desde la percepcion inicial,0.0,,,,Nunca se remidio,0.0,Presupuesto; Falta de autoridad/politica interna,2,"Obstaculo moderado, resoluble con esfuerzo",50.0
SYN-00707,Asia-Pacifico,5-20MW,Edge,1331,119,Reporte periodico + revision manual,36.0,3,Mensual o mas espaciado,Cualquier responsable puede verlas juntas,52.67,Workload<->Energia,"Solo estimacion aproximada, sin registro formal",Nunca se reviso desde la percepcion inicial,25.0,25.92,21.23,18.09,Nunca se remidio,50.0,Presupuesto,1,"Obstaculo moderado, resoluble con esfuerzo",67.0
SYN-00708,Europa,1-5MW,Enterprise,22,4,Reporte periodico + revision manual,69.33,4,Mensual o mas espaciado,Cada equipo ve solo su capa,8.33,Workload<->Energia,"Si, con reporte o medicion concreta",Nunca se reviso desde la percepcion inicial,50.0,,,,Continuamente / en tiempo real,50.0,Presupuesto,1,"Obstaculo moderado, resoluble con esfuerzo",67.0
SYN-00709,Latinoamerica,5-20MW,Colocation,254,3446,No hay proceso definido,8.33,2,Semanal,Solo un rol consolida manualmente,55.67,Energia<->Cooling,"No, es una apreciacion sin evidencia registrada",Nunca se reviso desde la percepcion inicial,0.0,,,,Anual,16.5,Presupuesto; Falta de autoridad/politica interna,2,No es un bloqueante real,66.5
SYN-00710,Norteamerica,<1MW,Enterprise,58,53,"Automatizado, sin intervencion humana",83.33,2,Nunca se cruza la informacion,Solo un rol consolida manualmente,39.0,Energia<->Cooling,"Si, con reporte o medicion concreta",Se revisa periodicamente (ej. anual),75.0,,,,Continuamente / en tiempo real,50.0,"Nada, podriamos resolverlo",0,No es un bloqueante real,100.0
SYN-00711,Asia-Pacifico,>20MW,Colocation,566,256,"Alertas automaticas, accion manual",39.0,1,Diario,Cada equipo ve solo su capa,58.33,Cooling<->Workload,"Si, con reporte o medicion concreta",Se revisa activamente con cada cambio relevante,100.0,26.07,23.17,11.12,Trimestral o semestral,83.5,"Nada, podriamos resolverlo",0,No es un bloqueante real,100.0
SYN-00712,Medio Oriente/Africa,5-20MW,Edge,44,1402,"Alertas automaticas, accion manual",55.67,3,Diario,Cada equipo ve solo su capa,36.0,Cooling<->Workload,"Solo estimacion aproximada, sin registro formal",Nunca se reviso desde la percepcion inicial,25.0,,,,Nunca se remidio,0.0,Falta de autoridad/politica interna; Falta de herramientas tecnicas,2,"Obstaculo fuerte, poco probable en el corto plazo",33.0
SYN-00713,Norteamerica,<1MW,Colocation,2382,1333,No hay proceso definido,8.33,2,Mensual o mas espaciado,Cada equipo ve solo su capa,30.67,Cooling<->Workload,"No, es una apreciacion sin evidencia registrada",Se revisa activamente con cada cambio relevante,50.0,,,,Anual,16.5,Presupuesto; Falta de autoridad/politica interna,2,"Obstaculo fuerte, poco probable en el corto plazo",33.0
SYN-00714,Norteamerica,1-5MW,Hyperscale,198,22,Reporte periodico + revision manual,52.67,2,Diario,Solo un rol consolida manualmente,64.0,Workload<->Energia,"Solo estimacion aproximada, sin registro formal",Nunca se reviso desde la percepcion inicial,25.0,38.9,28.22,27.46,Anual,66.5,Falta de autoridad/politica interna,1,"Obstaculo fuerte, poco probable en el corto plazo",50.0
SYN-00715,Asia-Pacifico,>20MW,Colocation,932,0,No hay proceso definido,41.67,4,Mensual o mas espaciado,Cada equipo ve solo su capa,8.33,Workload<->Energia,"Si, con reporte o medicion concreta",Se revisa activamente con cada cambio relevante,100.0,,,,Nunca se remidio,0.0,Presupuesto,1,"Obstaculo fuerte, poco probable en el corto plazo",50.0
SYN-00716,Medio Oriente/Africa,5-20MW,Hyperscale,293,964,Reporte periodico + revision manual,27.67,3,Nunca se cruza la informacion,Cada equipo ve solo su capa,11.0,Energia<->Cooling,"Solo estimacion aproximada, sin registro formal",Se revisa activamente con cada cambio relevante,75.0,,,,Trimestral o semestral,33.5,Falta de herramientas tecnicas,1,Bloqueante estructural,33.5
SYN-00717,Europa,1-5MW,Enterprise,327,181,"Automatizado, sin intervencion humana",58.33,3,Tiempo real / continuo,Cada equipo ve solo su capa,44.33,Energia<->Cooling,"Solo estimacion aproximada, sin registro formal",Se revisa periodicamente (ej. anual),50.0,,,,Anual,16.5,Presupuesto,1,"Obstaculo fuerte, poco probable en el corto plazo",50.0
SYN-00718,Europa,>20MW,Colocation,1288,143,Reporte periodico + revision manual,36.0,1,Semanal,Solo un rol consolida manualmente,66.67,Cooling<->Workload,"No, es una apreciacion sin evidencia registrada",Nunca se reviso desde la percepcion inicial,0.0,29.25,24.11,17.57,Nunca se remidio,50.0,"Nada, podriamos resolverlo",0,No es un bloqueante real,100.0
SYN-00719,Medio Oriente/Africa,1-5MW,Colocation,23,1942,No hay proceso definido,25.0,2,Mensual o mas espaciado,Cada equipo ve solo su capa,30.67,No sabria decir,No aplica,No aplica,0.0,,,,Trimestral o semestral,33.5,"Nada, podriamos resolverlo",0,No es un bloqueante real,100.0
SYN-00720,Latinoamerica,>20MW,Colocation,1015,625,Reporte periodico + revision manual,27.67,1,Semanal,Solo un rol consolida manualmente,66.67,Energia<->Cooling,"No, es una apreciacion sin evidencia registrada",Nunca se reviso desde la percepcion inicial,0.0,,,,Trimestral o semestral,33.5,"Nada, podriamos resolverlo",0,No es un bloqueante real,100.0
SYN-00721,Europa,<1MW,Colocation,1975,196,Reporte periodico + revision manual,27.67,2,Nunca se cruza la informacion,Solo un rol consolida manualmente,39.0,Cooling<->Workload,"Si, con reporte o medicion concreta",Se revisa periodicamente (ej. anual),75.0,,,,Nunca se remidio,0.0,Presupuesto; Falta de personal capacitado,2,Bloqueante estructural,16.5
SYN-00722,Europa,>20MW,Colocation,996,235,"Alertas automaticas, accion manual",47.33,2,Nunca se cruza la informacion,Cada equipo ve solo su capa,22.33,Workload<->Energia,"Solo estimacion aproximada, sin registro formal",Se revisa periodicamente (ej. anual),50.0,,,,Nunca se remidio,0.0,Presupuesto,1,No es un bloqueante real,83.5
SYN-00723,Europa,<1MW,Enterprise,239,606,No hay proceso definido,25.0,2,Mensual o mas espaciado,Cualquier responsable puede verlas juntas,64.0,Workload<->Energia,"No, es una apreciacion sin evidencia registrada",Nunca se reviso desde la percepcion inicial,0.0,,,,Trimestral o semestral,33.5,Falta de herramientas tecnicas; Falta de personal capacitado,2,"Obstaculo moderado, resoluble con esfuerzo",50.0
SYN-00724,Asia-Pacifico,1-5MW,Enterprise,491,117,No hay proceso definido,25.0,4,Diario,Cada equipo ve solo su capa,25.0,Cooling<->Workload,"Solo estimacion aproximada, sin registro formal",Nunca se reviso desde la percepcion inicial,25.0,4.8,3.56,25.83,Nunca se remidio,50.0,Presupuesto; Falta de autoridad/politica interna,2,"Obstaculo moderado, resoluble con esfuerzo",50.0
SYN-00725,Asia-Pacifico,1-5MW,Hyperscale,1583,412,No hay proceso definido,8.33,3,Mensual o mas espaciado,Cada equipo ve solo su capa,19.33,Energia<->Cooling,"Solo estimacion aproximada, sin registro formal",Se revisa periodicamente (ej. anual),50.0,,,,Anual,16.5,Falta de personal capacitado,1,"Obstaculo moderado, resoluble con esfuerzo",67.0
SYN-00726,Norteamerica,<1MW,Hyperscale,167,14,No hay proceso definido,41.67,3,Tiempo real / continuo,Cada equipo ve solo su capa,44.33,Energia<->Cooling,"No, es una apreciacion sin evidencia registrada",Se revisa periodicamente (ej. anual),25.0,,,,Nunca se remidio,0.0,"Nada, podriamos resolverlo",0,No es un bloqueante real,100.0
SYN-00727,Medio Oriente/Africa,1-5MW,Edge,149,9,"Automatizado, sin intervencion humana",75.0,3,Nunca se cruza la informacion,Cada equipo ve solo su capa,11.0,Workload<->Energia,"No, es una apreciacion sin evidencia registrada",Se revisa activamente con cada cambio relevante,50.0,,,,Trimestral o semestral,33.5,Presupuesto; Falta de autoridad/politica interna; Falta de herramientas tecnicas; Falta de personal capacitado,4,Bloqueante estructural,0.0
SYN-00728,Europa,1-5MW,Colocation,3925,543,"Automatizado, sin intervencion humana",41.67,3,Semanal,Solo un rol consolida manualmente,44.33,Energia<->Cooling,"No, es una apreciacion sin evidencia registrada",Nunca se reviso desde la percepcion inicial,0.0,,,,Trimestral o semestral,33.5,Presupuesto,1,"Obstaculo fuerte, poco probable en el corto plazo",50.0
SYN-00729,Asia-Pacifico,1-5MW,Edge,3196,72,Reporte periodico + revision manual,27.67,1,Mensual o mas espaciado,Solo un rol consolida manualmente,58.33,Workload<->Energia,"No, es una apreciacion sin evidencia registrada",Nunca se reviso desde la percepcion inicial,0.0,,,,Continuamente / en tiempo real,50.0,Falta de autoridad/politica interna,1,Bloqueante estructural,33.5
SYN-00730,Norteamerica,>20MW,Colocation,389,115,"Automatizado, sin intervencion humana",58.33,2,Semanal,Cada equipo ve solo su capa,39.0,Energia<->Cooling,"No, es una apreciacion sin evidencia registrada",Se revisa periodicamente (ej. anual),25.0,35.18,32.7,7.05,Anual,66.5,"Nada, podriamos resolverlo",0,No es un bloqueante real,100.0
SYN-00731,Asia-Pacifico,5-20MW,Hyperscale,25,1461,No hay proceso definido,25.0,4,Nunca se cruza la informacion,Solo un rol consolida manualmente,16.67,Energia<->Cooling,"No, es una apreciacion sin evidencia registrada",Nunca se reviso desde la percepcion inicial,0.0,,,,Anual,16.5,Presupuesto; Falta de autoridad/politica interna,2,"Obstaculo moderado, resoluble con esfuerzo",50.0
SYN-00732,Norteamerica,5-20MW,Edge,277,338,Reporte periodico + revision manual,27.67,4,Mensual o mas espaciado,Cualquier responsable puede verlas juntas,41.67,Energia<->Cooling,"No, es una apreciacion sin evidencia registrada",Nunca se reviso desde la percepcion inicial,0.0,,,,Anual,16.5,Presupuesto,1,"Obstaculo fuerte, poco probable en el corto plazo",50.0
SYN-00733,Latinoamerica,>20MW,Enterprise,4069,1175,"Automatizado, sin intervencion humana",41.67,3,Diario,Cada equipo ve solo su capa,36.0,Cooling<->Workload,"No, es una apreciacion sin evidencia registrada",Nunca se reviso desde la percepcion inicial,0.0,34.79,26.47,23.91,Trimestral o semestral,83.5,"Nada, podriamos resolverlo",0,No es un bloqueante real,100.0
SYN-00734,Europa,1-5MW,Colocation,59,697,"Alertas automaticas, accion manual",55.67,2,Nunca se cruza la informacion,Solo un rol consolida manualmente,39.0,Cooling<->Workload,"No, es una apreciacion sin evidencia registrada",Se revisa periodicamente (ej. anual),25.0,,,,Nunca se remidio,0.0,Presupuesto; Falta de autoridad/politica interna; Falta de herramientas tecnicas,3,Bloqueante estructural,0.0
SYN-00735,Norteamerica,>20MW,Colocation,874,708,Reporte periodico + revision manual,27.67,2,Mensual o mas espaciado,Cada equipo ve solo su capa,30.67,Energia<->Cooling,"Solo estimacion aproximada, sin registro formal",Nunca se reviso desde la percepcion inicial,25.0,54.03,41.51,23.17,Nunca se remidio,50.0,"Nada, podriamos resolverlo",0,No es un bloqueante real,100.0
SYN-00736,Norteamerica,1-5MW,Edge,201,2044,Reporte periodico + revision manual,27.67,4,Mensual o mas espaciado,Cualquier responsable puede verlas juntas,41.67,Workload<->Energia,"Si, con reporte o medicion concreta",Nunca se reviso desde la percepcion inicial,50.0,,,,Anual,16.5,Falta de herramientas tecnicas,1,Bloqueante estructural,33.5
SYN-00737,Norteamerica,1-5MW,Colocation,2725,487,"Alertas automaticas, accion manual",30.67,2,Semanal,Cada equipo ve solo su capa,39.0,Energia<->Cooling,"No, es una apreciacion sin evidencia registrada",Se revisa periodicamente (ej. anual),25.0,,,,Nunca se remidio,0.0,Presupuesto; Falta de autoridad/politica interna,2,"Obstaculo moderado, resoluble con esfuerzo",50.0
SYN-00738,Norteamerica,>20MW,Edge,3035,9,"Alertas automaticas, accion manual",47.33,4,Semanal,Solo un rol consolida manualmente,33.33,Energia<->Cooling,"Solo estimacion aproximada, sin registro formal",Nunca se reviso desde la percepcion inicial,25.0,,,,Nunca se remidio,0.0,Presupuesto; Falta de personal capacitado,2,"Obstaculo fuerte, poco probable en el corto plazo",33.0
SYN-00739,Norteamerica,5-20MW,Hyperscale,2757,32,No hay proceso definido,25.0,4,Mensual o mas espaciado,Cada equipo ve solo su capa,8.33,No sabria decir,No aplica,No aplica,0.0,,,,Nunca se remidio,0.0,Presupuesto; Falta de autoridad/politica interna; Falta de personal capacitado,3,Bloqueante estructural,0.0
SYN-00740,Latinoamerica,>20MW,Enterprise,75,1160,No hay proceso definido,25.0,3,Nunca se cruza la informacion,Solo un rol consolida manualmente,27.67,Energia<->Cooling,"Si, con reporte o medicion concreta",Se revisa activamente con cada cambio relevante,100.0,,,,Nunca se remidio,0.0,Presupuesto,1,No es un bloqueante real,83.5
SYN-00741,Europa,<1MW,Enterprise,4,779,"Automatizado, sin intervencion humana",75.0,2,Semanal,Solo un rol consolida manualmente,55.67,No sabria decir,No aplica,No aplica,0.0,,,,Anual,16.5,Falta de autoridad/politica interna,1,"Obstaculo moderado, resoluble con esfuerzo",67.0
SYN-00742,Medio Oriente/Africa,<1MW,Edge,1,401,No hay proceso definido,41.67,1,Diario,Cada equipo ve solo su capa,58.33,Energia<->Cooling,"Solo estimacion aproximada, sin registro formal",Nunca se reviso desde la percepcion inicial,25.0,30.75,28.5,7.32,Nunca se remidio,50.0,Presupuesto; Falta de autoridad/politica interna; Falta de herramientas tecnicas; Falta de personal capacitado,4,"Obstaculo fuerte, poco probable en el corto plazo",16.5
SYN-00743,Asia-Pacifico,5-20MW,Enterprise,586,2764,"Automatizado, sin intervencion humana",41.67,4,Semanal,Cualquier responsable puede verlas juntas,50.0,Workload<->Energia,"Solo estimacion aproximada, sin registro formal",Se revisa periodicamente (ej. anual),50.0,28.2,23.62,16.24,Anual,66.5,Presupuesto,1,"Obstaculo fuerte, poco probable en el corto plazo",50.0
SYN-00744,Medio Oriente/Africa,1-5MW,Colocation,59,11,No hay proceso definido,50.0,4,Mensual o mas espaciado,Cada equipo ve solo su capa,8.33,Energia<->Cooling,"Solo estimacion aproximada, sin registro formal",Se revisa periodicamente (ej. anual),50.0,,,,Trimestral o semestral,33.5,Presupuesto,1,"Obstaculo fuerte, poco probable en el corto plazo",50.0
SYN-00745,Europa,>20MW,Colocation,3650,90,No hay proceso definido,16.67,2,Mensual o mas espaciado,Solo un rol consolida manualmente,47.33,Energia<->Cooling,"Solo estimacion aproximada, sin registro formal",Nunca se reviso desde la percepcion inicial,25.0,,,,Continuamente / en tiempo real,50.0,"Nada, podriamos resolverlo",0,No es un bloqueante real,100.0
SYN-00746,Norteamerica,>20MW,Edge,1065,3474,"Alertas automaticas, accion manual",30.67,3,Nunca se cruza la informacion,Cualquier responsable puede verlas juntas,44.33,Workload<->Energia,"Solo estimacion aproximada, sin registro formal",Se revisa activamente con cada cambio relevante,75.0,,,,Continuamente / en tiempo real,50.0,Falta de autoridad/politica interna,1,"Obstaculo moderado, resoluble con esfuerzo",67.0
SYN-00747,Latinoamerica,5-20MW,Hyperscale,1345,1870,No hay proceso definido,8.33,3,Diario,Cualquier responsable puede verlas juntas,69.33,Workload<->Energia,"No, es una apreciacion sin evidencia registrada",Se revisa activamente con cada cambio relevante,50.0,,,,Anual,16.5,Presupuesto; Falta de personal capacitado,2,"Obstaculo fuerte, poco probable en el corto plazo",33.0
SYN-00748,Asia-Pacifico,1-5MW,Edge,1350,200,No hay proceso definido,25.0,4,Diario,Cada equipo ve solo su capa,25.0,Workload<->Energia,"No, es una apreciacion sin evidencia registrada",Nunca se reviso desde la percepcion inicial,0.0,,,,Trimestral o semestral,33.5,"Nada, podriamos resolverlo",0,No es un bloqueante real,100.0
SYN-00749,Asia-Pacifico,5-20MW,Colocation,216,217,Reporte periodico + revision manual,44.33,3,Mensual o mas espaciado,Solo un rol consolida manualmente,36.0,Cooling<->Workload,"Solo estimacion aproximada, sin registro formal",Se revisa periodicamente (ej. anual),50.0,,,,Nunca se remidio,0.0,Falta de personal capacitado,1,Bloqueante estructural,33.5
SYN-00750,Latinoamerica,>20MW,Edge,1345,623,"Automatizado, sin intervencion humana",50.0,3,Semanal,Cada equipo ve solo su capa,27.67,No sabria decir,No aplica,No aplica,0.0,38.41,35.05,8.75,Nunca se remidio,50.0,Presupuesto; Falta de personal capacitado,2,"Obstaculo fuerte, poco probable en el corto plazo",33.0
SYN-00751,Latinoamerica,>20MW,Colocation,1971,208,"Alertas automaticas, accion manual",39.0,4,Tiempo real / continuo,Cada equipo ve solo su capa,33.33,Energia<->Cooling,"Solo estimacion aproximada, sin registro formal",Se revisa periodicamente (ej. anual),50.0,38.26,29.57,22.71,Trimestral o semestral,83.5,Presupuesto,1,"Obstaculo fuerte, poco probable en el corto plazo",50.0
SYN-00752,Medio Oriente/Africa,5-20MW,Edge,303,584,"Alertas automaticas, accion manual",39.0,3,Nunca se cruza la informacion,Solo un rol consolida manualmente,27.67,Energia<->Cooling,"Solo estimacion aproximada, sin registro formal",Nunca se reviso desde la percepcion inicial,25.0,,,,Nunca se remidio,0.0,Presupuesto; Falta de autoridad/politica interna; Falta de personal capacitado,3,"Obstaculo fuerte, poco probable en el corto plazo",16.5
SYN-00753,Europa,5-20MW,Edge,2351,2237,Reporte periodico + revision manual,11.0,4,Mensual o mas espaciado,Cualquier responsable puede verlas juntas,41.67,Cooling<->Workload,"Solo estimacion aproximada, sin registro formal",Nunca se reviso desde la percepcion inicial,25.0,,,,Trimestral o semestral,33.5,Falta de personal capacitado,1,Bloqueante estructural,33.5
SYN-00754,Latinoamerica,1-5MW,Colocation,211,238,"Alertas automaticas, accion manual",55.67,3,Nunca se cruza la informacion,Solo un rol consolida manualmente,27.67,Energia<->Cooling,"No, es una apreciacion sin evidencia registrada",Se revisa periodicamente (ej. anual),25.0,,,,Anual,16.5,Presupuesto; Falta de personal capacitado,2,"Obstaculo fuerte, poco probable en el corto plazo",33.0
SYN-00755,Medio Oriente/Africa,5-20MW,Hyperscale,1239,829,No hay proceso definido,16.67,2,Diario,Cada equipo ve solo su capa,47.33,Energia<->Cooling,"No, es una apreciacion sin evidencia registrada",Se revisa periodicamente (ej. anual),25.0,,,,Nunca se remidio,0.0,Presupuesto; Falta de personal capacitado,2,"Obstaculo fuerte, poco probable en el corto plazo",33.0
SYN-00756,Asia-Pacifico,1-5MW,Enterprise,417,2301,Reporte periodico + revision manual,19.33,1,Semanal,Cualquier responsable puede verlas juntas,83.33,Workload<->Energia,"Solo estimacion aproximada, sin registro formal",Se revisa periodicamente (ej. anual),50.0,37.92,28.4,25.11,Trimestral o semestral,83.5,Presupuesto; Falta de personal capacitado,2,Bloqueante estructural,16.5
SYN-00757,Latinoamerica,5-20MW,Hyperscale,4,99,No hay proceso definido,50.0,3,Diario,Cada equipo ve solo su capa,36.0,Workload<->Energia,"Si, con reporte o medicion concreta",Se revisa periodicamente (ej. anual),75.0,,,,Nunca se remidio,0.0,Falta de autoridad/politica interna,1,"Obstaculo moderado, resoluble con esfuerzo",67.0
SYN-00758,Europa,>20MW,Hyperscale,94,192,Reporte periodico + revision manual,44.33,4,Semanal,Solo un rol consolida manualmente,33.33,Energia<->Cooling,"Solo estimacion aproximada, sin registro formal",Nunca se reviso desde la percepcion inicial,25.0,,,,Anual,16.5,Presupuesto; Falta de autoridad/politica interna,2,Bloqueante estructural,16.5
SYN-00759,Latinoamerica,>20MW,Enterprise,103,51,Reporte periodico + revision manual,52.67,2,Mensual o mas espaciado,Cada equipo ve solo su capa,30.67,Cooling<->Workload,"Solo estimacion aproximada, sin registro formal",Nunca se reviso desde la percepcion inicial,25.0,,,,Nunca se remidio,0.0,Presupuesto; Falta de personal capacitado,2,"Obstaculo moderado, resoluble con esfuerzo",50.0
SYN-00760,Medio Oriente/Africa,<1MW,Hyperscale,3194,1545,"Alertas automaticas, accion manual",22.33,4,Nunca se cruza la informacion,Cualquier responsable puede verlas juntas,33.33,Workload<->Energia,"Solo estimacion aproximada, sin registro formal",Se revisa periodicamente (ej. anual),50.0,,,,Trimestral o semestral,33.5,Falta de autoridad/politica interna,1,Bloqueante estructural,33.5
SYN-00761,Asia-Pacifico,5-20MW,Hyperscale,143,69,Reporte periodico + revision manual,44.33,3,Semanal,Cada equipo ve solo su capa,27.67,Workload<->Energia,"Solo estimacion aproximada, sin registro formal",Se revisa periodicamente (ej. anual),50.0,,,,Nunca se remidio,0.0,Presupuesto; Falta de personal capacitado,2,Bloqueante estructural,16.5
SYN-00762,Europa,>20MW,Edge,3247,840,No hay proceso definido,8.33,2,Tiempo real / continuo,Solo un rol consolida manualmente,72.33,Cooling<->Workload,"No, es una apreciacion sin evidencia registrada",Se revisa activamente con cada cambio relevante,50.0,,,,Trimestral o semestral,33.5,Falta de personal capacitado,1,"Obstaculo fuerte, poco probable en el corto plazo",50.0
SYN-00763,Norteamerica,1-5MW,Colocation,1958,97,No hay proceso definido,16.67,3,Mensual o mas espaciado,Cada equipo ve solo su capa,19.33,Energia<->Cooling,"No, es una apreciacion sin evidencia registrada",Nunca se reviso desde la percepcion inicial,0.0,,,,Anual,16.5,Presupuesto; Falta de autoridad/politica interna,2,"Obstaculo fuerte, poco probable en el corto plazo",33.0
SYN-00764,Latinoamerica,>20MW,Hyperscale,603,957,Reporte periodico + revision manual,27.67,2,Mensual o mas espaciado,Solo un rol consolida manualmente,47.33,Workload<->Energia,"Solo estimacion aproximada, sin registro formal",Se revisa periodicamente (ej. anual),50.0,,,,Nunca se remidio,0.0,Presupuesto,1,"Obstaculo fuerte, poco probable en el corto plazo",50.0
SYN-00765,Latinoamerica,>20MW,Colocation,1044,17,No hay proceso definido,33.33,4,Mensual o mas espaciado,Solo un rol consolida manualmente,25.0,Cooling<->Workload,"Solo estimacion aproximada, sin registro formal",Se revisa periodicamente (ej. anual),50.0,,,,Trimestral o semestral,33.5,Falta de herramientas tecnicas,1,No es un bloqueante real,83.5
SYN-00766,Europa,1-5MW,Colocation,1401,2317,No hay proceso definido,8.33,4,Nunca se cruza la informacion,Cada equipo ve solo su capa,0.0,Workload<->Energia,"No, es una apreciacion sin evidencia registrada",Nunca se reviso desde la percepcion inicial,0.0,,,,Trimestral o semestral,33.5,Falta de autoridad/politica interna; Falta de herramientas tecnicas,2,"Obstaculo fuerte, poco probable en el corto plazo",33.0
SYN-00767,Europa,1-5MW,Enterprise,871,92,Reporte periodico + revision manual,36.0,3,Mensual o mas espaciado,Cada equipo ve solo su capa,19.33,Energia<->Cooling,"No, es una apreciacion sin evidencia registrada",Se revisa periodicamente (ej. anual),25.0,,,,Nunca se remidio,0.0,Presupuesto; Falta de autoridad/politica interna,2,"Obstaculo fuerte, poco probable en el corto plazo",33.0
SYN-00768,Norteamerica,1-5MW,Edge,1433,108,Reporte periodico + revision manual,36.0,3,Diario,Solo un rol consolida manualmente,52.67,Workload<->Energia,"No, es una apreciacion sin evidencia registrada",Nunca se reviso desde la percepcion inicial,0.0,,,,Nunca se remidio,0.0,Presupuesto; Falta de personal capacitado,2,Bloqueante estructural,16.5
SYN-00769,Medio Oriente/Africa,1-5MW,Colocation,57,442,"Alertas automaticas, accion manual",55.67,3,Mensual o mas espaciado,Cada equipo ve solo su capa,19.33,Energia<->Cooling,"Solo estimacion aproximada, sin registro formal",Se revisa activamente con cada cambio relevante,75.0,46.14,42.48,7.93,Nunca se remidio,50.0,Presupuesto,1,"Obstaculo fuerte, poco probable en el corto plazo",50.0
SYN-00770,Asia-Pacifico,5-20MW,Colocation,197,76,No hay proceso definido,33.33,4,Nunca se cruza la informacion,Cada equipo ve solo su capa,0.0,Energia<->Cooling,"Si, con reporte o medicion concreta",Nunca se reviso desde la percepcion inicial,50.0,24.5,18.74,23.51,Continuamente / en tiempo real,100.0,"Nada, podriamos resolverlo",0,No es un bloqueante real,100.0
SYN-00771,Asia-Pacifico,1-5MW,Colocation,3777,1824,"Automatizado, sin intervencion humana",33.33,2,Mensual o mas espaciado,Cada equipo ve solo su capa,30.67,Workload<->Energia,"No, es una apreciacion sin evidencia registrada",Se revisa periodicamente (ej. anual),25.0,19.56,17.42,10.94,Nunca se remidio,50.0,Presupuesto; Falta de herramientas tecnicas; Falta de personal capacitado,3,"Obstaculo fuerte, poco probable en el corto plazo",16.5
SYN-00772,Latinoamerica,<1MW,Colocation,1264,13,"Alertas automaticas, accion manual",55.67,1,Diario,Solo un rol consolida manualmente,75.0,Energia<->Cooling,"Si, con reporte o medicion concreta",Nunca se reviso desde la percepcion inicial,50.0,,,,Anual,16.5,Presupuesto; Falta de herramientas tecnicas,2,"Obstaculo fuerte, poco probable en el corto plazo",33.0
SYN-00773,Norteamerica,<1MW,Hyperscale,87,17,"Automatizado, sin intervencion humana",75.0,3,Tiempo real / continuo,Cualquier responsable puede verlas juntas,77.67,Energia<->Cooling,"No, es una apreciacion sin evidencia registrada",Se revisa periodicamente (ej. anual),25.0,,,,Trimestral o semestral,33.5,Falta de herramientas tecnicas; Falta de personal capacitado,2,"Obstaculo moderado, resoluble con esfuerzo",50.0
SYN-00774,Latinoamerica,5-20MW,Colocation,607,858,No hay proceso definido,16.67,2,Nunca se cruza la informacion,Solo un rol consolida manualmente,39.0,Energia<->Cooling,"Solo estimacion aproximada, sin registro formal",Nunca se reviso desde la percepcion inicial,25.0,,,,Nunca se remidio,0.0,Presupuesto; Falta de autoridad/politica interna; Falta de herramientas tecnicas,3,Bloqueante estructural,0.0
SYN-00775,Europa,5-20MW,Edge,59,2234,No hay proceso definido,25.0,3,Nunca se cruza la informacion,Cada equipo ve solo su capa,11.0,Workload<->Energia,"Si, con reporte o medicion concreta",Nunca se reviso desde la percepcion inicial,50.0,,,,Nunca se remidio,0.0,Presupuesto; Falta de personal capacitado,2,"Obstaculo fuerte, poco probable en el corto plazo",33.0
SYN-00776,Latinoamerica,<1MW,Hyperscale,177,23,"Alertas automaticas, accion manual",64.0,4,Mensual o mas espaciado,Cada equipo ve solo su capa,8.33,Energia<->Cooling,"No, es una apreciacion sin evidencia registrada",Se revisa activamente con cada cambio relevante,50.0,,,,Trimestral o semestral,33.5,Presupuesto; Falta de herramientas tecnicas; Falta de personal capacitado,3,"Obstaculo fuerte, poco probable en el corto plazo",16.5
SYN-00777,Norteamerica,>20MW,Hyperscale,102,1382,Reporte periodico + revision manual,36.0,1,Mensual o mas espaciado,Cualquier responsable puede verlas juntas,75.0,Workload<->Energia,"No, es una apreciacion sin evidencia registrada",Se revisa periodicamente (ej. anual),25.0,,,,Continuamente / en tiempo real,50.0,Presupuesto; Falta de autoridad/politica interna; Falta de herramientas tecnicas,3,Bloqueante estructural,0.0
SYN-00778,Asia-Pacifico,5-20MW,Enterprise,2090,4244,No hay proceso definido,0.0,1,Mensual o mas espaciado,Cada equipo ve solo su capa,41.67,Energia<->Cooling,"Si, con reporte o medicion concreta",Se revisa activamente con cada cambio relevante,100.0,,,,Nunca se remidio,0.0,"Nada, podriamos resolverlo",0,No es un bloqueante real,100.0
SYN-00779,Latinoamerica,5-20MW,Hyperscale,212,953,Reporte periodico + revision manual,36.0,3,Diario,Solo un rol consolida manualmente,52.67,Cooling<->Workload,"Si, con reporte o medicion concreta",Nunca se reviso desde la percepcion inicial,50.0,,,,Anual,16.5,Presupuesto,1,"Obstaculo fuerte, poco probable en el corto plazo",50.0
SYN-00780,Norteamerica,1-5MW,Hyperscale,3130,446,Reporte periodico + revision manual,19.33,2,Nunca se cruza la informacion,Solo un rol consolida manualmente,39.0,Cooling<->Workload,"Si, con reporte o medicion concreta",Se revisa activamente con cada cambio relevante,100.0,44.15,33.51,24.1,Anual,66.5,Presupuesto; Falta de personal capacitado,2,"Obstaculo moderado, resoluble con esfuerzo",50.0
SYN-00781,Norteamerica,>20MW,Hyperscale,8,87,"Alertas automaticas, accion manual",64.0,3,Semanal,Cualquier responsable puede verlas juntas,61.0,Energia<->Cooling,"No, es una apreciacion sin evidencia registrada",Se revisa periodicamente (ej. anual),25.0,,,,Trimestral o semestral,33.5,Presupuesto; Falta de herramientas tecnicas,2,No es un bloqueante real,66.5
SYN-00782,Medio Oriente/Africa,>20MW,Colocation,196,1156,Reporte periodico + revision manual,36.0,3,Semanal,Cualquier responsable puede verlas juntas,61.0,Energia<->Cooling,"Si, con reporte o medicion concreta",Se revisa activamente con cada cambio relevante,100.0,,,,Nunca se remidio,0.0,Presupuesto,1,"Obstaculo fuerte, poco probable en el corto plazo",50.0
SYN-00783,Asia-Pacifico,>20MW,Edge,99,43,"Automatizado, sin intervencion humana",75.0,2,Diario,Cada equipo ve solo su capa,47.33,Energia<->Cooling,"Si, con reporte o medicion concreta",Se revisa periodicamente (ej. anual),75.0,,,,Trimestral o semestral,33.5,Falta de herramientas tecnicas; Falta de personal capacitado,2,"Obstaculo moderado, resoluble con esfuerzo",50.0
SYN-00784,Latinoamerica,>20MW,Edge,22,5,No hay proceso definido,58.33,3,Mensual o mas espaciado,Cada equipo ve solo su capa,19.33,Energia<->Cooling,"No, es una apreciacion sin evidencia registrada",Nunca se reviso desde la percepcion inicial,0.0,,,,Nunca se remidio,0.0,Presupuesto; Falta de autoridad/politica interna; Falta de herramientas tecnicas,3,"Obstaculo moderado, resoluble con esfuerzo",33.5
SYN-00785,Europa,<1MW,Enterprise,1268,4,"Alertas automaticas, accion manual",64.0,4,Nunca se cruza la informacion,Cada equipo ve solo su capa,0.0,Energia<->Cooling,"No, es una apreciacion sin evidencia registrada",Nunca se reviso desde la percepcion inicial,0.0,,,,Nunca se remidio,0.0,Presupuesto,1,"Obstaculo fuerte, poco probable en el corto plazo",50.0
SYN-00786,Medio Oriente/Africa,5-20MW,Hyperscale,158,2049,"Alertas automaticas, accion manual",39.0,2,Tiempo real / continuo,Solo un rol consolida manualmente,72.33,Energia<->Cooling,"Solo estimacion aproximada, sin registro formal",Se revisa activamente con cada cambio relevante,75.0,,,,Trimestral o semestral,33.5,"Nada, podriamos resolverlo",0,No es un bloqueante real,100.0
SYN-00787,Medio Oriente/Africa,<1MW,Edge,1715,781,"Alertas automaticas, accion manual",30.67,3,Nunca se cruza la informacion,Cada equipo ve solo su capa,11.0,Energia<->Cooling,"Solo estimacion aproximada, sin registro formal",Se revisa periodicamente (ej. anual),50.0,,,,Anual,16.5,Presupuesto; Falta de autoridad/politica interna; Falta de herramientas tecnicas; Falta de personal capacitado,4,"Obstaculo fuerte, poco probable en el corto plazo",16.5
SYN-00788,Norteamerica,5-20MW,Hyperscale,3676,1783,"Alertas automaticas, accion manual",22.33,3,Nunca se cruza la informacion,Cada equipo ve solo su capa,11.0,Cooling<->Workload,"No, es una apreciacion sin evidencia registrada",Nunca se reviso desde la percepcion inicial,0.0,,,,Trimestral o semestral,33.5,Presupuesto,1,"Obstaculo fuerte, poco probable en el corto plazo",50.0
SYN-00789,Medio Oriente/Africa,5-20MW,Hyperscale,1730,3075,No hay proceso definido,0.0,2,Diario,Cada equipo ve solo su capa,47.33,Cooling<->Workload,"No, es una apreciacion sin evidencia registrada",Se revisa periodicamente (ej. anual),25.0,,,,Nunca se remidio,0.0,"Nada, podriamos resolverlo",0,No es un bloqueante real,100.0
SYN-00790,Norteamerica,1-5MW,Hyperscale,2503,1098,Reporte periodico + revision manual,19.33,3,Diario,Cada equipo ve solo su capa,36.0,Workload<->Energia,"Solo estimacion aproximada, sin registro formal",Se revisa activamente con cada cambio relevante,75.0,,,,Continuamente / en tiempo real,50.0,Falta de autoridad/politica interna; Falta de herramientas tecnicas,2,"Obstaculo fuerte, poco probable en el corto plazo",33.0
SYN-00791,Medio Oriente/Africa,5-20MW,Colocation,1108,1274,"Alertas automaticas, accion manual",39.0,3,Semanal,Cada equipo ve solo su capa,27.67,Workload<->Energia,"No, es una apreciacion sin evidencia registrada",Nunca se reviso desde la percepcion inicial,0.0,4.5,3.84,14.67,Trimestral o semestral,83.5,"Nada, podriamos resolverlo",0,No es un bloqueante real,100.0
SYN-00792,Norteamerica,>20MW,Colocation,24,1373,Reporte periodico + revision manual,44.33,2,Semanal,Cualquier responsable puede verlas juntas,72.33,No sabria decir,No aplica,No aplica,0.0,,,,Nunca se remidio,0.0,Falta de herramientas tecnicas,1,Bloqueante estructural,33.5
SYN-00793,Latinoamerica,5-20MW,Edge,124,1120,"Automatizado, sin intervencion humana",58.33,3,Semanal,Cualquier responsable puede verlas juntas,61.0,Energia<->Cooling,"No, es una apreciacion sin evidencia registrada",Se revisa activamente con cada cambio relevante,50.0,58.91,39.76,32.51,Anual,66.5,"Nada, podriamos resolverlo",0,No es un bloqueante real,100.0
SYN-00794,Europa,<1MW,Colocation,163,1268,"Alertas automaticas, accion manual",47.33,1,Semanal,Cada equipo ve solo su capa,50.0,Energia<->Cooling,"Solo estimacion aproximada, sin registro formal",Nunca se reviso desde la percepcion inicial,25.0,,,,Nunca se remidio,0.0,Presupuesto; Falta de autoridad/politica interna; Falta de personal capacitado,3,"Obstaculo moderado, resoluble con esfuerzo",33.5
SYN-00795,Norteamerica,1-5MW,Enterprise,575,2278,No hay proceso definido,8.33,2,Semanal,Cada equipo ve solo su capa,39.0,Workload<->Energia,"Solo estimacion aproximada, sin registro formal",Nunca se reviso desde la percepcion inicial,25.0,16.76,13.55,19.15,Anual,66.5,Falta de autoridad/politica interna; Falta de herramientas tecnicas,2,"Obstaculo moderado, resoluble con esfuerzo",50.0
SYN-00796,Asia-Pacifico,>20MW,Colocation,218,26,No hay proceso definido,41.67,4,Mensual o mas espaciado,Solo un rol consolida manualmente,25.0,Workload<->Energia,"Solo estimacion aproximada, sin registro formal",Nunca se reviso desde la percepcion inicial,25.0,,,,Nunca se remidio,0.0,Falta de herramientas tecnicas,1,"Obstaculo fuerte, poco probable en el corto plazo",50.0
SYN-00797,Medio Oriente/Africa,<1MW,Hyperscale,3332,2036,"Automatizado, sin intervencion humana",33.33,1,Semanal,Cada equipo ve solo su capa,50.0,No sabria decir,No aplica,No aplica,0.0,,,,Nunca se remidio,0.0,"Nada, podriamos resolverlo",0,No es un bloqueante real,100.0
SYN-00798,Medio Oriente/Africa,>20MW,Colocation,1432,219,Reporte periodico + revision manual,36.0,2,Mensual o mas espaciado,Cada equipo ve solo su capa,30.67,Workload<->Energia,"No, es una apreciacion sin evidencia registrada",Se revisa periodicamente (ej. anual),25.0,,,,Nunca se remidio,0.0,Falta de autoridad/politica interna; Falta de herramientas tecnicas; Falta de personal capacitado,3,"Obstaculo fuerte, poco probable en el corto plazo",16.5
SYN-00799,Europa,<1MW,Edge,2450,1022,No hay proceso definido,8.33,1,Diario,Solo un rol consolida manualmente,75.0,Cooling<->Workload,"No, es una apreciacion sin evidencia registrada",Se revisa periodicamente (ej. anual),25.0,,,,Nunca se remidio,0.0,Falta de autoridad/politica interna; Falta de personal capacitado,2,Bloqueante estructural,16.5
SYN-00800,Europa,<1MW,Enterprise,214,37,"Automatizado, sin intervencion humana",75.0,1,Mensual o mas espaciado,Cada equipo ve solo su capa,41.67,Workload<->Energia,"Solo estimacion aproximada, sin registro formal",Nunca se reviso desde la percepcion inicial,25.0,,,,Continuamente / en tiempo real,50.0,Falta de personal capacitado,1,Bloqueante estructural,33.5
SYN-00801,Medio Oriente/Africa,>20MW,Edge,343,172,"Alertas automaticas, accion manual",47.33,1,Nunca se cruza la informacion,Solo un rol consolida manualmente,50.0,Cooling<->Workload,"Solo estimacion aproximada, sin registro formal",Nunca se reviso desde la percepcion inicial,25.0,,,,Nunca se remidio,0.0,"Nada, podriamos resolverlo",0,No es un bloqueante real,100.0
SYN-00802,Europa,1-5MW,Hyperscale,123,2954,"Alertas automaticas, accion manual",39.0,3,Semanal,Cualquier responsable puede verlas juntas,61.0,Workload<->Energia,"No, es una apreciacion sin evidencia registrada",Se revisa periodicamente (ej. anual),25.0,,,,Trimestral o semestral,33.5,"Nada, podriamos resolverlo",0,No es un bloqueante real,100.0
SYN-00803,Norteamerica,>20MW,Colocation,1926,24,"Alertas automaticas, accion manual",47.33,4,Mensual o mas espaciado,Cada equipo ve solo su capa,8.33,Cooling<->Workload,"No, es una apreciacion sin evidencia registrada",Se revisa periodicamente (ej. anual),25.0,20.33,16.01,21.25,Continuamente / en tiempo real,100.0,Presupuesto; Falta de autoridad/politica interna; Falta de herramientas tecnicas,3,"Obstaculo moderado, resoluble con esfuerzo",33.5
SYN-00804,Medio Oriente/Africa,5-20MW,Edge,1466,1340,"Automatizado, sin intervencion humana",41.67,3,Mensual o mas espaciado,Solo un rol consolida manualmente,36.0,Workload<->Energia,"No, es una apreciacion sin evidencia registrada",Se revisa activamente con cada cambio relevante,50.0,,,,Trimestral o semestral,33.5,"Nada, podriamos resolverlo",0,No es un bloqueante real,100.0
SYN-00805,Norteamerica,5-20MW,Edge,51,128,No hay proceso definido,41.67,3,Semanal,Cualquier responsable puede verlas juntas,61.0,Energia<->Cooling,"Solo estimacion aproximada, sin registro formal",Se revisa periodicamente (ej. anual),50.0,,,,Nunca se remidio,0.0,Falta de autoridad/politica interna,1,"Obstaculo fuerte, poco probable en el corto plazo",50.0
SYN-00806,Medio Oriente/Africa,<1MW,Edge,586,128,No hay proceso definido,25.0,2,Diario,Cada equipo ve solo su capa,47.33,Workload<->Energia,"Solo estimacion aproximada, sin registro formal",Se revisa periodicamente (ej. anual),50.0,,,,Nunca se remidio,0.0,Falta de autoridad/politica interna; Falta de herramientas tecnicas,2,"Obstaculo moderado, resoluble con esfuerzo",50.0
SYN-00807,Asia-Pacifico,5-20MW,Edge,98,1755,"Alertas automaticas, accion manual",39.0,4,Diario,Cada equipo ve solo su capa,25.0,Cooling<->Workload,"No, es una apreciacion sin evidencia registrada",Nunca se reviso desde la percepcion inicial,0.0,,,,Nunca se remidio,0.0,Falta de personal capacitado,1,"Obstaculo fuerte, poco probable en el corto plazo",50.0
SYN-00808,Latinoamerica,1-5MW,Colocation,581,303,"Alertas automaticas, accion manual",39.0,4,Mensual o mas espaciado,Cada equipo ve solo su capa,8.33,Workload<->Energia,"No, es una apreciacion sin evidencia registrada",Se revisa periodicamente (ej. anual),25.0,33.49,25.64,23.44,Nunca se remidio,50.0,Falta de herramientas tecnicas,1,"Obstaculo moderado, resoluble con esfuerzo",67.0
SYN-00809,Latinoamerica,1-5MW,Enterprise,1271,2533,No hay proceso definido,8.33,2,Nunca se cruza la informacion,Cada equipo ve solo su capa,22.33,Energia<->Cooling,"No, es una apreciacion sin evidencia registrada",Nunca se reviso desde la percepcion inicial,0.0,,,,Nunca se remidio,0.0,Presupuesto,1,"Obstaculo moderado, resoluble con esfuerzo",67.0
SYN-00810,Norteamerica,>20MW,Enterprise,2583,232,No hay proceso definido,16.67,2,Semanal,Cada equipo ve solo su capa,39.0,Energia<->Cooling,"Solo estimacion aproximada, sin registro formal",Se revisa periodicamente (ej. anual),50.0,36.96,29.69,19.67,Trimestral o semestral,83.5,Falta de herramientas tecnicas,1,Bloqueante estructural,33.5
SYN-00811,Asia-Pacifico,1-5MW,Hyperscale,35,3540,No hay proceso definido,25.0,4,Mensual o mas espaciado,Cada equipo ve solo su capa,8.33,Cooling<->Workload,"Solo estimacion aproximada, sin registro formal",Nunca se reviso desde la percepcion inicial,25.0,,,,Trimestral o semestral,33.5,Falta de herramientas tecnicas,1,"Obstaculo moderado, resoluble con esfuerzo",67.0
SYN-00812,Medio Oriente/Africa,1-5MW,Edge,59,96,"Alertas automaticas, accion manual",64.0,2,Nunca se cruza la informacion,Cada equipo ve solo su capa,22.33,No sabria decir,No aplica,No aplica,0.0,,,,Nunca se remidio,0.0,Falta de autoridad/politica interna; Falta de herramientas tecnicas; Falta de personal capacitado,3,"Obstaculo fuerte, poco probable en el corto plazo",16.5
SYN-00813,Europa,>20MW,Colocation,728,452,"Alertas automaticas, accion manual",39.0,2,Mensual o mas espaciado,Cada equipo ve solo su capa,30.67,Energia<->Cooling,"No, es una apreciacion sin evidencia registrada",Se revisa activamente con cada cambio relevante,50.0,,,,Trimestral o semestral,33.5,Presupuesto,1,"Obstaculo fuerte, poco probable en el corto plazo",50.0
SYN-00814,Europa,1-5MW,Colocation,58,17,"Alertas automaticas, accion manual",72.33,4,Tiempo real / continuo,Cada equipo ve solo su capa,33.33,Energia<->Cooling,"Solo estimacion aproximada, sin registro formal",Se revisa activamente con cada cambio relevante,75.0,,,,Anual,16.5,"Nada, podriamos resolverlo",0,No es un bloqueante real,100.0
SYN-00815,Latinoamerica,>20MW,Hyperscale,0,2216,Reporte periodico + revision manual,44.33,4,Semanal,Cada equipo ve solo su capa,16.67,Energia<->Cooling,"No, es una apreciacion sin evidencia registrada",Nunca se reviso desde la percepcion inicial,0.0,,,,Nunca se remidio,0.0,Presupuesto; Falta de herramientas tecnicas,2,"Obstaculo fuerte, poco probable en el corto plazo",33.0
SYN-00816,Medio Oriente/Africa,1-5MW,Colocation,165,3852,Reporte periodico + revision manual,27.67,3,Diario,Cualquier responsable puede verlas juntas,69.33,Workload<->Energia,"No, es una apreciacion sin evidencia registrada",Se revisa periodicamente (ej. anual),25.0,,,,Nunca se remidio,0.0,Presupuesto; Falta de herramientas tecnicas,2,"Obstaculo fuerte, poco probable en el corto plazo",33.0
SYN-00817,Latinoamerica,>20MW,Hyperscale,237,3,No hay proceso definido,50.0,3,Semanal,Cualquier responsable puede verlas juntas,61.0,Energia<->Cooling,"No, es una apreciacion sin evidencia registrada",Nunca se reviso desde la percepcion inicial,0.0,,,,Continuamente / en tiempo real,50.0,Presupuesto; Falta de personal capacitado,2,"Obstaculo moderado, resoluble con esfuerzo",50.0
SYN-00818,Latinoamerica,5-20MW,Hyperscale,212,219,Reporte periodico + revision manual,44.33,3,Tiempo real / continuo,Cada equipo ve solo su capa,44.33,Workload<->Energia,"Solo estimacion aproximada, sin registro formal",Se revisa periodicamente (ej. anual),50.0,,,,Trimestral o semestral,33.5,Presupuesto; Falta de personal capacitado,2,"Obstaculo fuerte, poco probable en el corto plazo",33.0
SYN-00819,Norteamerica,1-5MW,Edge,1306,3758,"Alertas automaticas, accion manual",30.67,3,Mensual o mas espaciado,Cada equipo ve solo su capa,19.33,Workload<->Energia,"Si, con reporte o medicion concreta",Se revisa activamente con cada cambio relevante,100.0,,,,Anual,16.5,Presupuesto,1,No es un bloqueante real,83.5
SYN-00820,Medio Oriente/Africa,1-5MW,Colocation,0,50,No hay proceso definido,58.33,3,Nunca se cruza la informacion,Cada equipo ve solo su capa,11.0,Cooling<->Workload,"No, es una apreciacion sin evidencia registrada",Se revisa activamente con cada cambio relevante,50.0,58.71,45.98,21.68,Nunca se remidio,50.0,Falta de autoridad/politica interna; Falta de herramientas tecnicas; Falta de personal capacitado,3,"Obstaculo fuerte, poco probable en el corto plazo",16.5
SYN-00821,Asia-Pacifico,5-20MW,Hyperscale,1176,84,No hay proceso definido,25.0,2,Semanal,Cada equipo ve solo su capa,39.0,Workload<->Energia,"Si, con reporte o medicion concreta",Nunca se reviso desde la percepcion inicial,50.0,,,,Nunca se remidio,0.0,Presupuesto,1,"Obstaculo fuerte, poco probable en el corto plazo",50.0
SYN-00822,Europa,1-5MW,Colocation,1218,211,"Automatizado, sin intervencion humana",58.33,1,Mensual o mas espaciado,Cada equipo ve solo su capa,41.67,Workload<->Energia,"No, es una apreciacion sin evidencia registrada",Se revisa periodicamente (ej. anual),25.0,,,,Trimestral o semestral,33.5,"Nada, podriamos resolverlo",0,No es un bloqueante real,100.0
SYN-00823,Norteamerica,5-20MW,Edge,499,4,"Alertas automaticas, accion manual",64.0,4,Semanal,Cada equipo ve solo su capa,16.67,Workload<->Energia,"Si, con reporte o medicion concreta",Nunca se reviso desde la percepcion inicial,50.0,25.16,19.57,22.22,Nunca se remidio,50.0,"Nada, podriamos resolverlo",0,No es un bloqueante real,100.0
SYN-00824,Europa,1-5MW,Enterprise,3366,3501,"Alertas automaticas, accion manual",22.33,3,Semanal,Cada equipo ve solo su capa,27.67,Workload<->Energia,"Si, con reporte o medicion concreta",Se revisa activamente con cada cambio relevante,100.0,,,,Nunca se remidio,0.0,Falta de autoridad/politica interna,1,"Obstaculo moderado, resoluble con esfuerzo",67.0
SYN-00825,Europa,>20MW,Hyperscale,199,2969,"Automatizado, sin intervencion humana",50.0,1,Nunca se cruza la informacion,Cada equipo ve solo su capa,33.33,Workload<->Energia,"No, es una apreciacion sin evidencia registrada",Se revisa activamente con cada cambio relevante,50.0,23.56,17.08,27.5,Anual,66.5,"Nada, podriamos resolverlo",0,No es un bloqueante real,100.0
SYN-00826,Latinoamerica,<1MW,Hyperscale,706,3245,"Automatizado, sin intervencion humana",41.67,3,Diario,Cualquier responsable puede verlas juntas,69.33,Energia<->Cooling,"Solo estimacion aproximada, sin registro formal",Se revisa periodicamente (ej. anual),50.0,57.5,44.54,22.54,Trimestral o semestral,83.5,Falta de herramientas tecnicas,1,Bloqueante estructural,33.5
SYN-00827,Medio Oriente/Africa,5-20MW,Enterprise,226,42,Reporte periodico + revision manual,52.67,3,Mensual o mas espaciado,Solo un rol consolida manualmente,36.0,Workload<->Energia,"Solo estimacion aproximada, sin registro formal",Nunca se reviso desde la percepcion inicial,25.0,,,,Anual,16.5,Presupuesto; Falta de herramientas tecnicas,2,"Obstaculo fuerte, poco probable en el corto plazo",33.0
SYN-00828,Europa,>20MW,Colocation,3646,55,No hay proceso definido,25.0,1,Semanal,Cualquier responsable puede verlas juntas,83.33,Energia<->Cooling,"No, es una apreciacion sin evidencia registrada",Nunca se reviso desde la percepcion inicial,0.0,12.62,10.61,15.93,Nunca se remidio,50.0,"Nada, podriamos resolverlo",0,No es un bloqueante real,100.0
SYN-00829,Europa,5-20MW,Colocation,76,130,No hay proceso definido,33.33,3,Mensual o mas espaciado,Solo un rol consolida manualmente,36.0,Cooling<->Workload,"Solo estimacion aproximada, sin registro formal",Nunca se reviso desde la percepcion inicial,25.0,,,,Trimestral o semestral,33.5,Presupuesto; Falta de autoridad/politica interna; Falta de personal capacitado,3,Bloqueante estructural,0.0
SYN-00830,Latinoamerica,5-20MW,Edge,3653,2,"Automatizado, sin intervencion humana",66.67,4,Nunca se cruza la informacion,Cada equipo ve solo su capa,0.0,Energia<->Cooling,"Solo estimacion aproximada, sin registro formal",Se revisa periodicamente (ej. anual),50.0,57.73,43.97,23.84,Trimestral o semestral,83.5,Falta de herramientas tecnicas; Falta de personal capacitado,2,Bloqueante estructural,16.5
SYN-00831,Asia-Pacifico,<1MW,Hyperscale,874,449,No hay proceso definido,16.67,1,Diario,Cualquier responsable puede verlas juntas,91.67,Workload<->Energia,"No, es una apreciacion sin evidencia registrada",Se revisa activamente con cada cambio relevante,50.0,,,,Continuamente / en tiempo real,50.0,Presupuesto; Falta de autoridad/politica interna,2,"Obstaculo moderado, resoluble con esfuerzo",50.0
SYN-00832,Europa,1-5MW,Hyperscale,219,120,Reporte periodico + revision manual,44.33,4,Semanal,Cada equipo ve solo su capa,16.67,Workload<->Energia,"No, es una apreciacion sin evidencia registrada",Nunca se reviso desde la percepcion inicial,0.0,,,,Trimestral o semestral,33.5,"Nada, podriamos resolverlo",0,No es un bloqueante real,100.0
SYN-00833,Norteamerica,<1MW,Colocation,4306,1764,Reporte periodico + revision manual,11.0,2,Nunca se cruza la informacion,Cada equipo ve solo su capa,22.33,No sabria decir,No aplica,No aplica,0.0,,,,Nunca se remidio,0.0,"Nada, podriamos resolverlo",0,No es un bloqueante real,100.0
SYN-00834,Asia-Pacifico,<1MW,Edge,187,34,No hay proceso definido,41.67,4,Mensual o mas espaciado,Cada equipo ve solo su capa,8.33,No sabria decir,No aplica,No aplica,0.0,,,,Nunca se remidio,0.0,Presupuesto; Falta de autoridad/politica interna; Falta de herramientas tecnicas,3,"Obstaculo moderado, resoluble con esfuerzo",33.5
SYN-00835,Norteamerica,>20MW,Enterprise,3988,138,No hay proceso definido,16.67,1,Mensual o mas espaciado,Cada equipo ve solo su capa,41.67,Energia<->Cooling,"Solo estimacion aproximada, sin registro formal",Nunca se reviso desde la percepcion inicial,25.0,,,,Anual,16.5,Presupuesto; Falta de personal capacitado,2,"Obstaculo fuerte, poco probable en el corto plazo",33.0
SYN-00836,Medio Oriente/Africa,<1MW,Colocation,2820,3966,No hay proceso definido,0.0,4,Semanal,Cada equipo ve solo su capa,16.67,Energia<->Cooling,"Solo estimacion aproximada, sin registro formal",Nunca se reviso desde la percepcion inicial,25.0,22.96,17.21,25.04,Nunca se remidio,50.0,"Nada, podriamos resolverlo",0,No es un bloqueante real,100.0
SYN-00837,Latinoamerica,<1MW,Hyperscale,1140,331,No hay proceso definido,16.67,4,Nunca se cruza la informacion,Cada equipo ve solo su capa,0.0,Workload<->Energia,"Si, con reporte o medicion concreta",Nunca se reviso desde la percepcion inicial,50.0,13.24,10.1,23.72,Nunca se remidio,50.0,Presupuesto,1,No es un bloqueante real,83.5
SYN-00838,Latinoamerica,>20MW,Edge,101,63,"Alertas automaticas, accion manual",55.67,3,Nunca se cruza la informacion,Cualquier responsable puede verlas juntas,44.33,Energia<->Cooling,"Solo estimacion aproximada, sin registro formal",Se revisa periodicamente (ej. anual),50.0,,,,Trimestral o semestral,33.5,Presupuesto; Falta de herramientas tecnicas; Falta de personal capacitado,3,"Obstaculo moderado, resoluble con esfuerzo",33.5
SYN-00839,Medio Oriente/Africa,1-5MW,Colocation,871,85,"Automatizado, sin intervencion humana",58.33,3,Tiempo real / continuo,Cualquier responsable puede verlas juntas,77.67,Workload<->Energia,"Solo estimacion aproximada, sin registro formal",Nunca se reviso desde la percepcion inicial,25.0,,,,Continuamente / en tiempo real,50.0,"Nada, podriamos resolverlo",0,No es un bloqueante real,100.0
SYN-00840,Europa,<1MW,Colocation,1918,31,Reporte periodico + revision manual,36.0,4,Mensual o mas espaciado,Cualquier responsable puede verlas juntas,41.67,Workload<->Energia,"Solo estimacion aproximada, sin registro formal",Nunca se reviso desde la percepcion inicial,25.0,,,,Anual,16.5,"Nada, podriamos resolverlo",0,No es un bloqueante real,100.0
SYN-00841,Asia-Pacifico,1-5MW,Hyperscale,53,1108,Reporte periodico + revision manual,44.33,3,Semanal,Cada equipo ve solo su capa,27.67,Cooling<->Workload,"No, es una apreciacion sin evidencia registrada",Se revisa activamente con cada cambio relevante,50.0,42.26,35.8,15.29,Trimestral o semestral,83.5,Presupuesto,1,"Obstaculo moderado, resoluble con esfuerzo",67.0
SYN-00842,Latinoamerica,<1MW,Hyperscale,2104,201,"Automatizado, sin intervencion humana",50.0,2,Mensual o mas espaciado,Solo un rol consolida manualmente,47.33,Workload<->Energia,"No, es una apreciacion sin evidencia registrada",Nunca se reviso desde la percepcion inicial,0.0,54.6,41.24,24.47,Anual,66.5,Presupuesto; Falta de personal capacitado,2,"Obstaculo fuerte, poco probable en el corto plazo",33.0
SYN-00843,Norteamerica,>20MW,Hyperscale,1271,198,Reporte periodico + revision manual,36.0,3,Diario,Cada equipo ve solo su capa,36.0,Energia<->Cooling,"No, es una apreciacion sin evidencia registrada",Nunca se reviso desde la percepcion inicial,0.0,,,,Nunca se remidio,0.0,Presupuesto; Falta de herramientas tecnicas; Falta de personal capacitado,3,Bloqueante estructural,0.0
SYN-00844,Asia-Pacifico,1-5MW,Edge,683,30,No hay proceso definido,33.33,2,Nunca se cruza la informacion,Solo un rol consolida manualmente,39.0,Energia<->Cooling,"Solo estimacion aproximada, sin registro formal",Se revisa periodicamente (ej. anual),50.0,,,,Nunca se remidio,0.0,Falta de herramientas tecnicas,1,"Obstaculo fuerte, poco probable en el corto plazo",50.0
SYN-00845,Norteamerica,<1MW,Colocation,844,709,"Alertas automaticas, accion manual",39.0,4,Diario,Cualquier responsable puede verlas juntas,58.33,Energia<->Cooling,"No, es una apreciacion sin evidencia registrada",Nunca se reviso desde la percepcion inicial,0.0,,,,Nunca se remidio,0.0,Falta de herramientas tecnicas,1,Bloqueante estructural,33.5
SYN-00846,Medio Oriente/Africa,1-5MW,Hyperscale,267,46,"Alertas automaticas, accion manual",55.67,1,Nunca se cruza la informacion,Cada equipo ve solo su capa,33.33,Energia<->Cooling,"Si, con reporte o medicion concreta",Nunca se reviso desde la percepcion inicial,50.0,,,,Nunca se remidio,0.0,Presupuesto; Falta de herramientas tecnicas,2,No es un bloqueante real,66.5
SYN-00847,Europa,<1MW,Edge,73,162,"Alertas automaticas, accion manual",55.67,3,Nunca se cruza la informacion,Solo un rol consolida manualmente,27.67,Workload<->Energia,"Solo estimacion aproximada, sin registro formal",Nunca se reviso desde la percepcion inicial,25.0,,,,Anual,16.5,Falta de autoridad/politica interna; Falta de personal capacitado,2,"Obstaculo moderado, resoluble con esfuerzo",50.0
SYN-00848,Norteamerica,1-5MW,Hyperscale,236,1744,Reporte periodico + revision manual,27.67,3,Mensual o mas espaciado,Cada equipo ve solo su capa,19.33,Energia<->Cooling,"No, es una apreciacion sin evidencia registrada",Se revisa periodicamente (ej. anual),25.0,47.54,37.47,21.18,Nunca se remidio,50.0,Falta de autoridad/politica interna; Falta de personal capacitado,2,"Obstaculo fuerte, poco probable en el corto plazo",33.0
SYN-00849,Europa,<1MW,Edge,1267,31,Reporte periodico + revision manual,44.33,3,Nunca se cruza la informacion,Cada equipo ve solo su capa,11.0,No sabria decir,No aplica,No aplica,0.0,,,,Nunca se remidio,0.0,Falta de autoridad/politica interna,1,"Obstaculo moderado, resoluble con esfuerzo",67.0
SYN-00850,Medio Oriente/Africa,>20MW,Enterprise,138,762,Reporte periodico + revision manual,36.0,1,Nunca se cruza la informacion,Solo un rol consolida manualmente,50.0,Energia<->Cooling,"Solo estimacion aproximada, sin registro formal",Nunca se reviso desde la percepcion inicial,25.0,,,,Nunca se remidio,0.0,Presupuesto; Falta de autoridad/politica interna; Falta de personal capacitado,3,"Obstaculo moderado, resoluble con esfuerzo",33.5
SYN-00851,Europa,>20MW,Colocation,91,15,"Alertas automaticas, accion manual",64.0,4,Mensual o mas espaciado,Cada equipo ve solo su capa,8.33,Workload<->Energia,"No, es una apreciacion sin evidencia registrada",Nunca se reviso desde la percepcion inicial,0.0,,,,Nunca se remidio,0.0,Presupuesto,1,No es un bloqueante real,83.5
SYN-00852,Latinoamerica,<1MW,Edge,21,414,No hay proceso definido,33.33,3,Semanal,Solo un rol consolida manualmente,44.33,Cooling<->Workload,"No, es una apreciacion sin evidencia registrada",Nunca se reviso desde la percepcion inicial,0.0,,,,Nunca se remidio,0.0,Presupuesto,1,"Obstaculo fuerte, poco probable en el corto plazo",50.0
SYN-00853,Asia-Pacifico,1-5MW,Colocation,112,1583,No hay proceso definido,16.67,2,Diario,Cada equipo ve solo su capa,47.33,Workload<->Energia,"Solo estimacion aproximada, sin registro formal",Se revisa periodicamente (ej. anual),50.0,,,,Nunca se remidio,0.0,Presupuesto,1,"Obstaculo fuerte, poco probable en el corto plazo",50.0
SYN-00854,Asia-Pacifico,>20MW,Enterprise,1063,790,No hay proceso definido,16.67,4,Nunca se cruza la informacion,Solo un rol consolida manualmente,16.67,Energia<->Cooling,"No, es una apreciacion sin evidencia registrada",Se revisa periodicamente (ej. anual),25.0,,,,Nunca se remidio,0.0,Presupuesto; Falta de autoridad/politica interna,2,"Obstaculo fuerte, poco probable en el corto plazo",33.0
SYN-00855,Norteamerica,>20MW,Colocation,1959,27,"Alertas automaticas, accion manual",47.33,1,Mensual o mas espaciado,Cualquier responsable puede verlas juntas,75.0,Energia<->Cooling,"No, es una apreciacion sin evidencia registrada",Nunca se reviso desde la percepcion inicial,0.0,,,,Anual,16.5,Falta de autoridad/politica interna; Falta de personal capacitado,2,Bloqueante estructural,16.5
SYN-00856,Asia-Pacifico,>20MW,Edge,175,60,No hay proceso definido,41.67,1,Nunca se cruza la informacion,Solo un rol consolida manualmente,50.0,Energia<->Cooling,"No, es una apreciacion sin evidencia registrada",Nunca se reviso desde la percepcion inicial,0.0,12.53,7.79,37.83,Trimestral o semestral,83.5,Falta de autoridad/politica interna; Falta de personal capacitado,2,"Obstaculo fuerte, poco probable en el corto plazo",33.0
SYN-00857,Europa,1-5MW,Colocation,1917,142,No hay proceso definido,16.67,2,Nunca se cruza la informacion,Solo un rol consolida manualmente,39.0,Cooling<->Workload,"No, es una apreciacion sin evidencia registrada",Se revisa periodicamente (ej. anual),25.0,54.63,41.45,24.13,Nunca se remidio,50.0,"Nada, podriamos resolverlo",0,No es un bloqueante real,100.0
SYN-00858,Europa,1-5MW,Hyperscale,52,430,No hay proceso definido,33.33,3,Semanal,Solo un rol consolida manualmente,44.33,Workload<->Energia,"No, es una apreciacion sin evidencia registrada",Nunca se reviso desde la percepcion inicial,0.0,53.57,42.12,21.37,Anual,66.5,Presupuesto; Falta de autoridad/politica interna,2,"Obstaculo fuerte, poco probable en el corto plazo",33.0
SYN-00859,Norteamerica,>20MW,Colocation,576,4212,"Automatizado, sin intervencion humana",41.67,3,Nunca se cruza la informacion,Cada equipo ve solo su capa,11.0,Workload<->Energia,"Solo estimacion aproximada, sin registro formal",Se revisa periodicamente (ej. anual),50.0,,,,Nunca se remidio,0.0,Presupuesto; Falta de autoridad/politica interna; Falta de herramientas tecnicas,3,"Obstaculo moderado, resoluble con esfuerzo",33.5
SYN-00860,Norteamerica,<1MW,Enterprise,3240,1698,"Automatizado, sin intervencion humana",33.33,4,Semanal,Cada equipo ve solo su capa,16.67,No sabria decir,No aplica,No aplica,0.0,55.4,49.61,10.45,Nunca se remidio,50.0,Presupuesto; Falta de autoridad/politica interna,2,"Obstaculo moderado, resoluble con esfuerzo",50.0
SYN-00861,Latinoamerica,<1MW,Enterprise,207,493,No hay proceso definido,25.0,2,Semanal,Cada equipo ve solo su capa,39.0,Workload<->Energia,"Solo estimacion aproximada, sin registro formal",Se revisa activamente con cada cambio relevante,75.0,9.05,6.9,23.76,Anual,66.5,Presupuesto,1,Bloqueante estructural,33.5
SYN-00862,Norteamerica,1-5MW,Edge,945,29,No hay proceso definido,33.33,3,Nunca se cruza la informacion,Cada equipo ve solo su capa,11.0,Energia<->Cooling,"Solo estimacion aproximada, sin registro formal",Se revisa activamente con cada cambio relevante,75.0,,,,Nunca se remidio,0.0,Presupuesto; Falta de herramientas tecnicas,2,"Obstaculo fuerte, poco probable en el corto plazo",33.0
SYN-00863,Norteamerica,5-20MW,Enterprise,4272,695,No hay proceso definido,8.33,2,Semanal,Solo un rol consolida manualmente,55.67,Cooling<->Workload,"No, es una apreciacion sin evidencia registrada",Se revisa periodicamente (ej. anual),25.0,4.84,3.63,25.0,Trimestral o semestral,83.5,Falta de herramientas tecnicas,1,"Obstaculo moderado, resoluble con esfuerzo",67.0
SYN-00864,Europa,>20MW,Hyperscale,37,31,"Automatizado, sin intervencion humana",83.33,3,Nunca se cruza la informacion,Cada equipo ve solo su capa,11.0,Energia<->Cooling,"No, es una apreciacion sin evidencia registrada",Nunca se reviso desde la percepcion inicial,0.0,,,,Trimestral o semestral,33.5,Presupuesto,1,"Obstaculo fuerte, poco probable en el corto plazo",50.0
SYN-00865,Asia-Pacifico,5-20MW,Edge,905,128,"Alertas automaticas, accion manual",47.33,2,Nunca se cruza la informacion,Solo un rol consolida manualmente,39.0,Workload<->Energia,"Solo estimacion aproximada, sin registro formal",Nunca se reviso desde la percepcion inicial,25.0,,,,Anual,16.5,Falta de herramientas tecnicas,1,"Obstaculo moderado, resoluble con esfuerzo",67.0
SYN-00866,Medio Oriente/Africa,1-5MW,Colocation,28,157,"Alertas automaticas, accion manual",64.0,4,Nunca se cruza la informacion,Solo un rol consolida manualmente,16.67,Energia<->Cooling,"Si, con reporte o medicion concreta",Se revisa periodicamente (ej. anual),75.0,,,,Nunca se remidio,0.0,Falta de herramientas tecnicas,1,"Obstaculo moderado, resoluble con esfuerzo",67.0
SYN-00867,Norteamerica,5-20MW,Edge,1248,121,"Automatizado, sin intervencion humana",58.33,3,Semanal,Cada equipo ve solo su capa,27.67,Energia<->Cooling,"Si, con reporte o medicion concreta",Nunca se reviso desde la percepcion inicial,50.0,53.53,41.68,22.14,Continuamente / en tiempo real,100.0,Falta de autoridad/politica interna,1,"Obstaculo moderado, resoluble con esfuerzo",67.0
SYN-00868,Latinoamerica,1-5MW,Edge,1031,52,"Alertas automaticas, accion manual",55.67,3,Semanal,Solo un rol consolida manualmente,44.33,Energia<->Cooling,"Solo estimacion aproximada, sin registro formal",Nunca se reviso desde la percepcion inicial,25.0,7.02,5.0,28.77,Continuamente / en tiempo real,100.0,Falta de personal capacitado,1,"Obstaculo fuerte, poco probable en el corto plazo",50.0
SYN-00869,Norteamerica,>20MW,Colocation,1164,973,No hay proceso definido,16.67,1,Nunca se cruza la informacion,Cada equipo ve solo su capa,33.33,Energia<->Cooling,"Solo estimacion aproximada, sin registro formal",Nunca se reviso desde la percepcion inicial,25.0,,,,Continuamente / en tiempo real,50.0,Falta de herramientas tecnicas,1,"Obstaculo moderado, resoluble con esfuerzo",67.0
SYN-00870,Norteamerica,1-5MW,Colocation,1121,3981,Reporte periodico + revision manual,19.33,3,Mensual o mas espaciado,Solo un rol consolida manualmente,36.0,Cooling<->Workload,"Solo estimacion aproximada, sin registro formal",Se revisa periodicamente (ej. anual),50.0,30.45,23.87,21.61,Anual,66.5,Presupuesto; Falta de personal capacitado,2,"Obstaculo fuerte, poco probable en el corto plazo",33.0
SYN-00871,Norteamerica,>20MW,Enterprise,1327,1214,No hay proceso definido,16.67,3,Semanal,Cada equipo ve solo su capa,27.67,Energia<->Cooling,"No, es una apreciacion sin evidencia registrada",Nunca se reviso desde la percepcion inicial,0.0,,,,Nunca se remidio,0.0,Presupuesto,1,"Obstaculo moderado, resoluble con esfuerzo",67.0
SYN-00872,Norteamerica,5-20MW,Colocation,98,0,Reporte periodico + revision manual,61.0,3,Tiempo real / continuo,Solo un rol consolida manualmente,61.0,Workload<->Energia,"Solo estimacion aproximada, sin registro formal",Se revisa periodicamente (ej. anual),50.0,,,,Nunca se remidio,0.0,Presupuesto; Falta de autoridad/politica interna; Falta de herramientas tecnicas; Falta de personal capacitado,4,Bloqueante estructural,0.0
SYN-00873,Latinoamerica,>20MW,Enterprise,231,1257,Reporte periodico + revision manual,36.0,3,Mensual o mas espaciado,Cada equipo ve solo su capa,19.33,Workload<->Energia,"Si, con reporte o medicion concreta",Nunca se reviso desde la percepcion inicial,50.0,,,,Anual,16.5,Falta de autoridad/politica interna; Falta de personal capacitado,2,"Obstaculo fuerte, poco probable en el corto plazo",33.0
SYN-00874,Asia-Pacifico,5-20MW,Colocation,318,1031,No hay proceso definido,16.67,3,Mensual o mas espaciado,Cada equipo ve solo su capa,19.33,Cooling<->Workload,"Si, con reporte o medicion concreta",Nunca se reviso desde la percepcion inicial,50.0,,,,Trimestral o semestral,33.5,Falta de autoridad/politica interna; Falta de herramientas tecnicas,2,"Obstaculo fuerte, poco probable en el corto plazo",33.0
SYN-00875,Norteamerica,1-5MW,Enterprise,102,1188,Reporte periodico + revision manual,36.0,2,Semanal,Cada equipo ve solo su capa,39.0,Workload<->Energia,"No, es una apreciacion sin evidencia registrada",Nunca se reviso desde la percepcion inicial,0.0,,,,Nunca se remidio,0.0,Falta de autoridad/politica interna,1,"Obstaculo fuerte, poco probable en el corto plazo",50.0
SYN-00876,Latinoamerica,1-5MW,Enterprise,2513,2637,No hay proceso definido,0.0,2,Semanal,Cualquier responsable puede verlas juntas,72.33,Workload<->Energia,"No, es una apreciacion sin evidencia registrada",Se revisa periodicamente (ej. anual),25.0,,,,Nunca se remidio,0.0,Falta de autoridad/politica interna,1,"Obstaculo moderado, resoluble con esfuerzo",67.0
SYN-00877,Latinoamerica,5-20MW,Colocation,793,2521,"Automatizado, sin intervencion humana",41.67,4,Nunca se cruza la informacion,Cada equipo ve solo su capa,0.0,Energia<->Cooling,"Solo estimacion aproximada, sin registro formal",Nunca se reviso desde la percepcion inicial,25.0,,,,Trimestral o semestral,33.5,Falta de herramientas tecnicas,1,Bloqueante estructural,33.5
SYN-00878,Medio Oriente/Africa,5-20MW,Hyperscale,87,3779,Reporte periodico + revision manual,27.67,1,Diario,Cada equipo ve solo su capa,58.33,Workload<->Energia,"Solo estimacion aproximada, sin registro formal",Se revisa periodicamente (ej. anual),50.0,,,,Anual,16.5,Presupuesto,1,Bloqueante estructural,33.5
SYN-00879,Europa,1-5MW,Hyperscale,71,206,Reporte periodico + revision manual,44.33,2,Nunca se cruza la informacion,Cualquier responsable puede verlas juntas,55.67,Workload<->Energia,"No, es una apreciacion sin evidencia registrada",Nunca se reviso desde la percepcion inicial,0.0,44.76,35.88,19.84,Trimestral o semestral,83.5,"Nada, podriamos resolverlo",0,No es un bloqueante real,100.0
SYN-00880,Medio Oriente/Africa,>20MW,Colocation,147,1206,No hay proceso definido,25.0,3,Semanal,Cada equipo ve solo su capa,27.67,No sabria decir,No aplica,No aplica,0.0,,,,Nunca se remidio,0.0,Presupuesto; Falta de autoridad/politica interna; Falta de herramientas tecnicas; Falta de personal capacitado,4,"Obstaculo moderado, resoluble con esfuerzo",33.5
SYN-00881,Latinoamerica,1-5MW,Hyperscale,40,339,No hay proceso definido,33.33,2,Diario,Cada equipo ve solo su capa,47.33,Energia<->Cooling,"No, es una apreciacion sin evidencia registrada",Se revisa activamente con cada cambio relevante,50.0,,,,Trimestral o semestral,33.5,Presupuesto; Falta de autoridad/politica interna,2,No es un bloqueante real,66.5
SYN-00882,Europa,>20MW,Edge,1052,1347,No hay proceso definido,16.67,1,Nunca se cruza la informacion,Cada equipo ve solo su capa,33.33,Workload<->Energia,"No, es una apreciacion sin evidencia registrada",Nunca se reviso desde la percepcion inicial,0.0,,,,Trimestral o semestral,33.5,Falta de herramientas tecnicas,1,"Obstaculo moderado, resoluble con esfuerzo",67.0
SYN-00883,Latinoamerica,>20MW,Enterprise,22,8,Reporte periodico + revision manual,61.0,4,Diario,Solo un rol consolida manualmente,41.67,Workload<->Energia,"No, es una apreciacion sin evidencia registrada",Nunca se reviso desde la percepcion inicial,0.0,49.27,36.5,25.92,Nunca se remidio,50.0,Presupuesto; Falta de autoridad/politica interna; Falta de herramientas tecnicas,3,"Obstaculo fuerte, poco probable en el corto plazo",16.5
SYN-00884,Europa,1-5MW,Colocation,15,719,"Automatizado, sin intervencion humana",66.67,1,Semanal,Cada equipo ve solo su capa,50.0,Energia<->Cooling,"Solo estimacion aproximada, sin registro formal",Se revisa activamente con cada cambio relevante,75.0,13.44,11.39,15.25,Nunca se remidio,50.0,Presupuesto,1,Bloqueante estructural,33.5
SYN-00885,Latinoamerica,>20MW,Colocation,952,886,"Alertas automaticas, accion manual",39.0,3,Diario,Cada equipo ve solo su capa,36.0,Energia<->Cooling,"Si, con reporte o medicion concreta",Nunca se reviso desde la percepcion inicial,50.0,,,,Nunca se remidio,0.0,Falta de autoridad/politica interna; Falta de personal capacitado,2,"Obstaculo moderado, resoluble con esfuerzo",50.0
SYN-00886,Europa,<1MW,Colocation,1179,57,Reporte periodico + revision manual,44.33,3,Nunca se cruza la informacion,Cada equipo ve solo su capa,11.0,Energia<->Cooling,"No, es una apreciacion sin evidencia registrada",Nunca se reviso desde la percepcion inicial,0.0,,,,Trimestral o semestral,33.5,Presupuesto; Falta de autoridad/politica interna,2,"Obstaculo fuerte, poco probable en el corto plazo",33.0
SYN-00887,Asia-Pacifico,>20MW,Hyperscale,3391,1255,Reporte periodico + revision manual,19.33,2,Diario,Cada equipo ve solo su capa,47.33,Workload<->Energia,"No, es una apreciacion sin evidencia registrada",Nunca se reviso desde la percepcion inicial,0.0,22.87,16.65,27.2,Anual,66.5,Presupuesto; Falta de herramientas tecnicas,2,"Obstaculo fuerte, poco probable en el corto plazo",33.0
SYN-00888,Asia-Pacifico,<1MW,Colocation,44,4,No hay proceso definido,58.33,2,Semanal,Cada equipo ve solo su capa,39.0,Workload<->Energia,"No, es una apreciacion sin evidencia registrada",Nunca se reviso desde la percepcion inicial,0.0,16.35,12.67,22.51,Nunca se remidio,50.0,Falta de herramientas tecnicas; Falta de personal capacitado,2,Bloqueante estructural,16.5
SYN-00889,Norteamerica,>20MW,Hyperscale,149,3705,Reporte periodico + revision manual,27.67,4,Mensual o mas espaciado,Cada equipo ve solo su capa,8.33,Workload<->Energia,"No, es una apreciacion sin evidencia registrada",Se revisa periodicamente (ej. anual),25.0,49.81,36.03,27.67,Trimestral o semestral,83.5,Presupuesto; Falta de herramientas tecnicas; Falta de personal capacitado,3,"Obstaculo moderado, resoluble con esfuerzo",33.5
SYN-00890,Medio Oriente/Africa,5-20MW,Enterprise,26,465,Reporte periodico + revision manual,44.33,2,Diario,Solo un rol consolida manualmente,64.0,Energia<->Cooling,"Solo estimacion aproximada, sin registro formal",Se revisa periodicamente (ej. anual),50.0,,,,Trimestral o semestral,33.5,Presupuesto; Falta de autoridad/politica interna; Falta de herramientas tecnicas,3,"Obstaculo fuerte, poco probable en el corto plazo",16.5
SYN-00891,Asia-Pacifico,5-20MW,Edge,2228,1447,No hay proceso definido,0.0,4,Semanal,Solo un rol consolida manualmente,33.33,Energia<->Cooling,"No, es una apreciacion sin evidencia registrada",Nunca se reviso desde la percepcion inicial,0.0,,,,Nunca se remidio,0.0,Presupuesto; Falta de personal capacitado,2,"Obstaculo fuerte, poco probable en el corto plazo",33.0
SYN-00892,Europa,<1MW,Enterprise,1014,956,"Automatizado, sin intervencion humana",50.0,4,Semanal,Cada equipo ve solo su capa,16.67,Cooling<->Workload,"Solo estimacion aproximada, sin registro formal",Nunca se reviso desde la percepcion inicial,25.0,26.77,21.44,19.91,Nunca se remidio,50.0,Falta de herramientas tecnicas,1,"Obstaculo fuerte, poco probable en el corto plazo",50.0
SYN-00893,Asia-Pacifico,1-5MW,Colocation,3764,32,"Automatizado, sin intervencion humana",58.33,3,Mensual o mas espaciado,Cualquier responsable puede verlas juntas,52.67,Workload<->Energia,"Si, con reporte o medicion concreta",Se revisa periodicamente (ej. anual),75.0,,,,Trimestral o semestral,33.5,Falta de autoridad/politica interna,1,Bloqueante estructural,33.5
SYN-00894,Latinoamerica,1-5MW,Hyperscale,26,231,No hay proceso definido,41.67,3,Semanal,Solo un rol consolida manualmente,44.33,Workload<->Energia,"Solo estimacion aproximada, sin registro formal",Se revisa periodicamente (ej. anual),50.0,,,,Nunca se remidio,0.0,Falta de herramientas tecnicas,1,"Obstaculo moderado, resoluble con esfuerzo",67.0
SYN-00895,Asia-Pacifico,<1MW,Enterprise,19,697,No hay proceso definido,33.33,4,Tiempo real / continuo,Solo un rol consolida manualmente,50.0,Cooling<->Workload,"No, es una apreciacion sin evidencia registrada",Nunca se reviso desde la percepcion inicial,0.0,49.5,40.32,18.55,Continuamente / en tiempo real,100.0,Falta de autoridad/politica interna,1,"Obstaculo fuerte, poco probable en el corto plazo",50.0
SYN-00896,Asia-Pacifico,<1MW,Enterprise,1132,1338,Reporte periodico + revision manual,27.67,3,Nunca se cruza la informacion,Cualquier responsable puede verlas juntas,44.33,Cooling<->Workload,"Solo estimacion aproximada, sin registro formal",Se revisa periodicamente (ej. anual),50.0,,,,Anual,16.5,"Nada, podriamos resolverlo",0,No es un bloqueante real,100.0
SYN-00897,Norteamerica,>20MW,Colocation,1270,3480,Reporte periodico + revision manual,19.33,3,Semanal,Solo un rol consolida manualmente,44.33,Energia<->Cooling,"No, es una apreciacion sin evidencia registrada",Se revisa periodicamente (ej. anual),25.0,,,,Nunca se remidio,0.0,Presupuesto; Falta de autoridad/politica interna,2,"Obstaculo fuerte, poco probable en el corto plazo",33.0
SYN-00898,Europa,5-20MW,Colocation,15,1134,No hay proceso definido,33.33,2,Diario,Cualquier responsable puede verlas juntas,80.67,Workload<->Energia,"Si, con reporte o medicion concreta",Se revisa activamente con cada cambio relevante,100.0,,,,Trimestral o semestral,33.5,Falta de autoridad/politica interna,1,Bloqueante estructural,33.5
SYN-00899,Norteamerica,<1MW,Edge,3269,54,Reporte periodico + revision manual,36.0,3,Nunca se cruza la informacion,Solo un rol consolida manualmente,27.67,Workload<->Energia,"Si, con reporte o medicion concreta",Se revisa activamente con cada cambio relevante,100.0,,,,Trimestral o semestral,33.5,Presupuesto; Falta de autoridad/politica interna,2,No es un bloqueante real,66.5
SYN-00900,Europa,<1MW,Hyperscale,1,1345,Reporte periodico + revision manual,52.67,3,Diario,Cualquier responsable puede verlas juntas,69.33,Energia<->Cooling,"Si, con reporte o medicion concreta",Nunca se reviso desde la percepcion inicial,50.0,,,,Nunca se remidio,0.0,Falta de herramientas tecnicas,1,"Obstaculo fuerte, poco probable en el corto plazo",50.0
SYN-00901,Latinoamerica,1-5MW,Hyperscale,31,1126,"Alertas automaticas, accion manual",55.67,3,Semanal,Solo un rol consolida manualmente,44.33,Energia<->Cooling,"No, es una apreciacion sin evidencia registrada",Nunca se reviso desde la percepcion inicial,0.0,52.58,43.96,16.39,Nunca se remidio,50.0,Falta de autoridad/politica interna,1,"Obstaculo moderado, resoluble con esfuerzo",67.0
SYN-00902,Asia-Pacifico,<1MW,Edge,35,33,Reporte periodico + revision manual,61.0,4,Diario,Cada equipo ve solo su capa,25.0,Energia<->Cooling,"No, es una apreciacion sin evidencia registrada",Nunca se reviso desde la percepcion inicial,0.0,15.09,12.45,17.5,Nunca se remidio,50.0,Presupuesto,1,"Obstaculo moderado, resoluble con esfuerzo",67.0
SYN-00903,Europa,>20MW,Hyperscale,907,281,Reporte periodico + revision manual,27.67,4,Mensual o mas espaciado,Cualquier responsable puede verlas juntas,41.67,Energia<->Cooling,"No, es una apreciacion sin evidencia registrada",Nunca se reviso desde la percepcion inicial,0.0,,,,Trimestral o semestral,33.5,"Nada, podriamos resolverlo",0,No es un bloqueante real,100.0
SYN-00904,Asia-Pacifico,1-5MW,Hyperscale,1197,1080,"Alertas automaticas, accion manual",39.0,4,Mensual o mas espaciado,Solo un rol consolida manualmente,25.0,Cooling<->Workload,"No, es una apreciacion sin evidencia registrada",Se revisa periodicamente (ej. anual),25.0,42.18,35.02,16.97,Nunca se remidio,50.0,Presupuesto,1,"Obstaculo fuerte, poco probable en el corto plazo",50.0
SYN-00905,Latinoamerica,>20MW,Colocation,965,433,"Alertas automaticas, accion manual",39.0,3,Semanal,Cada equipo ve solo su capa,27.67,Cooling<->Workload,"No, es una apreciacion sin evidencia registrada",Se revisa periodicamente (ej. anual),25.0,17.82,12.46,30.08,Anual,66.5,"Nada, podriamos resolverlo",0,No es un bloqueante real,100.0
SYN-00906,Medio Oriente/Africa,<1MW,Edge,182,45,Reporte periodico + revision manual,52.67,3,Nunca se cruza la informacion,Cualquier responsable puede verlas juntas,44.33,Cooling<->Workload,"No, es una apreciacion sin evidencia registrada",Se revisa periodicamente (ej. anual),25.0,,,,Nunca se remidio,0.0,Falta de autoridad/politica interna; Falta de personal capacitado,2,"Obstaculo fuerte, poco probable en el corto plazo",33.0
SYN-00907,Medio Oriente/Africa,5-20MW,Edge,191,44,No hay proceso definido,41.67,4,Diario,Solo un rol consolida manualmente,41.67,Energia<->Cooling,"Solo estimacion aproximada, sin registro formal",Nunca se reviso desde la percepcion inicial,25.0,,,,Anual,16.5,Falta de herramientas tecnicas,1,Bloqueante estructural,33.5
SYN-00908,Medio Oriente/Africa,<1MW,Enterprise,63,582,No hay proceso definido,25.0,3,Semanal,Cualquier responsable puede verlas juntas,61.0,No sabria decir,No aplica,No aplica,0.0,53.48,37.22,30.4,Nunca se remidio,50.0,Presupuesto,1,No es un bloqueante real,83.5
SYN-00909,Medio Oriente/Africa,1-5MW,Enterprise,758,87,No hay proceso definido,25.0,1,Nunca se cruza la informacion,Cada equipo ve solo su capa,33.33,Energia<->Cooling,"No, es una apreciacion sin evidencia registrada",Se revisa activamente con cada cambio relevante,50.0,,,,Nunca se remidio,0.0,Presupuesto; Falta de autoridad/politica interna,2,Bloqueante estructural,16.5
SYN-00910,Norteamerica,5-20MW,Edge,2409,3,No hay proceso definido,33.33,4,Tiempo real / continuo,Solo un rol consolida manualmente,50.0,Workload<->Energia,"No, es una apreciacion sin evidencia registrada",Nunca se reviso desde la percepcion inicial,0.0,,,,Nunca se remidio,0.0,Falta de personal capacitado,1,Bloqueante estructural,33.5
SYN-00911,Asia-Pacifico,>20MW,Enterprise,22,633,No hay proceso definido,33.33,4,Mensual o mas espaciado,Cada equipo ve solo su capa,8.33,Energia<->Cooling,"Solo estimacion aproximada, sin registro formal",Se revisa activamente con cada cambio relevante,75.0,,,,Nunca se remidio,0.0,Falta de personal capacitado,1,Bloqueante estructural,33.5
SYN-00912,Norteamerica,<1MW,Hyperscale,658,237,"Alertas automaticas, accion manual",47.33,2,Nunca se cruza la informacion,Solo un rol consolida manualmente,39.0,No sabria decir,No aplica,No aplica,0.0,36.53,27.73,24.09,Continuamente / en tiempo real,100.0,Presupuesto,1,Bloqueante estructural,33.5
SYN-00913,Asia-Pacifico,1-5MW,Enterprise,2988,55,"Alertas automaticas, accion manual",47.33,2,Semanal,Cada equipo ve solo su capa,39.0,Workload<->Energia,"Si, con reporte o medicion concreta",Nunca se reviso desde la percepcion inicial,50.0,,,,Trimestral o semestral,33.5,Falta de autoridad/politica interna; Falta de herramientas tecnicas; Falta de personal capacitado,3,Bloqueante estructural,0.0
SYN-00914,Asia-Pacifico,>20MW,Hyperscale,139,1037,Reporte periodico + revision manual,36.0,2,Nunca se cruza la informacion,Solo un rol consolida manualmente,39.0,Energia<->Cooling,"Solo estimacion aproximada, sin registro formal",Se revisa activamente con cada cambio relevante,75.0,,,,Nunca se remidio,0.0,Presupuesto; Falta de autoridad/politica interna; Falta de personal capacitado,3,"Obstaculo moderado, resoluble con esfuerzo",33.5
SYN-00915,Asia-Pacifico,5-20MW,Colocation,50,3881,"Automatizado, sin intervencion humana",58.33,3,Semanal,Cada equipo ve solo su capa,27.67,No sabria decir,No aplica,No aplica,0.0,,,,Continuamente / en tiempo real,50.0,"Nada, podriamos resolverlo",0,No es un bloqueante real,100.0
SYN-00916,Latinoamerica,>20MW,Colocation,130,1358,No hay proceso definido,25.0,3,Mensual o mas espaciado,Cada equipo ve solo su capa,19.33,Energia<->Cooling,"Solo estimacion aproximada, sin registro formal",Se revisa activamente con cada cambio relevante,75.0,,,,Trimestral o semestral,33.5,Falta de autoridad/politica interna; Falta de personal capacitado,2,"Obstaculo moderado, resoluble con esfuerzo",50.0
SYN-00917,Medio Oriente/Africa,5-20MW,Edge,82,75,Reporte periodico + revision manual,44.33,1,Nunca se cruza la informacion,Cualquier responsable puede verlas juntas,66.67,Energia<->Cooling,"Si, con reporte o medicion concreta",Se revisa periodicamente (ej. anual),75.0,,,,Anual,16.5,Falta de personal capacitado,1,"Obstaculo fuerte, poco probable en el corto plazo",50.0
SYN-00918,Medio Oriente/Africa,5-20MW,Hyperscale,3330,43,Reporte periodico + revision manual,36.0,4,Mensual o mas espaciado,Solo un rol consolida manualmente,25.0,Energia<->Cooling,"No, es una apreciacion sin evidencia registrada",Se revisa periodicamente (ej. anual),25.0,,,,Anual,16.5,Presupuesto; Falta de autoridad/politica interna; Falta de herramientas tecnicas; Falta de personal capacitado,4,"Obstaculo moderado, resoluble con esfuerzo",33.5
SYN-00919,Norteamerica,1-5MW,Colocation,3575,2187,Reporte periodico + revision manual,11.0,1,Mensual o mas espaciado,Cada equipo ve solo su capa,41.67,Energia<->Cooling,"No, es una apreciacion sin evidencia registrada",Se revisa activamente con cada cambio relevante,50.0,,,,Anual,16.5,Presupuesto; Falta de autoridad/politica interna,2,"Obstaculo moderado, resoluble con esfuerzo",50.0
SYN-00920,Norteamerica,5-20MW,Colocation,50,144,No hay proceso definido,41.67,2,Semanal,Solo un rol consolida manualmente,55.67,Workload<->Energia,"No, es una apreciacion sin evidencia registrada",Se revisa activamente con cada cambio relevante,50.0,,,,Nunca se remidio,0.0,Presupuesto; Falta de herramientas tecnicas; Falta de personal capacitado,3,"Obstaculo fuerte, poco probable en el corto plazo",16.5
SYN-00921,Norteamerica,>20MW,Edge,573,1055,Reporte periodico + revision manual,27.67,1,Semanal,Solo un rol consolida manualmente,66.67,Energia<->Cooling,"No, es una apreciacion sin evidencia registrada",Nunca se reviso desde la percepcion inicial,0.0,,,,Nunca se remidio,0.0,Presupuesto,1,"Obstaculo fuerte, poco probable en el corto plazo",50.0
SYN-00922,Norteamerica,<1MW,Hyperscale,4,1223,"Alertas automaticas, accion manual",64.0,1,Nunca se cruza la informacion,Cada equipo ve solo su capa,33.33,Workload<->Energia,"Solo estimacion aproximada, sin registro formal",Se revisa activamente con cada cambio relevante,75.0,36.48,29.52,19.08,Trimestral o semestral,83.5,Falta de autoridad/politica interna,1,"Obstaculo fuerte, poco probable en el corto plazo",50.0
SYN-00923,Medio Oriente/Africa,>20MW,Enterprise,204,2960,No hay proceso definido,16.67,4,Semanal,Cada equipo ve solo su capa,16.67,Energia<->Cooling,"Solo estimacion aproximada, sin registro formal",Nunca se reviso desde la percepcion inicial,25.0,,,,Nunca se remidio,0.0,Presupuesto; Falta de autoridad/politica interna,2,"Obstaculo fuerte, poco probable en el corto plazo",33.0
SYN-00924,Medio Oriente/Africa,<1MW,Colocation,199,44,No hay proceso definido,41.67,3,Diario,Cualquier responsable puede verlas juntas,69.33,Energia<->Cooling,"No, es una apreciacion sin evidencia registrada",Se revisa periodicamente (ej. anual),25.0,,,,Nunca se remidio,0.0,Falta de personal capacitado,1,"Obstaculo fuerte, poco probable en el corto plazo",50.0
SYN-00925,Europa,>20MW,Hyperscale,52,68,"Alertas automaticas, accion manual",64.0,3,Nunca se cruza la informacion,Cada equipo ve solo su capa,11.0,Energia<->Cooling,"Si, con reporte o medicion concreta",Se revisa periodicamente (ej. anual),75.0,,,,Anual,16.5,Presupuesto; Falta de autoridad/politica interna,2,Bloqueante estructural,16.5
SYN-00926,Norteamerica,1-5MW,Hyperscale,208,2,"Alertas automaticas, accion manual",72.33,4,Nunca se cruza la informacion,Cada equipo ve solo su capa,0.0,Energia<->Cooling,"No, es una apreciacion sin evidencia registrada",Se revisa activamente con cada cambio relevante,50.0,,,,Anual,16.5,Presupuesto,1,"Obstaculo fuerte, poco probable en el corto plazo",50.0
SYN-00927,Asia-Pacifico,1-5MW,Colocation,281,489,"Alertas automaticas, accion manual",39.0,2,Mensual o mas espaciado,Cualquier responsable puede verlas juntas,64.0,No sabria decir,No aplica,No aplica,0.0,,,,Nunca se remidio,0.0,Falta de autoridad/politica interna,1,"Obstaculo moderado, resoluble con esfuerzo",67.0
SYN-00928,Latinoamerica,<1MW,Hyperscale,912,1854,No hay proceso definido,8.33,3,Tiempo real / continuo,Solo un rol consolida manualmente,61.0,Workload<->Energia,"Solo estimacion aproximada, sin registro formal",Nunca se reviso desde la percepcion inicial,25.0,6.04,5.02,16.89,Anual,66.5,"Nada, podriamos resolverlo",0,No es un bloqueante real,100.0
SYN-00929,Latinoamerica,1-5MW,Edge,50,214,Reporte periodico + revision manual,52.67,2,Semanal,Cada equipo ve solo su capa,39.0,Energia<->Cooling,"Si, con reporte o medicion concreta",Se revisa periodicamente (ej. anual),75.0,,,,Nunca se remidio,0.0,Falta de herramientas tecnicas,1,"Obstaculo moderado, resoluble con esfuerzo",67.0
SYN-00930,Europa,<1MW,Enterprise,2979,185,Reporte periodico + revision manual,27.67,3,Nunca se cruza la informacion,Cualquier responsable puede verlas juntas,44.33,Energia<->Cooling,"Solo estimacion aproximada, sin registro formal",Nunca se reviso desde la percepcion inicial,25.0,,,,Nunca se remidio,0.0,Falta de personal capacitado,1,No es un bloqueante real,83.5
SYN-00931,Europa,>20MW,Edge,148,2649,"Alertas automaticas, accion manual",39.0,1,Nunca se cruza la informacion,Solo un rol consolida manualmente,50.0,Workload<->Energia,"No, es una apreciacion sin evidencia registrada",Se revisa activamente con cada cambio relevante,50.0,,,,Nunca se remidio,0.0,"Nada, podriamos resolverlo",0,No es un bloqueante real,100.0
SYN-00932,Asia-Pacifico,5-20MW,Edge,1616,1950,"Automatizado, sin intervencion humana",33.33,3,Mensual o mas espaciado,Cualquier responsable puede verlas juntas,52.67,No sabria decir,No aplica,No aplica,0.0,10.28,8.72,15.18,Nunca se remidio,50.0,Presupuesto; Falta de autoridad/politica interna,2,"Obstaculo fuerte, poco probable en el corto plazo",33.0
SYN-00933,Medio Oriente/Africa,1-5MW,Enterprise,285,1418,No hay proceso definido,16.67,3,Semanal,Cada equipo ve solo su capa,27.67,Workload<->Energia,"No, es una apreciacion sin evidencia registrada",Nunca se reviso desde la percepcion inicial,0.0,,,,Nunca se remidio,0.0,Falta de autoridad/politica interna,1,Bloqueante estructural,33.5
SYN-00934,Medio Oriente/Africa,>20MW,Enterprise,2877,51,"Alertas automaticas, accion manual",47.33,4,Semanal,Cada equipo ve solo su capa,16.67,Cooling<->Workload,"No, es una apreciacion sin evidencia registrada",Se revisa activamente con cada cambio relevante,50.0,,,,Trimestral o semestral,33.5,"Nada, podriamos resolverlo",0,No es un bloqueante real,100.0
SYN-00935,Norteamerica,<1MW,Edge,2550,312,"Alertas automaticas, accion manual",30.67,4,Mensual o mas espaciado,Cada equipo ve solo su capa,8.33,No sabria decir,No aplica,No aplica,0.0,,,,Trimestral o semestral,33.5,Presupuesto,1,"Obstaculo fuerte, poco probable en el corto plazo",50.0
SYN-00936,Europa,>20MW,Enterprise,1161,2,"Automatizado, sin intervencion humana",75.0,3,Mensual o mas espaciado,Cada equipo ve solo su capa,19.33,Energia<->Cooling,"No, es una apreciacion sin evidencia registrada",Se revisa activamente con cada cambio relevante,50.0,,,,Nunca se remidio,0.0,Falta de autoridad/politica interna; Falta de herramientas tecnicas; Falta de personal capacitado,3,"Obstaculo moderado, resoluble con esfuerzo",33.5
SYN-00937,Europa,<1MW,Enterprise,60,20,No hay proceso definido,50.0,3,Mensual o mas espaciado,Solo un rol consolida manualmente,36.0,Cooling<->Workload,"Si, con reporte o medicion concreta",Nunca se reviso desde la percepcion inicial,50.0,5.28,3.88,26.52,Nunca se remidio,50.0,Falta de herramientas tecnicas,1,"Obstaculo moderado, resoluble con esfuerzo",67.0
SYN-00938,Asia-Pacifico,1-5MW,Hyperscale,36,874,"Automatizado, sin intervencion humana",66.67,3,Diario,Cada equipo ve solo su capa,36.0,Cooling<->Workload,"Solo estimacion aproximada, sin registro formal",Nunca se reviso desde la percepcion inicial,25.0,,,,Anual,16.5,"Nada, podriamos resolverlo",0,No es un bloqueante real,100.0
SYN-00939,Europa,1-5MW,Colocation,187,2031,"Alertas automaticas, accion manual",39.0,1,Nunca se cruza la informacion,Cada equipo ve solo su capa,33.33,Workload<->Energia,"Solo estimacion aproximada, sin registro formal",Se revisa activamente con cada cambio relevante,75.0,,,,Nunca se remidio,0.0,Presupuesto; Falta de autoridad/politica interna; Falta de personal capacitado,3,"Obstaculo fuerte, poco probable en el corto plazo",16.5
SYN-00940,Norteamerica,>20MW,Hyperscale,31,228,"Alertas automaticas, accion manual",64.0,4,Diario,Cualquier responsable puede verlas juntas,58.33,Cooling<->Workload,"No, es una apreciacion sin evidencia registrada",Se revisa periodicamente (ej. anual),25.0,,,,Anual,16.5,Presupuesto; Falta de herramientas tecnicas,2,"Obstaculo fuerte, poco probable en el corto plazo",33.0
SYN-00941,Norteamerica,5-20MW,Edge,882,0,Reporte periodico + revision manual,52.67,2,Nunca se cruza la informacion,Cada equipo ve solo su capa,22.33,Energia<->Cooling,"No, es una apreciacion sin evidencia registrada",Se revisa periodicamente (ej. anual),25.0,,,,Trimestral o semestral,33.5,Falta de herramientas tecnicas; Falta de personal capacitado,2,"Obstaculo moderado, resoluble con esfuerzo",50.0
SYN-00942,Latinoamerica,<1MW,Edge,4124,97,"Alertas automaticas, accion manual",39.0,1,Nunca se cruza la informacion,Solo un rol consolida manualmente,50.0,No sabria decir,No aplica,No aplica,0.0,,,,Nunca se remidio,0.0,Falta de herramientas tecnicas; Falta de personal capacitado,2,Bloqueante estructural,16.5
SYN-00943,Norteamerica,>20MW,Hyperscale,868,74,No hay proceso definido,25.0,2,Semanal,Solo un rol consolida manualmente,55.67,Workload<->Energia,"No, es una apreciacion sin evidencia registrada",Se revisa activamente con cada cambio relevante,50.0,,,,Continuamente / en tiempo real,50.0,Presupuesto; Falta de autoridad/politica interna; Falta de herramientas tecnicas,3,"Obstaculo moderado, resoluble con esfuerzo",33.5
SYN-00944,Norteamerica,1-5MW,Hyperscale,865,1154,No hay proceso definido,16.67,3,Diario,Cada equipo ve solo su capa,36.0,Energia<->Cooling,"Solo estimacion aproximada, sin registro formal",Nunca se reviso desde la percepcion inicial,25.0,,,,Continuamente / en tiempo real,50.0,Falta de herramientas tecnicas,1,Bloqueante estructural,33.5
SYN-00945,Medio Oriente/Africa,<1MW,Colocation,149,2911,Reporte periodico + revision manual,27.67,3,Semanal,Cualquier responsable puede verlas juntas,61.0,Energia<->Cooling,"No, es una apreciacion sin evidencia registrada",Se revisa periodicamente (ej. anual),25.0,,,,Nunca se remidio,0.0,Falta de autoridad/politica interna,1,Bloqueante estructural,33.5
SYN-00946,Asia-Pacifico,>20MW,Enterprise,1117,1293,No hay proceso definido,16.67,2,Mensual o mas espaciado,Cada equipo ve solo su capa,30.67,No sabria decir,No aplica,No aplica,0.0,,,,Trimestral o semestral,33.5,Presupuesto; Falta de autoridad/politica interna,2,"Obstaculo fuerte, poco probable en el corto plazo",33.0
SYN-00947,Norteamerica,<1MW,Hyperscale,1402,33,Reporte periodico + revision manual,44.33,1,Mensual o mas espaciado,Cada equipo ve solo su capa,41.67,Cooling<->Workload,"No, es una apreciacion sin evidencia registrada",Nunca se reviso desde la percepcion inicial,0.0,,,,Anual,16.5,"Nada, podriamos resolverlo",0,No es un bloqueante real,100.0
SYN-00948,Europa,5-20MW,Enterprise,794,71,Reporte periodico + revision manual,36.0,2,Mensual o mas espaciado,Cada equipo ve solo su capa,30.67,Energia<->Cooling,"Solo estimacion aproximada, sin registro formal",Se revisa activamente con cada cambio relevante,75.0,,,,Trimestral o semestral,33.5,Falta de autoridad/politica interna,1,"Obstaculo fuerte, poco probable en el corto plazo",50.0
SYN-00949,Norteamerica,5-20MW,Enterprise,1,245,"Automatizado, sin intervencion humana",75.0,1,Mensual o mas espaciado,Solo un rol consolida manualmente,58.33,Energia<->Cooling,"No, es una apreciacion sin evidencia registrada",Se revisa periodicamente (ej. anual),25.0,8.45,5.73,32.19,Nunca se remidio,50.0,Falta de herramientas tecnicas; Falta de personal capacitado,2,Bloqueante estructural,16.5
SYN-00950,Norteamerica,<1MW,Edge,552,2009,No hay proceso definido,8.33,2,Mensual o mas espaciado,Cada equipo ve solo su capa,30.67,Workload<->Energia,"No, es una apreciacion sin evidencia registrada",Nunca se reviso desde la percepcion inicial,0.0,,,,Nunca se remidio,0.0,Presupuesto; Falta de autoridad/politica interna,2,"Obstaculo fuerte, poco probable en el corto plazo",33.0
SYN-00951,Norteamerica,>20MW,Edge,3032,73,"Automatizado, sin intervencion humana",50.0,3,Nunca se cruza la informacion,Cada equipo ve solo su capa,11.0,Energia<->Cooling,"Solo estimacion aproximada, sin registro formal",Se revisa periodicamente (ej. anual),50.0,,,,Nunca se remidio,0.0,Presupuesto,1,"Obstaculo moderado, resoluble con esfuerzo",67.0
SYN-00952,Norteamerica,5-20MW,Enterprise,97,873,"Alertas automaticas, accion manual",47.33,1,Mensual o mas espaciado,Cada equipo ve solo su capa,41.67,Workload<->Energia,"Si, con reporte o medicion concreta",Se revisa periodicamente (ej. anual),75.0,,,,Trimestral o semestral,33.5,Presupuesto,1,"Obstaculo fuerte, poco probable en el corto plazo",50.0
SYN-00953,Asia-Pacifico,5-20MW,Edge,98,436,"Automatizado, sin intervencion humana",58.33,2,Nunca se cruza la informacion,Cada equipo ve solo su capa,22.33,Workload<->Energia,"No, es una apreciacion sin evidencia registrada",Se revisa periodicamente (ej. anual),25.0,31.41,24.25,22.8,Nunca se remidio,50.0,"Nada, podriamos resolverlo",0,No es un bloqueante real,100.0
SYN-00954,Norteamerica,1-5MW,Edge,39,78,Reporte periodico + revision manual,52.67,3,Nunca se cruza la informacion,Solo un rol consolida manualmente,27.67,Workload<->Energia,"Solo estimacion aproximada, sin registro formal",Nunca se reviso desde la percepcion inicial,25.0,,,,Trimestral o semestral,33.5,Falta de autoridad/politica interna; Falta de personal capacitado,2,"Obstaculo moderado, resoluble con esfuerzo",50.0
SYN-00955,Medio Oriente/Africa,<1MW,Colocation,920,13,No hay proceso definido,33.33,4,Mensual o mas espaciado,Cada equipo ve solo su capa,8.33,No sabria decir,No aplica,No aplica,0.0,,,,Continuamente / en tiempo real,50.0,Falta de herramientas tecnicas; Falta de personal capacitado,2,"Obstaculo fuerte, poco probable en el corto plazo",33.0
SYN-00956,Europa,1-5MW,Hyperscale,165,0,"Alertas automaticas, accion manual",72.33,2,Diario,Cualquier responsable puede verlas juntas,80.67,Energia<->Cooling,"No, es una apreciacion sin evidencia registrada",Nunca se reviso desde la percepcion inicial,0.0,54.44,54.25,0.35,Nunca se remidio,50.0,Presupuesto; Falta de autoridad/politica interna; Falta de herramientas tecnicas,3,Bloqueante estructural,0.0
SYN-00957,Asia-Pacifico,<1MW,Edge,1132,700,No hay proceso definido,16.67,4,Mensual o mas espaciado,Cada equipo ve solo su capa,8.33,Energia<->Cooling,"Solo estimacion aproximada, sin registro formal",Se revisa activamente con cada cambio relevante,75.0,,,,Nunca se remidio,0.0,Falta de personal capacitado,1,"Obstaculo fuerte, poco probable en el corto plazo",50.0
SYN-00958,Latinoamerica,<1MW,Hyperscale,922,154,Reporte periodico + revision manual,36.0,3,Mensual o mas espaciado,Solo un rol consolida manualmente,36.0,Workload<->Energia,"Solo estimacion aproximada, sin registro formal",Se revisa activamente con cada cambio relevante,75.0,34.38,30.1,12.45,Anual,66.5,Presupuesto; Falta de herramientas tecnicas,2,Bloqueante estructural,16.5
SYN-00959,Europa,>20MW,Colocation,61,1097,No hay proceso definido,25.0,3,Semanal,Cada equipo ve solo su capa,27.67,Cooling<->Workload,"Solo estimacion aproximada, sin registro formal",Se revisa activamente con cada cambio relevante,75.0,,,,Nunca se remidio,0.0,"Nada, podriamos resolverlo",0,No es un bloqueante real,100.0
SYN-00960,Latinoamerica,5-20MW,Enterprise,405,1425,"Automatizado, sin intervencion humana",50.0,2,Tiempo real / continuo,Solo un rol consolida manualmente,72.33,No sabria decir,No aplica,No aplica,0.0,,,,Anual,16.5,Falta de personal capacitado,1,"Obstaculo moderado, resoluble con esfuerzo",67.0
SYN-00961,Asia-Pacifico,1-5MW,Enterprise,52,157,Reporte periodico + revision manual,52.67,4,Diario,Solo un rol consolida manualmente,41.67,Workload<->Energia,"No, es una apreciacion sin evidencia registrada",Nunca se reviso desde la percepcion inicial,0.0,,,,Trimestral o semestral,33.5,Presupuesto; Falta de herramientas tecnicas,2,"Obstaculo fuerte, poco probable en el corto plazo",33.0
SYN-00962,Asia-Pacifico,<1MW,Hyperscale,51,641,Reporte periodico + revision manual,44.33,1,Diario,Solo un rol consolida manualmente,75.0,Workload<->Energia,"Solo estimacion aproximada, sin registro formal",Se revisa periodicamente (ej. anual),50.0,,,,Nunca se remidio,0.0,Presupuesto; Falta de personal capacitado,2,"Obstaculo moderado, resoluble con esfuerzo",50.0
SYN-00963,Medio Oriente/Africa,5-20MW,Edge,1070,65,Reporte periodico + revision manual,36.0,1,Diario,Cualquier responsable puede verlas juntas,91.67,Energia<->Cooling,"No, es una apreciacion sin evidencia registrada",Se revisa periodicamente (ej. anual),25.0,45.49,30.16,33.7,Trimestral o semestral,83.5,Presupuesto; Falta de herramientas tecnicas,2,Bloqueante estructural,16.5
SYN-00964,Latinoamerica,<1MW,Colocation,446,1275,Reporte periodico + revision manual,27.67,4,Semanal,Cualquier responsable puede verlas juntas,50.0,Workload<->Energia,"Si, con reporte o medicion concreta",Se revisa periodicamente (ej. anual),75.0,,,,Nunca se remidio,0.0,Falta de autoridad/politica interna; Falta de herramientas tecnicas; Falta de personal capacitado,3,Bloqueante estructural,0.0
SYN-00965,Europa,5-20MW,Edge,2426,50,Reporte periodico + revision manual,36.0,1,Nunca se cruza la informacion,Cada equipo ve solo su capa,33.33,Cooling<->Workload,"Si, con reporte o medicion concreta",Nunca se reviso desde la percepcion inicial,50.0,,,,Nunca se remidio,0.0,Falta de autoridad/politica interna,1,"Obstaculo fuerte, poco probable en el corto plazo",50.0
SYN-00966,Norteamerica,5-20MW,Hyperscale,824,4046,Reporte periodico + revision manual,19.33,3,Nunca se cruza la informacion,Cada equipo ve solo su capa,11.0,Workload<->Energia,"Si, con reporte o medicion concreta",Nunca se reviso desde la percepcion inicial,50.0,,,,Anual,16.5,Presupuesto; Falta de autoridad/politica interna; Falta de personal capacitado,3,"Obstaculo fuerte, poco probable en el corto plazo",16.5
SYN-00967,Latinoamerica,<1MW,Edge,35,356,No hay proceso definido,33.33,3,Nunca se cruza la informacion,Cualquier responsable puede verlas juntas,44.33,Energia<->Cooling,"No, es una apreciacion sin evidencia registrada",Se revisa activamente con cada cambio relevante,50.0,,,,Nunca se remidio,0.0,Presupuesto,1,"Obstaculo fuerte, poco probable en el corto plazo",50.0
SYN-00968,Latinoamerica,5-20MW,Edge,488,1234,Reporte periodico + revision manual,27.67,2,Semanal,Solo un rol consolida manualmente,55.67,Workload<->Energia,"No, es una apreciacion sin evidencia registrada",Se revisa activamente con cada cambio relevante,50.0,,,,Anual,16.5,"Nada, podriamos resolverlo",0,No es un bloqueante real,100.0
SYN-00969,Medio Oriente/Africa,<1MW,Hyperscale,22,841,"Alertas automaticas, accion manual",55.67,4,Semanal,Solo un rol consolida manualmente,33.33,Energia<->Cooling,"No, es una apreciacion sin evidencia registrada",Se revisa activamente con cada cambio relevante,50.0,,,,Nunca se remidio,0.0,Presupuesto,1,"Obstaculo fuerte, poco probable en el corto plazo",50.0
SYN-00970,Latinoamerica,>20MW,Hyperscale,174,971,"Automatizado, sin intervencion humana",58.33,3,Diario,Cada equipo ve solo su capa,36.0,No sabria decir,No aplica,No aplica,0.0,,,,Nunca se remidio,0.0,Falta de herramientas tecnicas; Falta de personal capacitado,2,"Obstaculo moderado, resoluble con esfuerzo",50.0
SYN-00971,Latinoamerica,5-20MW,Colocation,62,260,"Alertas automaticas, accion manual",47.33,3,Nunca se cruza la informacion,Cada equipo ve solo su capa,11.0,Workload<->Energia,"No, es una apreciacion sin evidencia registrada",Nunca se reviso desde la percepcion inicial,0.0,51.22,36.44,28.86,Nunca se remidio,50.0,"Nada, podriamos resolverlo",0,No es un bloqueante real,100.0
SYN-00972,Asia-Pacifico,5-20MW,Hyperscale,63,88,No hay proceso definido,33.33,3,Nunca se cruza la informacion,Cada equipo ve solo su capa,11.0,Energia<->Cooling,"Solo estimacion aproximada, sin registro formal",Se revisa activamente con cada cambio relevante,75.0,,,,Continuamente / en tiempo real,50.0,Presupuesto; Falta de autoridad/politica interna,2,"Obstaculo fuerte, poco probable en el corto plazo",33.0
SYN-00973,Asia-Pacifico,>20MW,Colocation,218,2394,Reporte periodico + revision manual,27.67,1,Tiempo real / continuo,Cualquier responsable puede verlas juntas,100.0,Energia<->Cooling,"No, es una apreciacion sin evidencia registrada",Nunca se reviso desde la percepcion inicial,0.0,,,,Nunca se remidio,0.0,Presupuesto,1,Bloqueante estructural,33.5
SYN-00974,Norteamerica,5-20MW,Edge,147,89,"Alertas automaticas, accion manual",55.67,4,Nunca se cruza la informacion,Cada equipo ve solo su capa,0.0,Energia<->Cooling,"Si, con reporte o medicion concreta",Se revisa periodicamente (ej. anual),75.0,,,,Nunca se remidio,0.0,Presupuesto; Falta de autoridad/politica interna; Falta de herramientas tecnicas,3,Bloqueante estructural,0.0
SYN-00975,Norteamerica,>20MW,Colocation,159,2,No hay proceso definido,50.0,3,Mensual o mas espaciado,Cada equipo ve solo su capa,19.33,Workload<->Energia,"Solo estimacion aproximada, sin registro formal",Se revisa periodicamente (ej. anual),50.0,22.77,18.05,20.73,Trimestral o semestral,83.5,"Nada, podriamos resolverlo",0,No es un bloqueante real,100.0
SYN-00976,Latinoamerica,1-5MW,Edge,366,185,Reporte periodico + revision manual,36.0,4,Mensual o mas espaciado,Cada equipo ve solo su capa,8.33,Workload<->Energia,"Solo estimacion aproximada, sin registro formal",Se revisa activamente con cada cambio relevante,75.0,,,,Nunca se remidio,0.0,Falta de personal capacitado,1,"Obstaculo moderado, resoluble con esfuerzo",67.0
SYN-00977,Asia-Pacifico,>20MW,Edge,3287,39,No hay proceso definido,25.0,4,Semanal,Solo un rol consolida manualmente,33.33,Energia<->Cooling,"Solo estimacion aproximada, sin registro formal",Nunca se reviso desde la percepcion inicial,25.0,,,,Trimestral o semestral,33.5,"Nada, podriamos resolverlo",0,No es un bloqueante real,100.0
SYN-00978,Europa,>20MW,Edge,96,93,"Alertas automaticas, accion manual",55.67,3,Mensual o mas espaciado,Cada equipo ve solo su capa,19.33,Workload<->Energia,"Solo estimacion aproximada, sin registro formal",Nunca se reviso desde la percepcion inicial,25.0,17.27,13.27,23.16,Nunca se remidio,50.0,Presupuesto; Falta de autoridad/politica interna; Falta de personal capacitado,3,"Obstaculo fuerte, poco probable en el corto plazo",16.5
SYN-00979,Asia-Pacifico,1-5MW,Enterprise,0,537,Reporte periodico + revision manual,52.67,3,Mensual o mas espaciado,Cada equipo ve solo su capa,19.33,Energia<->Cooling,"No, es una apreciacion sin evidencia registrada",Se revisa periodicamente (ej. anual),25.0,,,,Continuamente / en tiempo real,50.0,Presupuesto,1,"Obstaculo fuerte, poco probable en el corto plazo",50.0
SYN-00980,Medio Oriente/Africa,>20MW,Edge,946,172,No hay proceso definido,25.0,3,Nunca se cruza la informacion,Solo un rol consolida manualmente,27.67,Workload<->Energia,"Solo estimacion aproximada, sin registro formal",Nunca se reviso desde la percepcion inicial,25.0,,,,Nunca se remidio,0.0,Falta de autoridad/politica interna; Falta de personal capacitado,2,"Obstaculo fuerte, poco probable en el corto plazo",33.0
SYN-00981,Europa,1-5MW,Edge,54,35,No hay proceso definido,50.0,3,Mensual o mas espaciado,Cada equipo ve solo su capa,19.33,No sabria decir,No aplica,No aplica,0.0,11.53,8.84,23.33,Nunca se remidio,50.0,Presupuesto; Falta de autoridad/politica interna,2,"Obstaculo fuerte, poco probable en el corto plazo",33.0
SYN-00982,Norteamerica,5-20MW,Colocation,3181,1473,"Alertas automaticas, accion manual",22.33,4,Diario,Cualquier responsable puede verlas juntas,58.33,Energia<->Cooling,"Solo estimacion aproximada, sin registro formal",Nunca se reviso desde la percepcion inicial,25.0,,,,Anual,16.5,Presupuesto; Falta de herramientas tecnicas,2,"Obstaculo moderado, resoluble con esfuerzo",50.0
SYN-00983,Norteamerica,<1MW,Edge,387,280,No hay proceso definido,16.67,4,Diario,Cada equipo ve solo su capa,25.0,Cooling<->Workload,"No, es una apreciacion sin evidencia registrada",Nunca se reviso desde la percepcion inicial,0.0,,,,Nunca se remidio,0.0,Presupuesto; Falta de autoridad/politica interna; Falta de herramientas tecnicas,3,"Obstaculo moderado, resoluble con esfuerzo",33.5
SYN-00984,Asia-Pacifico,>20MW,Colocation,3245,23,No hay proceso definido,25.0,3,Semanal,Cada equipo ve solo su capa,27.67,Cooling<->Workload,"No, es una apreciacion sin evidencia registrada",Se revisa activamente con cada cambio relevante,50.0,,,,Nunca se remidio,0.0,Presupuesto; Falta de autoridad/politica interna,2,Bloqueante estructural,16.5
SYN-00985,Medio Oriente/Africa,5-20MW,Hyperscale,689,701,"Alertas automaticas, accion manual",39.0,3,Nunca se cruza la informacion,Solo un rol consolida manualmente,27.67,Cooling<->Workload,"Si, con reporte o medicion concreta",Nunca se reviso desde la percepcion inicial,50.0,24.48,20.1,17.89,Anual,66.5,Presupuesto,1,"Obstaculo moderado, resoluble con esfuerzo",67.0
SYN-00986,Latinoamerica,>20MW,Edge,145,3299,No hay proceso definido,16.67,3,Semanal,Cada equipo ve solo su capa,27.67,Cooling<->Workload,"Solo estimacion aproximada, sin registro formal",Nunca se reviso desde la percepcion inicial,25.0,,,,Continuamente / en tiempo real,50.0,"Nada, podriamos resolverlo",0,No es un bloqueante real,100.0
SYN-00987,Norteamerica,>20MW,Edge,3131,1529,"Alertas automaticas, accion manual",22.33,3,Mensual o mas espaciado,Cada equipo ve solo su capa,19.33,Cooling<->Workload,"No, es una apreciacion sin evidencia registrada",Se revisa activamente con cada cambio relevante,50.0,12.8,9.05,29.3,Nunca se remidio,50.0,Presupuesto; Falta de personal capacitado,2,"Obstaculo fuerte, poco probable en el corto plazo",33.0
SYN-00988,Norteamerica,1-5MW,Colocation,2868,2453,"Alertas automaticas, accion manual",22.33,1,Diario,Solo un rol consolida manualmente,75.0,Energia<->Cooling,"No, es una apreciacion sin evidencia registrada",Nunca se reviso desde la percepcion inicial,0.0,,,,Anual,16.5,Falta de autoridad/politica interna; Falta de personal capacitado,2,"Obstaculo moderado, resoluble con esfuerzo",50.0
SYN-00989,Asia-Pacifico,<1MW,Colocation,3820,1376,No hay proceso definido,8.33,2,Nunca se cruza la informacion,Cada equipo ve solo su capa,22.33,Workload<->Energia,"Solo estimacion aproximada, sin registro formal",Nunca se reviso desde la percepcion inicial,25.0,,,,Trimestral o semestral,33.5,Falta de herramientas tecnicas,1,No es un bloqueante real,83.5
SYN-00990,Medio Oriente/Africa,1-5MW,Hyperscale,56,130,"Automatizado, sin intervencion humana",75.0,4,Diario,Cada equipo ve solo su capa,25.0,Workload<->Energia,"Solo estimacion aproximada, sin registro formal",Nunca se reviso desde la percepcion inicial,25.0,,,,Nunca se remidio,0.0,Falta de autoridad/politica interna; Falta de herramientas tecnicas,2,"Obstaculo moderado, resoluble con esfuerzo",50.0
SYN-00991,Latinoamerica,>20MW,Enterprise,810,6,Reporte periodico + revision manual,44.33,3,Nunca se cruza la informacion,Cada equipo ve solo su capa,11.0,Cooling<->Workload,"No, es una apreciacion sin evidencia registrada",Se revisa periodicamente (ej. anual),25.0,,,,Continuamente / en tiempo real,50.0,Presupuesto; Falta de autoridad/politica interna; Falta de herramientas tecnicas; Falta de personal capacitado,4,"Obstaculo fuerte, poco probable en el corto plazo",16.5
SYN-00992,Europa,>20MW,Colocation,2563,550,No hay proceso definido,8.33,3,Nunca se cruza la informacion,Solo un rol consolida manualmente,27.67,Energia<->Cooling,"No, es una apreciacion sin evidencia registrada",Nunca se reviso desde la percepcion inicial,0.0,,,,Anual,16.5,Presupuesto; Falta de herramientas tecnicas,2,"Obstaculo moderado, resoluble con esfuerzo",50.0
SYN-00993,Medio Oriente/Africa,5-20MW,Enterprise,2548,16,No hay proceso definido,25.0,1,Mensual o mas espaciado,Cada equipo ve solo su capa,41.67,Energia<->Cooling,"Solo estimacion aproximada, sin registro formal",Se revisa periodicamente (ej. anual),50.0,,,,Trimestral o semestral,33.5,Falta de autoridad/politica interna; Falta de herramientas tecnicas,2,"Obstaculo fuerte, poco probable en el corto plazo",33.0
SYN-00994,Latinoamerica,>20MW,Edge,775,500,Reporte periodico + revision manual,27.67,3,Nunca se cruza la informacion,Solo un rol consolida manualmente,27.67,Energia<->Cooling,"Solo estimacion aproximada, sin registro formal",Nunca se reviso desde la percepcion inicial,25.0,,,,Nunca se remidio,0.0,Presupuesto,1,"Obstaculo fuerte, poco probable en el corto plazo",50.0
SYN-00995,Norteamerica,5-20MW,Edge,1124,1023,No hay proceso definido,16.67,2,Semanal,Solo un rol consolida manualmente,55.67,Energia<->Cooling,"No, es una apreciacion sin evidencia registrada",Nunca se reviso desde la percepcion inicial,0.0,,,,Anual,16.5,Falta de autoridad/politica interna,1,"Obstaculo fuerte, poco probable en el corto plazo",50.0
SYN-00996,Latinoamerica,5-20MW,Hyperscale,2807,976,No hay proceso definido,8.33,3,Nunca se cruza la informacion,Cada equipo ve solo su capa,11.0,No sabria decir,No aplica,No aplica,0.0,,,,Anual,16.5,Falta de autoridad/politica interna; Falta de personal capacitado,2,"Obstaculo fuerte, poco probable en el corto plazo",33.0
SYN-00997,Latinoamerica,>20MW,Colocation,585,116,No hay proceso definido,25.0,3,Semanal,Solo un rol consolida manualmente,44.33,Workload<->Energia,"Solo estimacion aproximada, sin registro formal",Nunca se reviso desde la percepcion inicial,25.0,52.44,38.74,26.13,Continuamente / en tiempo real,100.0,Presupuesto; Falta de autoridad/politica interna,2,"Obstaculo fuerte, poco probable en el corto plazo",33.0
SYN-00998,Europa,5-20MW,Edge,32,54,"Alertas automaticas, accion manual",72.33,2,Tiempo real / continuo,Cada equipo ve solo su capa,55.67,Energia<->Cooling,"Solo estimacion aproximada, sin registro formal",Nunca se reviso desde la percepcion inicial,25.0,35.04,26.96,23.06,Continuamente / en tiempo real,100.0,Falta de herramientas tecnicas,1,No es un bloqueante real,83.5
SYN-00999,Latinoamerica,>20MW,Hyperscale,148,1656,No hay proceso definido,16.67,3,Diario,Cualquier responsable puede verlas juntas,69.33,Workload<->Energia,"No, es una apreciacion sin evidencia registrada",Se revisa activamente con cada cambio relevante,50.0,6.34,4.84,23.66,Nunca se remidio,50.0,Presupuesto; Falta de autoridad/politica interna; Falta de personal capacitado,3,"Obstaculo fuerte, poco probable en el corto plazo",16.5
SYN-01000,Europa,1-5MW,Enterprise,1824,43,"Alertas automaticas, accion manual",47.33,4,Mensual o mas espaciado,Solo un rol consolida manualmente,25.0,Energia<->Cooling,"Solo estimacion aproximada, sin registro formal",Se revisa periodicamente (ej. anual),50.0,,,,Anual,16.5,Presupuesto; Falta de autoridad/politica interna,2,Bloqueante estructural,16.5
